power_id,sim_id,trial_id,p_diff,n_raters,scores_per_r,total_scores,propz_pval,bht_pval,seed
0,0,0,0.07,80,38,3040,0.0422203586821293,0.004,42
0,0,167,0.07,80,38,3040,0.0107941248683729,0.007,209
0,0,501,0.07,80,38,3040,7.715033541660958e-06,0.0,543
0,0,334,0.07,80,38,3040,7.631917827498563e-10,0.0,376
0,0,502,0.07,80,38,3040,0.000283599449036,0.0,544
0,0,503,0.07,80,38,3040,3.948469131958497e-08,0.0,545
0,0,1,0.07,80,38,3040,8.8979844324236e-07,0.0,43
0,0,504,0.07,80,38,3040,0.0368019981495108,0.025,546
0,0,505,0.07,80,38,3040,4.700735520919577e-07,0.0,547
0,0,834,0.07,80,38,3040,0.0006272136346396,0.002,876
0,0,168,0.07,80,38,3040,7.190968629294876e-05,0.0,210
0,0,506,0.07,80,38,3040,0.000150890939927,0.0,548
0,0,2,0.07,80,38,3040,0.0006340626948968,0.0,44
0,0,507,0.07,80,38,3040,0.0001099972772414,0.0,549
0,0,335,0.07,80,38,3040,1.5129865169583773e-06,0.0,377
0,0,508,0.07,80,38,3040,7.754303489575036e-09,0.0,550
0,0,668,0.07,80,38,3040,0.0002966165093364,0.0,710
0,0,3,0.07,80,38,3040,0.0177355646124047,0.01,45
0,0,509,0.07,80,38,3040,1.1016051502786152e-05,0.0,551
0,0,835,0.07,80,38,3040,1.996878574581229e-07,0.0,877
0,0,510,0.07,80,38,3040,1.3754460975505905e-05,0.0,552
0,0,169,0.07,80,38,3040,0.0077604139179314,0.013,211
0,0,511,0.07,80,38,3040,8.772328762455641e-09,0.0,553
0,0,669,0.07,80,38,3040,0.0108389788911254,0.002,711
0,0,512,0.07,80,38,3040,0.0001800238855978,0.0,554
0,0,336,0.07,80,38,3040,1.1607764207026034e-06,0.0,378
0,0,513,0.07,80,38,3040,2.0625557513946344e-06,0.0,555
0,0,4,0.07,80,38,3040,0.0001276594115082,0.0,46
0,0,514,0.07,80,38,3040,0.000816049855941,0.0,556
0,0,836,0.07,80,38,3040,2.45197462539393e-05,0.0,878
0,0,170,0.07,80,38,3040,4.9378692143545935e-08,0.0,212
0,0,515,0.07,80,38,3040,1.4314166870694175e-05,0.0,557
0,0,670,0.07,80,38,3040,5.590692894892841e-05,0.0,712
0,0,516,0.07,80,38,3040,2.7709781568286894e-11,0.0,558
0,0,5,0.07,80,38,3040,4.457672752004436e-06,0.0,47
0,0,517,0.07,80,38,3040,8.02245009398915e-07,0.0,559
0,0,171,0.07,80,38,3040,0.108333148353681,0.16,213
0,0,518,0.07,80,38,3040,0.0027667379246169,0.002,560
0,0,837,0.07,80,38,3040,0.0082277238966148,0.008,879
0,0,519,0.07,80,38,3040,5.040505983674771e-06,0.0,561
0,0,337,0.07,80,38,3040,1.4623023487976897e-06,0.0,379
0,0,520,0.07,80,38,3040,0.0177680570669848,0.0,562
0,0,6,0.07,80,38,3040,0.008301418597635,0.001,48
0,0,521,0.07,80,38,3040,0.0003233631451676,0.0,563
0,0,838,0.07,80,38,3040,0.0002474143193888,0.001,880
0,0,522,0.07,80,38,3040,0.0001195083450759,0.0,564
0,0,172,0.07,80,38,3040,0.0022712744281698,0.0,214
0,0,523,0.07,80,38,3040,3.5156732874734705e-06,0.0,565
0,0,671,0.07,80,38,3040,5.849130959430764e-11,0.0,713
0,0,338,0.07,80,38,3040,0.0064765799673686,0.009,380
0,0,524,0.07,80,38,3040,0.0071736827711961,0.007,566
0,0,839,0.07,80,38,3040,0.0005166052892088,0.0,881
0,0,525,0.07,80,38,3040,0.1946214188032383,0.13,567
0,0,7,0.07,80,38,3040,9.310790448091e-05,0.0,49
0,0,526,0.07,80,38,3040,1.373604752356184e-06,0.0,568
0,0,339,0.07,80,38,3040,1.9317936089064703e-09,0.0,381
0,0,527,0.07,80,38,3040,0.0013006125467389,0.0,569
0,0,173,0.07,80,38,3040,1.567026826827789e-09,0.0,215
0,0,528,0.07,80,38,3040,4.6464420352963567e-14,0.0,570
0,0,672,0.07,80,38,3040,0.0002258076892979,0.0,714
0,0,529,0.07,80,38,3040,0.0001666953943088,0.0,571
0,0,8,0.07,80,38,3040,0.0069070138471133,0.002,50
0,0,530,0.07,80,38,3040,3.33233837453414e-05,0.0,572
0,0,840,0.07,80,38,3040,0.0021722092031643,0.0,882
0,0,340,0.07,80,38,3040,2.767954182501592e-07,0.0,382
0,0,673,0.07,80,38,3040,3.710492269123312e-06,0.0,715
0,0,174,0.07,80,38,3040,4.2142968983983946e-10,0.0,216
0,0,9,0.07,80,38,3040,0.0001700348679228,0.0,51
0,0,841,0.07,80,38,3040,5.235991150592302e-06,0.0,883
0,0,341,0.07,80,38,3040,0.1198873680372004,0.108,383
0,0,674,0.07,80,38,3040,9.225423560787178e-06,0.0,716
0,0,531,0.07,80,38,3040,2.383000073860244e-08,0.0,573
0,0,842,0.07,80,38,3040,1.7586232132010443e-08,0.0,884
0,0,10,0.07,80,38,3040,4.079183322902829e-05,0.0,52
0,0,342,0.07,80,38,3040,0.1230281748938589,0.208,384
0,0,175,0.07,80,38,3040,0.126615464239904,0.094,217
0,0,675,0.07,80,38,3040,2.8317815447071778e-06,0.0,717
0,0,843,0.07,80,38,3040,1.7138685254474374e-07,0.0,885
0,0,11,0.07,80,38,3040,2.5409845137042063e-10,0.0,53
0,0,343,0.07,80,38,3040,0.0075343755093431,0.003,385
0,0,676,0.07,80,38,3040,0.0087379123656526,0.0,718
0,0,532,0.07,80,38,3040,0.0003660102513119,0.0,574
0,0,844,0.07,80,38,3040,2.8829842476197025e-05,0.0,886
0,0,12,0.07,80,38,3040,1.3483945924858717e-05,0.0,54
0,0,176,0.07,80,38,3040,3.314349872329892e-07,0.0,218
0,0,677,0.07,80,38,3040,4.64954014591975e-06,0.0,719
0,0,344,0.07,80,38,3040,0.0014124419426625,0.001,386
0,0,845,0.07,80,38,3040,1.6317860491778973e-05,0.0,887
0,0,13,0.07,80,38,3040,0.0019109155687755,0.0,55
0,0,533,0.07,80,38,3040,0.0014877340581316,0.001,575
0,0,678,0.07,80,38,3040,0.0109953395652416,0.024,720
0,0,345,0.07,80,38,3040,3.193811912820961e-07,0.0,387
0,0,177,0.07,80,38,3040,0.0005870590584137,0.0,219
0,0,14,0.07,80,38,3040,0.0011266340359048,0.0,56
0,0,846,0.07,80,38,3040,0.001567844042805,0.0,888
0,0,679,0.07,80,38,3040,2.9686876418909724e-06,0.0,721
0,0,346,0.07,80,38,3040,2.842545118009329e-05,0.0,388
0,0,534,0.07,80,38,3040,0.0132977974185254,0.004,576
0,0,847,0.07,80,38,3040,0.0490932209334625,0.024,889
0,0,15,0.07,80,38,3040,8.682391196742094e-05,0.0,57
0,0,178,0.07,80,38,3040,0.1423427919945751,0.079,220
0,0,535,0.07,80,38,3040,0.0003710966285628,0.0,577
0,0,848,0.07,80,38,3040,0.0003272601457579,0.0,890
0,0,347,0.07,80,38,3040,0.0001348605987401,0.0,389
0,0,16,0.07,80,38,3040,5.237602118432533e-11,0.0,58
0,0,680,0.07,80,38,3040,0.5474568994903034,0.462,722
0,0,536,0.07,80,38,3040,0.0003233654607207,0.0,578
0,0,348,0.07,80,38,3040,4.213363147611956e-05,0.0,390
0,0,849,0.07,80,38,3040,7.811788479810038e-05,0.0,891
0,0,179,0.07,80,38,3040,0.0882564847406534,0.134,221
0,0,681,0.07,80,38,3040,0.0010588571746128,0.001,723
0,0,349,0.07,80,38,3040,2.5057686873331417e-05,0.0,391
0,0,537,0.07,80,38,3040,5.810684634216898e-07,0.0,579
0,0,850,0.07,80,38,3040,0.0232041058284452,0.021,892
0,0,17,0.07,80,38,3040,1.891252267019099e-05,0.0,59
0,0,180,0.07,80,38,3040,0.5062879996796096,0.587,222
0,0,538,0.07,80,38,3040,0.0080772250699767,0.003,580
0,0,851,0.07,80,38,3040,0.0154037486817444,0.014,893
0,0,18,0.07,80,38,3040,0.0032597230318535,0.01,60
0,0,682,0.07,80,38,3040,5.269995539734976e-10,0.0,724
0,0,539,0.07,80,38,3040,0.0193598241866884,0.026,581
0,0,852,0.07,80,38,3040,3.154973752476233e-09,0.0,894
0,0,350,0.07,80,38,3040,2.246490681079722e-07,0.0,392
0,0,181,0.07,80,38,3040,9.206115798197164e-06,0.0,223
0,0,19,0.07,80,38,3040,0.007401532205324,0.002,61
0,0,853,0.07,80,38,3040,1.2272369137281975e-05,0.0,895
0,0,540,0.07,80,38,3040,0.0002655145784794,0.0,582
0,0,683,0.07,80,38,3040,1.6620762851878343e-05,0.0,725
0,0,20,0.07,80,38,3040,0.0002121359435085,0.0,62
0,0,182,0.07,80,38,3040,2.204174968577613e-05,0.0,224
0,0,351,0.07,80,38,3040,0.0014290591014867,0.0,393
0,0,684,0.07,80,38,3040,0.0001975075414082,0.0,726
0,0,854,0.07,80,38,3040,4.4065093322598365e-11,0.0,896
0,0,541,0.07,80,38,3040,0.0001781596821673,0.0,583
0,0,183,0.07,80,38,3040,1.0681927567869837e-05,0.0,225
0,0,352,0.07,80,38,3040,7.220311566731993e-07,0.0,394
0,0,21,0.07,80,38,3040,0.003410774782373,0.001,63
0,0,855,0.07,80,38,3040,0.0080745824711526,0.015,897
0,0,184,0.07,80,38,3040,0.0013321183107705,0.002,226
0,0,542,0.07,80,38,3040,0.000215299062356,0.0,584
0,0,353,0.07,80,38,3040,6.939767198930065e-06,0.0,395
0,0,856,0.07,80,38,3040,1.536427031882259e-05,0.0,898
0,0,543,0.07,80,38,3040,1.3390327255839016e-05,0.0,585
0,0,185,0.07,80,38,3040,0.015237555368005,0.0,227
0,0,354,0.07,80,38,3040,4.782500480294649e-07,0.0,396
0,0,685,0.07,80,38,3040,8.758698018156595e-07,0.0,727
0,0,857,0.07,80,38,3040,3.728707056481736e-05,0.0,899
0,0,355,0.07,80,38,3040,1.989131695305197e-08,0.0,397
0,0,22,0.07,80,38,3040,0.0031022940431316,0.001,64
0,0,686,0.07,80,38,3040,0.0005362566299537,0.0,728
0,0,544,0.07,80,38,3040,0.0031936011135984,0.003,586
0,0,858,0.07,80,38,3040,0.0005163754296131,0.0,900
0,0,356,0.07,80,38,3040,2.636448561611957e-05,0.0,398
0,0,186,0.07,80,38,3040,0.0014605828124741,0.0,228
0,0,687,0.07,80,38,3040,1.740773864777528e-05,0.0,729
0,0,545,0.07,80,38,3040,3.663278953483424e-05,0.0,587
0,0,859,0.07,80,38,3040,6.915370610130895e-06,0.0,901
0,0,187,0.07,80,38,3040,0.0007796518829291,0.0,229
0,0,688,0.07,80,38,3040,0.0001085175789728,0.0,730
0,0,23,0.07,80,38,3040,0.0161487337176557,0.008,65
0,0,546,0.07,80,38,3040,0.1429341863591564,0.079,588
0,0,357,0.07,80,38,3040,6.749764339246692e-10,0.0,399
0,0,860,0.07,80,38,3040,0.0017804736921248,0.004,902
0,0,358,0.07,80,38,3040,0.0421652940620056,0.098,400
0,0,188,0.07,80,38,3040,4.465211291858138e-06,0.0,230
0,0,547,0.07,80,38,3040,8.580000461870436e-06,0.0,589
0,0,24,0.07,80,38,3040,0.0653068199935796,0.058,66
0,0,861,0.07,80,38,3040,0.0002599748422619,0.0,903
0,0,359,0.07,80,38,3040,0.0156992623476791,0.009,401
0,0,689,0.07,80,38,3040,0.0224027021325713,0.004,731
0,0,189,0.07,80,38,3040,4.375666801904459e-05,0.0,231
0,0,25,0.07,80,38,3040,0.0002019371953066,0.0,67
0,0,548,0.07,80,38,3040,0.0003946527015268,0.0,590
0,0,690,0.07,80,38,3040,0.0001186274816061,0.0,732
0,0,190,0.07,80,38,3040,0.018079805637686,0.008,232
0,0,862,0.07,80,38,3040,4.6365380630077865e-05,0.0,904
0,0,549,0.07,80,38,3040,2.16361827902448e-10,0.0,591
0,0,691,0.07,80,38,3040,1.1829512420039827e-05,0.0,733
0,0,26,0.07,80,38,3040,5.8530674622025724e-08,0.0,68
0,0,360,0.07,80,38,3040,0.0731002851828021,0.018,402
0,0,191,0.07,80,38,3040,0.0021689343039291,0.002,233
0,0,863,0.07,80,38,3040,1.203637112874566e-10,0.0,905
0,0,361,0.07,80,38,3040,0.0006147770230868,0.0,403
0,0,192,0.07,80,38,3040,0.0008368812598667,0.0,234
0,0,692,0.07,80,38,3040,6.198366766409901e-09,0.0,734
0,0,27,0.07,80,38,3040,0.0025390127782969,0.001,69
0,0,362,0.07,80,38,3040,0.0007870626508042,0.0,404
0,0,193,0.07,80,38,3040,0.0031280042028681,0.0,235
0,0,550,0.07,80,38,3040,2.917619352771175e-07,0.0,592
0,0,864,0.07,80,38,3040,0.0003495554862438,0.0,906
0,0,693,0.07,80,38,3040,0.1650265131848043,0.03,735
0,0,194,0.07,80,38,3040,7.790333242017233e-06,0.0,236
0,0,28,0.07,80,38,3040,0.0576242497782398,0.037,70
0,0,363,0.07,80,38,3040,1.5206366603438222e-09,0.0,405
0,0,551,0.07,80,38,3040,0.0080558768890099,0.0,593
0,0,865,0.07,80,38,3040,2.2189435207994998e-07,0.0,907
0,0,29,0.07,80,38,3040,0.0010212858481259,0.0,71
0,0,866,0.07,80,38,3040,3.221826934539284e-06,0.0,908
0,0,195,0.07,80,38,3040,3.3848691192921174e-09,0.0,237
0,0,30,0.07,80,38,3040,2.5982591078042437e-05,0.0,72
0,0,694,0.07,80,38,3040,1.638335563038485e-08,0.0,736
0,0,31,0.07,80,38,3040,9.10390514926662e-05,0.0,73
0,0,364,0.07,80,38,3040,0.0165660445729916,0.006,406
0,0,32,0.07,80,38,3040,9.044826923711314e-05,0.0,74
0,0,552,0.07,80,38,3040,7.803775193555901e-05,0.0,594
0,0,33,0.07,80,38,3040,0.681495462120006,0.517,75
0,0,196,0.07,80,38,3040,5.782906109884904e-08,0.0,238
0,0,34,0.07,80,38,3040,6.87740636228557e-05,0.0,76
0,0,695,0.07,80,38,3040,2.394790022904845e-05,0.0,737
0,0,365,0.07,80,38,3040,0.0061845663457471,0.0,407
0,0,35,0.07,80,38,3040,0.0002847764031397,0.0,77
0,0,36,0.07,80,38,3040,0.0002819106370187,0.0,78
0,0,37,0.07,80,38,3040,0.0028868180306334,0.0,79
0,0,197,0.07,80,38,3040,8.26086625476659e-08,0.0,239
0,0,867,0.07,80,38,3040,1.4560754343190463e-09,0.0,909
0,0,38,0.07,80,38,3040,3.2416971439440295e-08,0.0,80
0,0,553,0.07,80,38,3040,3.909970162588873e-09,0.0,595
0,0,39,0.07,80,38,3040,0.0001184464591414,0.0,81
0,0,696,0.07,80,38,3040,8.009197235311842e-05,0.0,738
0,0,40,0.07,80,38,3040,3.861343404535693e-06,0.0,82
0,0,366,0.07,80,38,3040,1.4877990913662225e-06,0.0,408
0,0,41,0.07,80,38,3040,7.479715402813833e-05,0.0,83
0,0,198,0.07,80,38,3040,0.0246160784322101,0.003,240
0,0,42,0.07,80,38,3040,0.0002027174421578,0.0,84
0,0,868,0.07,80,38,3040,0.0429698995275832,0.047,910
0,0,43,0.07,80,38,3040,5.579745902414106e-05,0.0,85
0,0,697,0.07,80,38,3040,0.0005670820982367,0.002,739
0,0,44,0.07,80,38,3040,0.0057290213785144,0.0,86
0,0,367,0.07,80,38,3040,0.1770335875437098,0.063,409
0,0,45,0.07,80,38,3040,0.0104661193746578,0.014,87
0,0,554,0.07,80,38,3040,1.769070033691224e-06,0.0,596
0,0,46,0.07,80,38,3040,3.5633307942496056e-05,0.0,88
0,0,199,0.07,80,38,3040,2.3505275434500897e-10,0.0,241
0,0,47,0.07,80,38,3040,0.0001679267558236,0.0,89
0,0,869,0.07,80,38,3040,2.5818666594425875e-08,0.0,911
0,0,48,0.07,80,38,3040,2.970232472586726e-06,0.0,90
0,0,698,0.07,80,38,3040,3.3989208365576394e-06,0.0,740
0,0,49,0.07,80,38,3040,3.6995485409546797e-13,0.0,91
0,0,555,0.07,80,38,3040,0.0138742132944031,0.007,597
0,0,50,0.07,80,38,3040,0.0360769505829001,0.034,92
0,0,200,0.07,80,38,3040,0.0015722285115617,0.002,242
0,0,51,0.07,80,38,3040,8.469284698269423e-06,0.0,93
0,0,368,0.07,80,38,3040,4.849710460402145e-08,0.0,410
0,0,52,0.07,80,38,3040,0.0005321313503207,0.0,94
0,0,870,0.07,80,38,3040,0.5919841851142561,0.647,912
0,0,699,0.07,80,38,3040,0.0022924101217814,0.003,741
0,0,53,0.07,80,38,3040,2.415439727498748e-13,0.0,95
0,0,556,0.07,80,38,3040,0.0002980652855785,0.001,598
0,0,54,0.07,80,38,3040,2.237270526667903e-09,0.0,96
0,0,201,0.07,80,38,3040,0.0003067964057533,0.0,243
0,0,55,0.07,80,38,3040,0.0006077234186372,0.0,97
0,0,369,0.07,80,38,3040,1.5429821981743177e-05,0.0,411
0,0,56,0.07,80,38,3040,0.0052394225548349,0.003,98
0,0,700,0.07,80,38,3040,9.802834258567534e-09,0.0,742
0,0,57,0.07,80,38,3040,0.0387368293005701,0.012,99
0,0,871,0.07,80,38,3040,4.343512461834763e-05,0.0,913
0,0,58,0.07,80,38,3040,6.825634861307053e-07,0.0,100
0,0,557,0.07,80,38,3040,0.0069772656008243,0.001,599
0,0,59,0.07,80,38,3040,0.002862544029961,0.005,101
0,0,202,0.07,80,38,3040,6.995845471033643e-06,0.0,244
0,0,370,0.07,80,38,3040,0.0001317672805526,0.0,412
0,0,701,0.07,80,38,3040,2.442741418957079e-10,0.0,743
0,0,203,0.07,80,38,3040,6.6207355303215795e-09,0.0,245
0,0,60,0.07,80,38,3040,9.010862731238404e-07,0.0,102
0,0,371,0.07,80,38,3040,0.0003275738245639,0.001,413
0,0,61,0.07,80,38,3040,4.880942394672088e-07,0.0,103
0,0,872,0.07,80,38,3040,1.55870568004342e-05,0.0,914
0,0,62,0.07,80,38,3040,0.0302208260725187,0.004,104
0,0,204,0.07,80,38,3040,2.884140581851006e-09,0.0,246
0,0,63,0.07,80,38,3040,0.0036098037975764,0.003,105
0,0,558,0.07,80,38,3040,0.0005936841417423,0.0,600
0,0,64,0.07,80,38,3040,0.0004240896879517,0.0,106
0,0,873,0.07,80,38,3040,7.979344533612678e-10,0.0,915
0,0,65,0.07,80,38,3040,4.252555618416816e-08,0.0,107
0,0,702,0.07,80,38,3040,2.585586004217881e-07,0.0,744
0,0,372,0.07,80,38,3040,0.0295873883154654,0.021,414
0,0,66,0.07,80,38,3040,5.082365095103206e-06,0.0,108
0,0,559,0.07,80,38,3040,0.0820092136781953,0.029,601
0,0,67,0.07,80,38,3040,1.122827696716732e-06,0.0,109
0,0,68,0.07,80,38,3040,1.3545718588069302e-08,0.0,110
0,0,205,0.07,80,38,3040,5.5022341936748845e-09,0.0,247
0,0,69,0.07,80,38,3040,0.0082267420410801,0.002,111
0,0,874,0.07,80,38,3040,0.1443153532558055,0.031,916
0,0,703,0.07,80,38,3040,6.756247382894518e-06,0.0,745
0,0,70,0.07,80,38,3040,5.307405567726117e-06,0.0,112
0,0,373,0.07,80,38,3040,0.0001052712677559,0.0,415
0,0,71,0.07,80,38,3040,0.0070763495115986,0.0,113
0,0,560,0.07,80,38,3040,1.9868875052523987e-06,0.0,602
0,0,72,0.07,80,38,3040,0.0023784501590013,0.0,114
0,0,73,0.07,80,38,3040,3.867187039121813e-05,0.0,115
0,0,374,0.07,80,38,3040,0.0012754040636325,0.002,416
0,0,704,0.07,80,38,3040,1.82195258488301e-07,0.0,746
0,0,74,0.07,80,38,3040,7.304809407966137e-06,0.0,116
0,0,75,0.07,80,38,3040,0.0018603872823022,0.002,117
0,0,875,0.07,80,38,3040,9.927458944692352e-06,0.0,917
0,0,76,0.07,80,38,3040,2.91219486376693e-06,0.0,118
0,0,206,0.07,80,38,3040,1.1936010747019934e-07,0.0,248
0,0,705,0.07,80,38,3040,1.1681262575265163e-07,0.0,747
0,0,77,0.07,80,38,3040,0.0218550043116648,0.011,119
0,0,375,0.07,80,38,3040,0.1151408081314795,0.076,417
0,0,78,0.07,80,38,3040,2.922911177497168e-05,0.0,120
0,0,79,0.07,80,38,3040,0.0066054604739283,0.002,121
0,0,561,0.07,80,38,3040,7.631248590603365e-08,0.0,603
0,0,207,0.07,80,38,3040,1.7746961419168414e-05,0.0,249
0,0,80,0.07,80,38,3040,0.0004680033078272,0.0,122
0,0,876,0.07,80,38,3040,0.4468615760678858,0.308,918
0,0,81,0.07,80,38,3040,2.2635827077007703e-10,0.0,123
0,0,706,0.07,80,38,3040,3.7044480165861207e-06,0.0,748
0,0,82,0.07,80,38,3040,3.753174403966578e-07,0.0,124
0,0,376,0.07,80,38,3040,1.905210669970081e-07,0.0,418
0,0,83,0.07,80,38,3040,8.232583394128488e-07,0.0,125
0,0,208,0.07,80,38,3040,1.5674377133666183e-09,0.0,250
0,0,84,0.07,80,38,3040,0.0066795037410515,0.004,126
0,0,877,0.07,80,38,3040,0.0057610946705875,0.006,919
0,0,85,0.07,80,38,3040,0.0019858218203954,0.002,127
0,0,562,0.07,80,38,3040,0.0021058344194377,0.006,604
0,0,86,0.07,80,38,3040,2.6663668778111848e-08,0.0,128
0,0,707,0.07,80,38,3040,1.3382589071756672e-08,0.0,749
0,0,87,0.07,80,38,3040,0.0001540741462237,0.0,129
0,0,878,0.07,80,38,3040,2.8123195766334792e-05,0.0,920
0,0,88,0.07,80,38,3040,0.0134243247813786,0.003,130
0,0,377,0.07,80,38,3040,4.105022183631965e-09,0.0,419
0,0,89,0.07,80,38,3040,3.114654002918935e-05,0.0,131
0,0,209,0.07,80,38,3040,0.0152386632722236,0.008,251
0,0,708,0.07,80,38,3040,0.0058509593552829,0.007,750
0,0,563,0.07,80,38,3040,0.0004986874883618,0.0,605
0,0,879,0.07,80,38,3040,0.0018026059409225,0.0,921
0,0,210,0.07,80,38,3040,2.5711084370991226e-10,0.0,252
0,0,378,0.07,80,38,3040,8.774068073101279e-08,0.0,420
0,0,90,0.07,80,38,3040,0.0002393019567978,0.0,132
0,0,880,0.07,80,38,3040,5.901957003314881e-06,0.0,922
0,0,709,0.07,80,38,3040,2.7777885401343493e-10,0.0,751
0,0,211,0.07,80,38,3040,8.326019652413204e-06,0.0,253
0,0,564,0.07,80,38,3040,3.1182464721021925e-06,0.0,606
0,0,881,0.07,80,38,3040,5.043268818049405e-10,0.0,923
0,0,379,0.07,80,38,3040,0.0088255173584409,0.007,421
0,0,212,0.07,80,38,3040,1.9733446706105214e-07,0.0,254
0,0,565,0.07,80,38,3040,0.0956499584998144,0.027,607
0,0,710,0.07,80,38,3040,0.001214837725145,0.0,752
0,0,91,0.07,80,38,3040,1.0076262327071111e-08,0.0,133
0,0,380,0.07,80,38,3040,2.6341570703580104e-06,0.0,422
0,0,213,0.07,80,38,3040,1.9287982770782228e-05,0.0,255
0,0,882,0.07,80,38,3040,0.0010042510042313,0.0,924
0,0,711,0.07,80,38,3040,7.534800884147629e-08,0.0,753
0,0,214,0.07,80,38,3040,2.384577838158608e-05,0.0,256
0,0,381,0.07,80,38,3040,0.001890791262323,0.001,423
0,0,92,0.07,80,38,3040,0.0134281604312825,0.003,134
0,0,566,0.07,80,38,3040,4.951537353776365e-06,0.0,608
0,0,382,0.07,80,38,3040,4.217156822542081e-12,0.0,424
0,0,215,0.07,80,38,3040,0.0202105942494667,0.07,257
0,0,93,0.07,80,38,3040,2.7611173107034617e-05,0.0,135
0,0,567,0.07,80,38,3040,1.4899916407713736e-05,0.0,609
0,0,383,0.07,80,38,3040,8.796899159249168e-06,0.0,425
0,0,712,0.07,80,38,3040,0.000290878958123,0.0,754
0,0,94,0.07,80,38,3040,5.655772377242301e-05,0.0,136
0,0,883,0.07,80,38,3040,2.8559430736928763e-05,0.0,925
0,0,384,0.07,80,38,3040,7.396925032709358e-07,0.0,426
0,0,216,0.07,80,38,3040,0.0068044139954058,0.0,258
0,0,568,0.07,80,38,3040,0.0133857039382906,0.007,610
0,0,95,0.07,80,38,3040,1.550230744554304e-05,0.0,137
0,0,385,0.07,80,38,3040,0.1188416321566619,0.033,427
0,0,713,0.07,80,38,3040,0.1023832782276267,0.289,755
0,0,884,0.07,80,38,3040,0.026476181368837,0.01,926
0,0,569,0.07,80,38,3040,7.195505746866144e-06,0.0,611
0,0,217,0.07,80,38,3040,0.0004163873479475,0.001,259
0,0,96,0.07,80,38,3040,1.888679283066606e-11,0.0,138
0,0,885,0.07,80,38,3040,4.011715517174186e-07,0.0,927
0,0,386,0.07,80,38,3040,2.3465695163763982e-06,0.0,428
0,0,570,0.07,80,38,3040,9.409291898347008e-05,0.0,612
0,0,97,0.07,80,38,3040,0.0043534550413769,0.0,139
0,0,714,0.07,80,38,3040,0.0009800708679238,0.0,756
0,0,886,0.07,80,38,3040,3.918566756853821e-13,0.0,928
0,0,387,0.07,80,38,3040,0.0001787917809361,0.0,429
0,0,98,0.07,80,38,3040,0.0002048928696516,0.0,140
0,0,571,0.07,80,38,3040,0.0189151364914009,0.002,613
0,0,218,0.07,80,38,3040,0.0002066334423614,0.0,260
0,0,388,0.07,80,38,3040,5.280124696611977e-10,0.0,430
0,0,572,0.07,80,38,3040,1.4828257803745964e-07,0.0,614
0,0,887,0.07,80,38,3040,1.9975920769829946e-07,0.0,929
0,0,715,0.07,80,38,3040,7.444100310059852e-11,0.0,757
0,0,99,0.07,80,38,3040,0.0001590270891688,0.0,141
0,0,389,0.07,80,38,3040,4.359642332862309e-05,0.0,431
0,0,219,0.07,80,38,3040,3.170371578656302e-05,0.0,261
0,0,573,0.07,80,38,3040,2.0873286855363778e-06,0.0,615
0,0,888,0.07,80,38,3040,1.7725310973343845e-06,0.0,930
0,0,100,0.07,80,38,3040,2.813355106394743e-07,0.0,142
0,0,390,0.07,80,38,3040,8.402673918729631e-07,0.0,432
0,0,220,0.07,80,38,3040,3.1657718392502222e-09,0.0,262
0,0,716,0.07,80,38,3040,8.215365033240629e-05,0.0,758
0,0,889,0.07,80,38,3040,1.5080673247385984e-07,0.0,931
0,0,391,0.07,80,38,3040,2.842024223175036e-06,0.0,433
0,0,101,0.07,80,38,3040,7.871115816243908e-09,0.0,143
0,0,221,0.07,80,38,3040,0.0097554592434613,0.001,263
0,0,574,0.07,80,38,3040,0.0049153741853555,0.0,616
0,0,717,0.07,80,38,3040,0.0116774873502379,0.002,759
0,0,222,0.07,80,38,3040,0.0009690990272221,0.002,264
0,0,102,0.07,80,38,3040,0.003969437741774,0.007,144
0,0,890,0.07,80,38,3040,0.0093913329711474,0.001,932
0,0,575,0.07,80,38,3040,0.0025114395378902,0.0,617
0,0,718,0.07,80,38,3040,4.63255885248509e-07,0.0,760
0,0,103,0.07,80,38,3040,0.0539817667223094,0.002,145
0,0,223,0.07,80,38,3040,0.0004324369918383,0.0,265
0,0,392,0.07,80,38,3040,7.846001509143174e-12,0.0,434
0,0,576,0.07,80,38,3040,3.410704763100507e-09,0.0,618
0,0,104,0.07,80,38,3040,0.0001300453066069,0.0,146
0,0,719,0.07,80,38,3040,8.46535090171182e-12,0.0,761
0,0,224,0.07,80,38,3040,2.166281451538829e-06,0.0,266
0,0,577,0.07,80,38,3040,0.0014064052004788,0.0,619
0,0,393,0.07,80,38,3040,7.104026873164566e-09,0.0,435
0,0,891,0.07,80,38,3040,8.262875932540094e-09,0.0,933
0,0,225,0.07,80,38,3040,0.0031279513580927,0.001,267
0,0,720,0.07,80,38,3040,1.7552869739788127e-08,0.0,762
0,0,578,0.07,80,38,3040,1.1735190962468476e-05,0.0,620
0,0,105,0.07,80,38,3040,1.4047648837732328e-07,0.0,147
0,0,394,0.07,80,38,3040,6.89607776367519e-07,0.0,436
0,0,226,0.07,80,38,3040,8.385173258810101e-07,0.0,268
0,0,721,0.07,80,38,3040,0.0109290555777038,0.001,763
0,0,579,0.07,80,38,3040,1.5128560175846952e-06,0.0,621
0,0,892,0.07,80,38,3040,1.8918005387947068e-05,0.0,934
0,0,106,0.07,80,38,3040,0.0065614415847414,0.007,148
0,0,395,0.07,80,38,3040,3.0222658901172463e-06,0.0,437
0,0,227,0.07,80,38,3040,1.5129532975732523e-08,0.0,269
0,0,580,0.07,80,38,3040,6.506085043054668e-07,0.0,622
0,0,893,0.07,80,38,3040,0.0903885268673403,0.047,935
0,0,396,0.07,80,38,3040,8.042117707514498e-06,0.0,438
0,0,107,0.07,80,38,3040,0.0005938119705824,0.001,149
0,0,894,0.07,80,38,3040,0.0014160025487368,0.004,936
0,0,228,0.07,80,38,3040,8.420578826293583e-06,0.0,270
0,0,895,0.07,80,38,3040,8.236208757812351e-05,0.0,937
0,0,397,0.07,80,38,3040,0.0013861630095432,0.0,439
0,0,722,0.07,80,38,3040,0.0051294637541413,0.001,764
0,0,108,0.07,80,38,3040,5.2041735633336e-06,0.0,150
0,0,723,0.07,80,38,3040,0.0004373634837504,0.0,765
0,0,229,0.07,80,38,3040,0.0025904149404988,0.0,271
0,0,581,0.07,80,38,3040,3.256355598385828e-08,0.0,623
0,0,398,0.07,80,38,3040,1.5659531679560882e-07,0.0,440
0,0,896,0.07,80,38,3040,8.797731319225303e-08,0.0,938
0,0,724,0.07,80,38,3040,0.0042119544931376,0.004,766
0,0,582,0.07,80,38,3040,0.0004223471838023,0.0,624
0,0,109,0.07,80,38,3040,9.731108577788685e-05,0.0,151
0,0,399,0.07,80,38,3040,0.0032968459612179,0.0,441
0,0,897,0.07,80,38,3040,0.0001005218588242,0.0,939
0,0,725,0.07,80,38,3040,0.004711725784432,0.011,767
0,0,583,0.07,80,38,3040,0.0022910738444089,0.001,625
0,0,110,0.07,80,38,3040,0.0006847161049908,0.0,152
0,0,230,0.07,80,38,3040,3.0757402994240325e-05,0.0,272
0,0,726,0.07,80,38,3040,0.0872236712592937,0.02,768
0,0,584,0.07,80,38,3040,2.143883412159813e-07,0.0,626
0,0,400,0.07,80,38,3040,5.739853521796712e-05,0.0,442
0,0,231,0.07,80,38,3040,6.175220403238827e-07,0.0,273
0,0,111,0.07,80,38,3040,9.586181706816789e-08,0.0,153
0,0,585,0.07,80,38,3040,1.8449329514323056e-06,0.0,627
0,0,898,0.07,80,38,3040,1.6920242755796467e-08,0.0,940
0,0,401,0.07,80,38,3040,0.027020850428165,0.018,443
0,0,232,0.07,80,38,3040,0.0198941669660814,0.01,274
0,0,586,0.07,80,38,3040,0.0002926755933827,0.0,628
0,0,402,0.07,80,38,3040,1.684809811700487e-05,0.0,444
0,0,587,0.07,80,38,3040,1.5843448033876916e-05,0.0,629
0,0,727,0.07,80,38,3040,0.001245214231834,0.0,769
0,0,112,0.07,80,38,3040,0.0007544298038917,0.0,154
0,0,233,0.07,80,38,3040,0.0331034339135519,0.026,275
0,0,899,0.07,80,38,3040,0.0010210968974458,0.001,941
0,0,403,0.07,80,38,3040,0.0713375227639329,0.01,445
0,0,728,0.07,80,38,3040,0.0228342392723184,0.008,770
0,0,588,0.07,80,38,3040,2.490354409235968e-08,0.0,630
0,0,113,0.07,80,38,3040,0.0073338835300785,0.0,155
0,0,900,0.07,80,38,3040,0.0068667840055224,0.003,942
0,0,589,0.07,80,38,3040,9.82683817983531e-05,0.0,631
0,0,234,0.07,80,38,3040,3.91992696075497e-08,0.0,276
0,0,114,0.07,80,38,3040,7.433127092651143e-05,0.0,156
0,0,729,0.07,80,38,3040,0.0018954591499908,0.003,771
0,0,404,0.07,80,38,3040,0.0006866288558858,0.0,446
0,0,235,0.07,80,38,3040,6.0736512569734455e-05,0.0,277
0,0,901,0.07,80,38,3040,0.0329316815149517,0.015,943
0,0,405,0.07,80,38,3040,0.0005211843980812,0.0,447
0,0,236,0.07,80,38,3040,7.373997655344614e-08,0.0,278
0,0,115,0.07,80,38,3040,1.3556849929758352e-10,0.0,157
0,0,730,0.07,80,38,3040,0.0018117815416882,0.0,772
0,0,590,0.07,80,38,3040,0.0444683057269874,0.014,632
0,0,237,0.07,80,38,3040,1.866041453911805e-05,0.0,279
0,0,902,0.07,80,38,3040,3.6013155991505364e-09,0.0,944
0,0,116,0.07,80,38,3040,0.0049673524014854,0.0,158
0,0,406,0.07,80,38,3040,0.0396298202005037,0.013,448
0,0,731,0.07,80,38,3040,0.0509617445276523,0.037,773
0,0,591,0.07,80,38,3040,2.0693351138810136e-11,0.0,633
0,0,238,0.07,80,38,3040,3.560624891325949e-05,0.0,280
0,0,903,0.07,80,38,3040,2.1550164956700096e-05,0.0,945
0,0,407,0.07,80,38,3040,0.1804831629584733,0.017,449
0,0,732,0.07,80,38,3040,1.869524703070016e-05,0.0,774
0,0,117,0.07,80,38,3040,2.672588008227239e-05,0.0,159
0,0,904,0.07,80,38,3040,0.0622625300838255,0.079,946
0,0,239,0.07,80,38,3040,0.0057559884179863,0.0,281
0,0,733,0.07,80,38,3040,0.0003708983020194,0.0,775
0,0,408,0.07,80,38,3040,3.4787570638242575e-05,0.0,450
0,0,240,0.07,80,38,3040,1.4260711732683431e-06,0.0,282
0,0,118,0.07,80,38,3040,9.903783400461166e-09,0.0,160
0,0,734,0.07,80,38,3040,1.5032433597925017e-10,0.0,776
0,0,592,0.07,80,38,3040,8.762439606196817e-06,0.0,634
0,0,905,0.07,80,38,3040,1.905901426848724e-05,0.0,947
0,0,241,0.07,80,38,3040,0.0062201907140447,0.0,283
0,0,409,0.07,80,38,3040,0.008759235196749,0.0,451
0,0,735,0.07,80,38,3040,6.343795834358431e-05,0.0,777
0,0,119,0.07,80,38,3040,0.0516436134041027,0.032,161
0,0,593,0.07,80,38,3040,0.0072250406183443,0.001,635
0,0,410,0.07,80,38,3040,2.6326686116598115e-05,0.0,452
0,0,906,0.07,80,38,3040,1.6892837528927054e-05,0.0,948
0,0,594,0.07,80,38,3040,0.0006504742387248,0.0,636
0,0,242,0.07,80,38,3040,0.0061148085683046,0.001,284
0,0,736,0.07,80,38,3040,0.0012986601914643,0.0,778
0,0,595,0.07,80,38,3040,5.603746701063632e-05,0.0,637
0,0,243,0.07,80,38,3040,0.0097222465716029,0.004,285
0,0,120,0.07,80,38,3040,6.650334141376928e-09,0.0,162
0,0,596,0.07,80,38,3040,0.0003564376656975,0.0,638
0,0,121,0.07,80,38,3040,2.642496745923088e-07,0.0,163
0,0,907,0.07,80,38,3040,4.947885304348821e-06,0.0,949
0,0,411,0.07,80,38,3040,8.284553144233125e-08,0.0,453
0,0,737,0.07,80,38,3040,4.381481348784554e-09,0.0,779
0,0,244,0.07,80,38,3040,6.037923389978224e-06,0.0,286
0,0,412,0.07,80,38,3040,1.5413657991441806e-06,0.0,454
0,0,738,0.07,80,38,3040,0.0006762082379154,0.0,780
0,0,245,0.07,80,38,3040,9.284668950455028e-06,0.0,287
0,0,122,0.07,80,38,3040,7.09549014104634e-12,0.0,164
0,0,597,0.07,80,38,3040,0.009193403885357,0.001,639
0,0,739,0.07,80,38,3040,4.224230470794999e-08,0.0,781
0,0,246,0.07,80,38,3040,0.0006539502514677,0.0,288
0,0,413,0.07,80,38,3040,0.0653893106057084,0.045,455
0,0,908,0.07,80,38,3040,0.0002641016441543,0.0,950
0,0,123,0.07,80,38,3040,2.472170622172949e-06,0.0,165
0,0,740,0.07,80,38,3040,0.0004812768292773,0.0,782
0,0,598,0.07,80,38,3040,3.653510593100149e-05,0.0,640
0,0,247,0.07,80,38,3040,2.3533119037209525e-07,0.0,289
0,0,414,0.07,80,38,3040,5.7943876828788e-05,0.0,456
0,0,124,0.07,80,38,3040,1.5034140213942108e-06,0.0,166
0,0,599,0.07,80,38,3040,9.811531035045766e-09,0.0,641
0,0,248,0.07,80,38,3040,2.9878016876056943e-10,0.0,290
0,0,125,0.07,80,38,3040,0.6597102557270033,0.631,167
0,0,741,0.07,80,38,3040,0.0006400064815715,0.0,783
0,0,909,0.07,80,38,3040,6.431016668281109e-11,0.0,951
0,0,249,0.07,80,38,3040,6.237492650260036e-06,0.0,291
0,0,415,0.07,80,38,3040,0.0955492235994293,0.029,457
0,0,742,0.07,80,38,3040,0.0940543859573347,0.018,784
0,0,126,0.07,80,38,3040,0.0004498066024866,0.0,168
0,0,600,0.07,80,38,3040,3.212922024378021e-05,0.0,642
0,0,250,0.07,80,38,3040,0.0001614217162022,0.0,292
0,0,127,0.07,80,38,3040,0.0001348062342812,0.0,169
0,0,416,0.07,80,38,3040,0.0086436263925127,0.002,458
0,0,743,0.07,80,38,3040,0.0055889375009324,0.0,785
0,0,251,0.07,80,38,3040,0.005059902137949,0.005,293
0,0,128,0.07,80,38,3040,8.109619561413866e-06,0.0,170
0,0,744,0.07,80,38,3040,7.97148568726703e-09,0.0,786
0,0,601,0.07,80,38,3040,0.0060488982113792,0.003,643
0,0,417,0.07,80,38,3040,2.92597667426224e-06,0.0,459
0,0,745,0.07,80,38,3040,5.357664927297271e-06,0.0,787
0,0,252,0.07,80,38,3040,0.0144092187935606,0.004,294
0,0,129,0.07,80,38,3040,0.0006710461704098,0.0,171
0,0,418,0.07,80,38,3040,3.975175780519791e-10,0.0,460
0,0,910,0.07,80,38,3040,0.3193537842959928,0.33,952
0,0,746,0.07,80,38,3040,0.0001880293840883,0.0,788
0,0,253,0.07,80,38,3040,0.0008717496187264,0.004,295
0,0,602,0.07,80,38,3040,6.948740174354004e-07,0.0,644
0,0,130,0.07,80,38,3040,0.0005211258418853,0.0,172
0,0,419,0.07,80,38,3040,0.1248699241811331,0.053,461
0,0,747,0.07,80,38,3040,0.0016250246795203,0.002,789
0,0,748,0.07,80,38,3040,2.575713063614915e-06,0.0,790
0,0,603,0.07,80,38,3040,1.3435578715638553e-15,0.0,645
0,0,911,0.07,80,38,3040,1.268980494334199e-05,0.0,953
0,0,254,0.07,80,38,3040,3.2118002089872973e-10,0.0,296
0,0,131,0.07,80,38,3040,2.987011062254954e-09,0.0,173
0,0,420,0.07,80,38,3040,9.930461720454066e-06,0.0,462
0,0,604,0.07,80,38,3040,0.102319940033846,0.024,646
0,0,749,0.07,80,38,3040,0.0049268673559998,0.0,791
0,0,255,0.07,80,38,3040,0.0001595334397718,0.0,297
0,0,421,0.07,80,38,3040,2.733671583223444e-08,0.0,463
0,0,132,0.07,80,38,3040,0.009174409627163,0.003,174
0,0,605,0.07,80,38,3040,4.486272080032576e-05,0.0,647
0,0,256,0.07,80,38,3040,0.0001083015584873,0.0,298
0,0,606,0.07,80,38,3040,4.786541767246324e-10,0.0,648
0,0,912,0.07,80,38,3040,1.803539036419303e-05,0.0,954
0,0,750,0.07,80,38,3040,1.7102669509462599e-07,0.0,792
0,0,257,0.07,80,38,3040,0.0013118589749455,0.0,299
0,0,422,0.07,80,38,3040,6.815898774644233e-05,0.0,464
0,0,258,0.07,80,38,3040,0.0048003792842784,0.0,300
0,0,259,0.07,80,38,3040,1.3361921781792667e-10,0.0,301
0,0,133,0.07,80,38,3040,0.0044279870917214,0.002,175
0,0,751,0.07,80,38,3040,5.9379277268358485e-09,0.0,793
0,0,260,0.07,80,38,3040,0.0003014784319741,0.0,302
0,0,607,0.07,80,38,3040,4.944925535724912e-10,0.0,649
0,0,261,0.07,80,38,3040,5.3416749444184114e-08,0.0,303
0,0,262,0.07,80,38,3040,0.0096312003337171,0.006,304
0,0,608,0.07,80,38,3040,0.0018918102887055,0.0,650
0,0,263,0.07,80,38,3040,0.0001140753617455,0.0,305
0,0,752,0.07,80,38,3040,0.0006111797362268,0.0,794
0,0,264,0.07,80,38,3040,0.0001341899052189,0.0,306
0,0,423,0.07,80,38,3040,0.0875456436307418,0.01,465
0,0,913,0.07,80,38,3040,5.644828567405457e-06,0.0,955
0,0,265,0.07,80,38,3040,1.1559212725239497e-05,0.0,307
0,0,609,0.07,80,38,3040,9.777075350969535e-08,0.0,651
0,0,266,0.07,80,38,3040,0.0002180455897665,0.0,308
0,0,134,0.07,80,38,3040,0.0002352102092041,0.0,176
0,0,267,0.07,80,38,3040,8.204100150072028e-05,0.0,309
0,0,268,0.07,80,38,3040,0.0059917089396704,0.002,310
0,0,753,0.07,80,38,3040,0.002301415740189,0.0,795
0,0,269,0.07,80,38,3040,5.588409164940025e-07,0.0,311
0,0,914,0.07,80,38,3040,2.3411780574926146e-07,0.0,956
0,0,424,0.07,80,38,3040,2.1245546885951464e-06,0.0,466
0,0,270,0.07,80,38,3040,0.0002842422484602,0.0,312
0,0,135,0.07,80,38,3040,1.764537265330138e-05,0.0,177
0,0,271,0.07,80,38,3040,1.7414355168988083e-08,0.0,313
0,0,610,0.07,80,38,3040,9.504147248189396e-06,0.0,652
0,0,272,0.07,80,38,3040,6.669195820578298e-06,0.0,314
0,0,273,0.07,80,38,3040,0.0003398041086435,0.0,315
0,0,754,0.07,80,38,3040,0.0010867063775985,0.001,796
0,0,915,0.07,80,38,3040,0.0018745277047734,0.0,957
0,0,274,0.07,80,38,3040,0.0011905443888231,0.0,316
0,0,611,0.07,80,38,3040,0.028910589477573,0.034,653
0,0,275,0.07,80,38,3040,0.0276446306300344,0.008,317
0,0,425,0.07,80,38,3040,0.0001714093378562,0.0,467
0,0,136,0.07,80,38,3040,2.579117258952607e-05,0.0,178
0,0,276,0.07,80,38,3040,3.182233679372682e-05,0.0,318
0,0,277,0.07,80,38,3040,3.300435011684508e-07,0.0,319
0,0,755,0.07,80,38,3040,0.0011330037165508,0.0,797
0,0,278,0.07,80,38,3040,5.795269090694454e-05,0.0,320
0,0,279,0.07,80,38,3040,1.0474304510773753e-07,0.0,321
0,0,612,0.07,80,38,3040,0.0009500396308177,0.0,654
0,0,280,0.07,80,38,3040,0.000314493895338,0.0,322
0,0,756,0.07,80,38,3040,0.003390439476669,0.033,798
0,0,426,0.07,80,38,3040,0.0114616543228055,0.005,468
0,0,281,0.07,80,38,3040,4.661038421306933e-08,0.0,323
0,0,137,0.07,80,38,3040,1.710175903862374e-07,0.0,179
0,0,916,0.07,80,38,3040,0.0029956909374408,0.001,958
0,0,282,0.07,80,38,3040,1.6142305999885636e-05,0.0,324
0,0,613,0.07,80,38,3040,0.0071577323567776,0.001,655
0,0,283,0.07,80,38,3040,0.0030766201298918,0.0,325
0,0,427,0.07,80,38,3040,7.791833745832019e-07,0.0,469
0,0,284,0.07,80,38,3040,1.18432953664407e-05,0.0,326
0,0,757,0.07,80,38,3040,1.5854184628117894e-08,0.0,799
0,0,285,0.07,80,38,3040,0.0034258462402195,0.0,327
0,0,286,0.07,80,38,3040,6.374155699971944e-05,0.0,328
0,0,428,0.07,80,38,3040,0.0026131747982112,0.0,470
0,0,614,0.07,80,38,3040,0.0001435754324937,0.0,656
0,0,917,0.07,80,38,3040,2.413962954355512e-06,0.0,959
0,0,287,0.07,80,38,3040,0.0034635647998469,0.001,329
0,0,138,0.07,80,38,3040,0.0325911574045555,0.008,180
0,0,288,0.07,80,38,3040,0.0004246840442986,0.0,330
0,0,429,0.07,80,38,3040,0.0085974471454828,0.006,471
0,0,289,0.07,80,38,3040,4.2090026017073296e-08,0.0,331
0,0,615,0.07,80,38,3040,9.386387320818869e-12,0.0,657
0,0,290,0.07,80,38,3040,0.0003469000388725,0.0,332
0,0,139,0.07,80,38,3040,0.0302793274505614,0.007,181
0,0,291,0.07,80,38,3040,2.1351661894593096e-05,0.0,333
0,0,758,0.07,80,38,3040,4.9138562624196155e-08,0.0,800
0,0,292,0.07,80,38,3040,0.0026783189791934,0.005,334
0,0,293,0.07,80,38,3040,1.2736959529495094e-09,0.0,335
0,0,918,0.07,80,38,3040,0.005658087897567,0.0,960
0,0,616,0.07,80,38,3040,0.0001327555140028,0.0,658
0,0,294,0.07,80,38,3040,0.0048014105735464,0.009,336
0,0,430,0.07,80,38,3040,6.896855435900296e-05,0.0,472
0,0,295,0.07,80,38,3040,1.9122534378715166e-11,0.0,337
0,0,759,0.07,80,38,3040,0.0003491043936498,0.0,801
0,0,296,0.07,80,38,3040,0.027440166447076,0.034,338
0,0,617,0.07,80,38,3040,0.0001747510825952,0.001,659
0,0,297,0.07,80,38,3040,9.017215734693152e-07,0.0,339
0,0,431,0.07,80,38,3040,8.910108691095687e-05,0.0,473
0,0,140,0.07,80,38,3040,0.0004137355460268,0.0,182
0,0,298,0.07,80,38,3040,2.2267002262194588e-05,0.0,340
0,0,760,0.07,80,38,3040,3.70079739127105e-07,0.0,802
0,0,299,0.07,80,38,3040,3.634470407466464e-07,0.0,341
0,0,300,0.07,80,38,3040,1.0489955748822978e-05,0.0,342
0,0,432,0.07,80,38,3040,9.130537085367349e-08,0.0,474
0,0,301,0.07,80,38,3040,2.5751883120390117e-06,0.0,343
0,0,919,0.07,80,38,3040,0.0016790183277307,0.001,961
0,0,302,0.07,80,38,3040,0.000118844726396,0.0,344
0,0,618,0.07,80,38,3040,0.013307462027166,0.006,660
0,0,141,0.07,80,38,3040,0.0193310672808828,0.008,183
0,0,303,0.07,80,38,3040,0.0606046884840486,0.022,345
0,0,433,0.07,80,38,3040,2.8176978148950543e-08,0.0,475
0,0,304,0.07,80,38,3040,1.7117036852618576e-07,0.0,346
0,0,305,0.07,80,38,3040,0.0001956251970205,0.0,347
0,0,306,0.07,80,38,3040,0.0038583719029236,0.0,348
0,0,761,0.07,80,38,3040,5.505398891684425e-07,0.0,803
0,0,307,0.07,80,38,3040,4.4419702658413365e-07,0.0,349
0,0,619,0.07,80,38,3040,0.3288295682977018,0.245,661
0,0,142,0.07,80,38,3040,0.0001515906431097,0.0,184
0,0,434,0.07,80,38,3040,3.450712413235409e-05,0.0,476
0,0,920,0.07,80,38,3040,3.222629352524352e-05,0.0,962
0,0,308,0.07,80,38,3040,0.0004962105249352,0.0,350
0,0,309,0.07,80,38,3040,2.1828831037581925e-11,0.0,351
0,0,762,0.07,80,38,3040,4.085931505388497e-06,0.0,804
0,0,310,0.07,80,38,3040,0.0116629555581207,0.0,352
0,0,435,0.07,80,38,3040,0.0031073285988932,0.0,477
0,0,311,0.07,80,38,3040,8.95184223467167e-10,0.0,353
0,0,620,0.07,80,38,3040,1.4851229180346795e-06,0.0,662
0,0,312,0.07,80,38,3040,2.254153548633157e-06,0.0,354
0,0,143,0.07,80,38,3040,0.0032365768378049,0.002,185
0,0,313,0.07,80,38,3040,4.944491693233038e-07,0.0,355
0,0,763,0.07,80,38,3040,0.0002892583672445,0.0,805
0,0,314,0.07,80,38,3040,0.0001941248759008,0.0,356
0,0,921,0.07,80,38,3040,0.0496495775530229,0.01,963
0,0,315,0.07,80,38,3040,1.1591477512612463e-09,0.0,357
0,0,316,0.07,80,38,3040,1.701250844359599e-05,0.0,358
0,0,621,0.07,80,38,3040,0.0001964913815506,0.0,663
0,0,144,0.07,80,38,3040,1.9657902688848985e-07,0.0,186
0,0,436,0.07,80,38,3040,1.77164701055785e-05,0.0,478
0,0,764,0.07,80,38,3040,0.0135885046975164,0.008,806
0,0,922,0.07,80,38,3040,0.0049317056301515,0.0,964
0,0,622,0.07,80,38,3040,2.306636840270804e-06,0.0,664
0,0,145,0.07,80,38,3040,2.196540577538309e-07,0.0,187
0,0,437,0.07,80,38,3040,0.0009938531545288,0.0,479
0,0,923,0.07,80,38,3040,5.631093644345991e-05,0.0,965
0,0,623,0.07,80,38,3040,1.205274684798764e-06,0.0,665
0,0,438,0.07,80,38,3040,0.0057431066646682,0.001,480
0,0,317,0.07,80,38,3040,1.3298839533416744e-05,0.0,359
0,0,624,0.07,80,38,3040,3.648754893062531e-05,0.0,666
0,0,765,0.07,80,38,3040,0.019240658228842,0.008,807
0,0,146,0.07,80,38,3040,0.0002254943189389,0.0,188
0,0,318,0.07,80,38,3040,1.044023964709438e-08,0.0,360
0,0,625,0.07,80,38,3040,1.7216988431956582e-08,0.0,667
0,0,439,0.07,80,38,3040,3.0587391693880845e-05,0.0,481
0,0,924,0.07,80,38,3040,0.32611866801604,0.197,966
0,0,626,0.07,80,38,3040,0.0008591152739954,0.001,668
0,0,766,0.07,80,38,3040,1.596509508170442e-07,0.0,808
0,0,319,0.07,80,38,3040,0.0003483817123404,0.0,361
0,0,925,0.07,80,38,3040,0.0010899203495563,0.0,967
0,0,440,0.07,80,38,3040,0.0736296031100106,0.024,482
0,0,320,0.07,80,38,3040,1.4597919863696844e-16,0.0,362
0,0,147,0.07,80,38,3040,5.949828654490132e-06,0.0,189
0,0,767,0.07,80,38,3040,4.9287206472835815e-05,0.0,809
0,0,627,0.07,80,38,3040,1.8940473665525103e-09,0.0,669
0,0,441,0.07,80,38,3040,6.025556394694826e-07,0.0,483
0,0,926,0.07,80,38,3040,0.0008172252577976,0.0,968
0,0,321,0.07,80,38,3040,0.0003585221843902,0.0,363
0,0,442,0.07,80,38,3040,0.187997389960614,0.02,484
0,0,148,0.07,80,38,3040,0.0019413543447968,0.0,190
0,0,322,0.07,80,38,3040,0.0002652997347074,0.0,364
0,0,768,0.07,80,38,3040,0.001997787596264,0.0,810
0,0,927,0.07,80,38,3040,0.0010751169049145,0.0,969
0,0,628,0.07,80,38,3040,3.667012287020612e-06,0.0,670
0,0,443,0.07,80,38,3040,0.0166912040549747,0.0,485
0,0,323,0.07,80,38,3040,7.318638557920352e-06,0.0,365
0,0,928,0.07,80,38,3040,1.1521422850036725e-07,0.0,970
0,0,149,0.07,80,38,3040,4.482412475328247e-08,0.0,191
0,0,629,0.07,80,38,3040,0.0002805274418818,0.0,671
0,0,769,0.07,80,38,3040,4.0676237898327123e-07,0.0,811
0,0,929,0.07,80,38,3040,1.0948182695383508e-06,0.0,971
0,0,150,0.07,80,38,3040,0.0073590727487404,0.0,192
0,0,324,0.07,80,38,3040,0.004536056031583,0.002,366
0,0,151,0.07,80,38,3040,3.30864330428851e-05,0.0,193
0,0,444,0.07,80,38,3040,0.0210792297892833,0.017,486
0,0,152,0.07,80,38,3040,1.8775277535661366e-07,0.0,194
0,0,630,0.07,80,38,3040,5.345248729410348e-10,0.0,672
0,0,153,0.07,80,38,3040,4.011569327777889e-07,0.0,195
0,0,154,0.07,80,38,3040,1.1544644131338592e-07,0.0,196
0,0,930,0.07,80,38,3040,0.0019713539259778,0.0,972
0,0,155,0.07,80,38,3040,0.00119297461695,0.0,197
0,0,325,0.07,80,38,3040,0.0004900175541762,0.0,367
0,0,156,0.07,80,38,3040,0.0047365223208608,0.002,198
0,0,445,0.07,80,38,3040,4.532621974007831e-07,0.0,487
0,0,770,0.07,80,38,3040,0.0002211018111133,0.0,812
0,0,157,0.07,80,38,3040,0.0030758403439217,0.0,199
0,0,631,0.07,80,38,3040,8.530487970600047e-10,0.0,673
0,0,158,0.07,80,38,3040,0.0001394896088505,0.0,200
0,0,326,0.07,80,38,3040,2.2800264509008252e-05,0.0,368
0,0,159,0.07,80,38,3040,0.0037574253459689,0.006,201
0,0,931,0.07,80,38,3040,5.105537884038304e-08,0.0,973
0,0,160,0.07,80,38,3040,6.512582359307342e-07,0.0,202
0,0,161,0.07,80,38,3040,0.0478830446169553,0.018,203
0,0,446,0.07,80,38,3040,0.0006635829078195,0.0,488
0,0,771,0.07,80,38,3040,0.0005458733158656,0.0,813
0,0,162,0.07,80,38,3040,1.492359170229361e-06,0.0,204
0,0,327,0.07,80,38,3040,0.0002489152666107,0.0,369
0,0,163,0.07,80,38,3040,8.150851352042552e-06,0.0,205
0,0,447,0.07,80,38,3040,0.0016891520264823,0.0,489
0,0,164,0.07,80,38,3040,1.6459461300850473e-08,0.0,206
0,0,632,0.07,80,38,3040,1.3178751927871663e-10,0.0,674
0,0,165,0.07,80,38,3040,6.333180589302699e-07,0.0,207
0,0,166,0.07,80,38,3040,0.0005435565025627,0.0,208
0,0,932,0.07,80,38,3040,0.0137227139476213,0.037,974
0,0,328,0.07,80,38,3040,8.534513676332059e-07,0.0,370
0,0,633,0.07,80,38,3040,1.0645212205750485e-07,0.0,675
0,0,772,0.07,80,38,3040,9.4467383945708e-05,0.0,814
0,0,933,0.07,80,38,3040,0.0014732964981036,0.002,975
0,0,448,0.07,80,38,3040,0.000147635131365,0.0,490
0,0,934,0.07,80,38,3040,0.0001689486827278,0.0,976
0,0,329,0.07,80,38,3040,0.0230810961016883,0.018,371
0,0,773,0.07,80,38,3040,5.5864757451015415e-05,0.0,815
0,0,449,0.07,80,38,3040,0.0005441147309333,0.0,491
0,0,634,0.07,80,38,3040,6.339884299283767e-11,0.0,676
0,0,935,0.07,80,38,3040,8.025003382167612e-07,0.0,977
0,0,330,0.07,80,38,3040,7.759558536382996e-05,0.0,372
0,0,936,0.07,80,38,3040,9.856185485868997e-07,0.0,978
0,0,774,0.07,80,38,3040,5.213546293088689e-08,0.0,816
0,0,635,0.07,80,38,3040,8.666466511236768e-11,0.0,677
0,0,450,0.07,80,38,3040,1.097065790587797e-06,0.0,492
0,0,331,0.07,80,38,3040,0.0005121847570768,0.0,373
0,0,775,0.07,80,38,3040,0.0015471719164669,0.002,817
0,0,937,0.07,80,38,3040,2.950433390272127e-07,0.0,979
0,0,451,0.07,80,38,3040,1.0554070252147905e-06,0.0,493
0,0,636,0.07,80,38,3040,0.0082979580382198,0.004,678
0,0,332,0.07,80,38,3040,2.8073824748798565e-06,0.0,374
0,0,938,0.07,80,38,3040,4.5296210790858524e-06,0.0,980
0,0,637,0.07,80,38,3040,1.531713339513409e-07,0.0,679
0,0,776,0.07,80,38,3040,0.0007196107424079,0.0,818
0,0,452,0.07,80,38,3040,0.0772495893758649,0.051,494
0,0,333,0.07,80,38,3040,0.0004484717066874,0.001,375
0,0,638,0.07,80,38,3040,1.0437158906411426e-05,0.0,680
0,0,939,0.07,80,38,3040,1.518201914869691e-06,0.0,981
0,0,453,0.07,80,38,3040,7.684291389074125e-05,0.0,495
0,0,639,0.07,80,38,3040,0.0040126989888618,0.001,681
0,0,777,0.07,80,38,3040,0.0031242349691587,0.0,819
0,0,454,0.07,80,38,3040,6.534984267034447e-05,0.0,496
0,0,940,0.07,80,38,3040,0.0019739635158969,0.001,982
0,0,640,0.07,80,38,3040,0.0283354871535005,0.006,682
0,0,455,0.07,80,38,3040,7.346825712555842e-07,0.0,497
0,0,778,0.07,80,38,3040,5.290543599737375e-07,0.0,820
0,0,941,0.07,80,38,3040,0.0039543450902997,0.001,983
0,0,641,0.07,80,38,3040,0.0258277070581434,0.002,683
0,0,456,0.07,80,38,3040,0.0002382611870937,0.0,498
0,0,942,0.07,80,38,3040,0.0032682607300042,0.0,984
0,0,642,0.07,80,38,3040,4.371933180046148e-05,0.0,684
0,0,779,0.07,80,38,3040,3.765921211436749e-15,0.0,821
0,0,457,0.07,80,38,3040,5.892125108441739e-08,0.0,499
0,0,943,0.07,80,38,3040,0.0016679304518836,0.0,985
0,0,643,0.07,80,38,3040,5.555000314049401e-07,0.0,685
0,0,458,0.07,80,38,3040,2.1824207920808144e-08,0.0,500
0,0,644,0.07,80,38,3040,5.181525459422794e-07,0.0,686
0,0,944,0.07,80,38,3040,0.0009552006740129,0.0,986
0,0,780,0.07,80,38,3040,4.541563123048856e-08,0.0,822
0,0,459,0.07,80,38,3040,5.8588312933826344e-08,0.0,501
0,0,945,0.07,80,38,3040,4.020965373688511e-05,0.0,987
0,0,645,0.07,80,38,3040,9.135230094203552e-07,0.0,687
0,0,460,0.07,80,38,3040,8.37219446541322e-10,0.0,502
0,0,946,0.07,80,38,3040,5.87919026923888e-05,0.0,988
0,0,781,0.07,80,38,3040,0.0136890477992078,0.014,823
0,0,461,0.07,80,38,3040,0.0061833632030758,0.003,503
0,0,646,0.07,80,38,3040,0.0226263921031941,0.006,688
0,0,947,0.07,80,38,3040,6.302318988865958e-08,0.0,989
0,0,647,0.07,80,38,3040,1.4233984910822337e-06,0.0,689
0,0,782,0.07,80,38,3040,2.766191917565645e-06,0.0,824
0,0,462,0.07,80,38,3040,5.558423415833066e-09,0.0,504
0,0,948,0.07,80,38,3040,0.0016433451483925,0.001,990
0,0,648,0.07,80,38,3040,2.222961884398668e-05,0.0,690
0,0,783,0.07,80,38,3040,1.1322227852835293e-07,0.0,825
0,0,463,0.07,80,38,3040,1.626532793459575e-07,0.0,505
0,0,949,0.07,80,38,3040,1.1965375917495726e-05,0.0,991
0,0,649,0.07,80,38,3040,0.0075223703375199,0.0,691
0,0,464,0.07,80,38,3040,4.773979033049577e-05,0.0,506
0,0,950,0.07,80,38,3040,0.0023278267752068,0.002,992
0,0,784,0.07,80,38,3040,0.0001318282059454,0.0,826
0,0,650,0.07,80,38,3040,8.528170953641368e-06,0.0,692
0,0,465,0.07,80,38,3040,0.0024172032603822,0.001,507
0,0,951,0.07,80,38,3040,0.0009136158543881,0.0,993
0,0,785,0.07,80,38,3040,1.6541399564699843e-06,0.0,827
0,0,651,0.07,80,38,3040,2.342417328345234e-12,0.0,693
0,0,466,0.07,80,38,3040,2.4244454347031984e-08,0.0,508
0,0,952,0.07,80,38,3040,1.5523981837166572e-05,0.0,994
0,0,786,0.07,80,38,3040,0.0011812031506382,0.003,828
0,0,467,0.07,80,38,3040,3.150526358387298e-05,0.0,509
0,0,652,0.07,80,38,3040,9.062690220604993e-08,0.0,694
0,0,953,0.07,80,38,3040,3.458527292783777e-07,0.0,995
0,0,468,0.07,80,38,3040,8.606925692250731e-06,0.0,510
0,0,653,0.07,80,38,3040,5.338738364670264e-07,0.0,695
0,0,787,0.07,80,38,3040,0.4686465181780608,0.386,829
0,0,954,0.07,80,38,3040,0.0710741228811021,0.024,996
0,0,469,0.07,80,38,3040,2.1541463270425066e-07,0.0,511
0,0,654,0.07,80,38,3040,0.0001257138702599,0.0,696
0,0,788,0.07,80,38,3040,0.0112606637540035,0.006,830
0,0,955,0.07,80,38,3040,0.0138317422428796,0.002,997
0,0,470,0.07,80,38,3040,0.0001624339672732,0.0,512
0,0,789,0.07,80,38,3040,2.792760663252789e-07,0.0,831
0,0,655,0.07,80,38,3040,2.111859779043564e-06,0.0,697
0,0,956,0.07,80,38,3040,0.1552660828721396,0.071,998
0,0,790,0.07,80,38,3040,8.794385195150847e-06,0.0,832
0,0,656,0.07,80,38,3040,0.0210127662999695,0.012,698
0,0,471,0.07,80,38,3040,0.0001454382804149,0.0,513
0,0,957,0.07,80,38,3040,1.3453720599472496e-05,0.0,999
0,0,791,0.07,80,38,3040,3.735583759945287e-06,0.0,833
0,0,472,0.07,80,38,3040,0.0016118965957066,0.0,514
0,0,657,0.07,80,38,3040,7.2545794805772e-08,0.0,699
0,0,792,0.07,80,38,3040,7.809032102698459e-06,0.0,834
0,0,958,0.07,80,38,3040,1.4727982234423216e-06,0.0,1000
0,0,793,0.07,80,38,3040,4.055588433001533e-09,0.0,835
0,0,658,0.07,80,38,3040,1.4003746154000316e-05,0.0,700
0,0,473,0.07,80,38,3040,2.979390867656621e-07,0.0,515
0,0,959,0.07,80,38,3040,6.340955566372458e-05,0.0,1001
0,0,659,0.07,80,38,3040,1.181047030320302e-06,0.0,701
0,0,794,0.07,80,38,3040,0.0027185449076831,0.001,836
0,0,474,0.07,80,38,3040,0.0001177252984983,0.0,516
0,0,960,0.07,80,38,3040,0.0001199879144102,0.0,1002
0,0,660,0.07,80,38,3040,0.002228444043227,0.0,702
0,0,795,0.07,80,38,3040,6.507133960351822e-07,0.0,837
0,0,961,0.07,80,38,3040,3.5140314857817226e-05,0.0,1003
0,0,661,0.07,80,38,3040,0.0030662493672233,0.001,703
0,0,475,0.07,80,38,3040,0.0006784407183268,0.0,517
0,0,796,0.07,80,38,3040,1.3270091417441146e-08,0.0,838
0,0,962,0.07,80,38,3040,2.7027797983552684e-11,0.0,1004
0,0,476,0.07,80,38,3040,3.11446162795911e-06,0.0,518
0,0,797,0.07,80,38,3040,6.445423902560909e-06,0.0,839
0,0,662,0.07,80,38,3040,4.542352519559693e-05,0.0,704
0,0,963,0.07,80,38,3040,0.0043439058020372,0.004,1005
0,0,477,0.07,80,38,3040,0.0010512076200546,0.001,519
0,0,798,0.07,80,38,3040,2.8240329905975017e-07,0.0,840
0,0,663,0.07,80,38,3040,1.689334853447851e-05,0.0,705
0,0,964,0.07,80,38,3040,0.0026846133525609,0.006,1006
0,0,478,0.07,80,38,3040,3.789258976244793e-07,0.0,520
0,0,664,0.07,80,38,3040,6.247381114657444e-08,0.0,706
0,0,799,0.07,80,38,3040,0.0032061017833146,0.0,841
0,0,965,0.07,80,38,3040,0.0005729735270217,0.0,1007
0,0,479,0.07,80,38,3040,0.0329032253160611,0.005,521
0,0,665,0.07,80,38,3040,1.0054404033612857e-05,0.0,707
0,0,800,0.07,80,38,3040,5.337836759720282e-05,0.001,842
0,0,480,0.07,80,38,3040,0.0669601180633992,0.013,522
0,0,666,0.07,80,38,3040,0.0616488291695397,0.01,708
0,0,966,0.07,80,38,3040,0.0196004549184126,0.063,1008
0,0,801,0.07,80,38,3040,0.0141647622817276,0.0,843
0,0,481,0.07,80,38,3040,0.0211618733374813,0.004,523
0,0,667,0.07,80,38,3040,0.0056642607684047,0.0,709
0,0,967,0.07,80,38,3040,0.0002915001974763,0.0,1009
0,0,802,0.07,80,38,3040,2.374987305822976e-09,0.0,844
0,0,482,0.07,80,38,3040,0.0013875359927648,0.001,524
0,0,968,0.07,80,38,3040,0.0002434698076972,0.0,1010
0,0,803,0.07,80,38,3040,0.0005345964237133,0.0,845
0,0,483,0.07,80,38,3040,1.163527352575009e-08,0.0,525
0,0,969,0.07,80,38,3040,0.0014288848447865,0.0,1011
0,0,804,0.07,80,38,3040,8.335440472939623e-08,0.0,846
0,0,484,0.07,80,38,3040,0.0255400322250384,0.016,526
0,0,805,0.07,80,38,3040,1.9159392115187643e-06,0.0,847
0,0,970,0.07,80,38,3040,7.29018565352017e-08,0.0,1012
0,0,485,0.07,80,38,3040,0.001418794026197,0.0,527
0,0,806,0.07,80,38,3040,4.0457489113387605e-05,0.0,848
0,0,971,0.07,80,38,3040,0.0069805277982458,0.009,1013
0,0,486,0.07,80,38,3040,4.0974182835053536e-11,0.0,528
0,0,807,0.07,80,38,3040,0.0050059806647682,0.0,849
0,0,972,0.07,80,38,3040,2.3494022868245596e-08,0.0,1014
0,0,487,0.07,80,38,3040,3.10920682703793e-07,0.0,529
0,0,808,0.07,80,38,3040,0.0028135118168183,0.0,850
0,0,973,0.07,80,38,3040,3.548452745852451e-05,0.0,1015
0,0,488,0.07,80,38,3040,1.960114418841651e-07,0.0,530
0,0,809,0.07,80,38,3040,0.0034539232424357,0.0,851
0,0,974,0.07,80,38,3040,5.750250721453393e-07,0.0,1016
0,0,489,0.07,80,38,3040,0.0013438657599779,0.0,531
0,0,810,0.07,80,38,3040,0.0004052388214332,0.0,852
0,0,975,0.07,80,38,3040,0.0056566962993052,0.004,1017
0,0,490,0.07,80,38,3040,1.131189281283553e-05,0.0,532
0,0,811,0.07,80,38,3040,6.0733203390617976e-05,0.0,853
0,0,976,0.07,80,38,3040,3.430759923180844e-05,0.0,1018
0,0,491,0.07,80,38,3040,1.3715830711695608e-06,0.0,533
0,0,812,0.07,80,38,3040,0.0049970205968003,0.003,854
0,0,977,0.07,80,38,3040,3.3294512221796336e-08,0.0,1019
0,0,492,0.07,80,38,3040,0.0383362960587551,0.02,534
0,0,813,0.07,80,38,3040,1.3048711752506257e-05,0.0,855
0,0,978,0.07,80,38,3040,0.0003406132451258,0.0,1020
0,0,493,0.07,80,38,3040,6.696501711275669e-07,0.0,535
0,0,814,0.07,80,38,3040,1.684897182902999e-05,0.0,856
0,0,979,0.07,80,38,3040,0.0018397743181548,0.0,1021
0,0,494,0.07,80,38,3040,2.188028014740065e-08,0.0,536
0,0,815,0.07,80,38,3040,3.358124413028402e-05,0.0,857
0,0,980,0.07,80,38,3040,0.0010782694909061,0.0,1022
0,0,495,0.07,80,38,3040,2.789025100841547e-07,0.0,537
0,0,816,0.07,80,38,3040,0.0070504970077567,0.001,858
0,0,981,0.07,80,38,3040,3.6030590004009657e-06,0.0,1023
0,0,496,0.07,80,38,3040,1.5887240864573586e-08,0.0,538
0,0,817,0.07,80,38,3040,0.0002144190193444,0.001,859
0,0,982,0.07,80,38,3040,0.0101522058033838,0.012,1024
0,0,497,0.07,80,38,3040,1.0862088075655574e-09,0.0,539
0,0,818,0.07,80,38,3040,0.0009957475390972,0.002,860
0,0,983,0.07,80,38,3040,1.742498581554732e-08,0.0,1025
0,0,819,0.07,80,38,3040,0.066694618920357,0.017,861
0,0,498,0.07,80,38,3040,4.744091673300361e-08,0.0,540
0,0,820,0.07,80,38,3040,5.57331781089427e-06,0.0,862
0,0,499,0.07,80,38,3040,3.538360309785271e-05,0.0,541
0,0,984,0.07,80,38,3040,0.0003100232090253,0.0,1026
0,0,821,0.07,80,38,3040,3.561014948280905e-05,0.0,863
0,0,500,0.07,80,38,3040,3.8294003343973295e-06,0.0,542
0,0,822,0.07,80,38,3040,0.0001987257072979,0.0,864
0,0,985,0.07,80,38,3040,1.338208301618685e-09,0.0,1027
0,0,823,0.07,80,38,3040,0.0008421220955037,0.002,865
0,0,986,0.07,80,38,3040,0.0007427502877781,0.0,1028
0,0,824,0.07,80,38,3040,0.0004632271106033,0.0,866
0,0,987,0.07,80,38,3040,0.0005888362784036,0.0,1029
0,0,825,0.07,80,38,3040,4.0298042328833885e-06,0.0,867
0,0,988,0.07,80,38,3040,6.829335986137252e-07,0.0,1030
0,0,826,0.07,80,38,3040,8.390836003942233e-06,0.0,868
0,0,989,0.07,80,38,3040,0.0143408675948593,0.001,1031
0,0,827,0.07,80,38,3040,0.0003734957318003,0.0,869
0,0,990,0.07,80,38,3040,0.0002530275539611,0.0,1032
0,0,828,0.07,80,38,3040,5.08630693460934e-08,0.0,870
0,0,991,0.07,80,38,3040,1.73398180487049e-06,0.0,1033
0,0,829,0.07,80,38,3040,4.537324064993734e-06,0.0,871
0,0,992,0.07,80,38,3040,1.4622028197834446e-06,0.0,1034
0,0,830,0.07,80,38,3040,0.0656631607359237,0.026,872
0,0,993,0.07,80,38,3040,1.3143219415409702e-10,0.0,1035
0,0,831,0.07,80,38,3040,0.005641975643665,0.003,873
0,0,994,0.07,80,38,3040,8.243710094623191e-10,0.0,1036
0,0,832,0.07,80,38,3040,1.263013728339311e-06,0.0,874
0,0,995,0.07,80,38,3040,0.0002382801527473,0.0,1037
0,0,833,0.07,80,38,3040,0.0048971345685528,0.0,875
0,0,996,0.07,80,38,3040,0.0003047297038254,0.0,1038
0,0,997,0.07,80,38,3040,1.349062030143561e-06,0.0,1039
0,0,998,0.07,80,38,3040,9.508929853816191e-11,0.0,1040
0,0,999,0.07,80,38,3040,2.681722244899074e-05,0.0,1041
