sim_id,trial_id,p_diff,n_raters,scores_per_r,total_scores,propz_pval,bht_pval,seed
0,167,0.0,80,38,3040,0.94386723279852,0.943,209
0,834,0.0,80,38,3040,0.5967055681913431,0.855,876
0,501,0.0,80,38,3040,0.15861866563249927,0.1,543
0,668,0.0,80,38,3040,0.564104474613291,0.604,710
0,168,0.0,80,38,3040,0.7290501726112502,0.877,210
0,0,0.0,80,38,3040,0.9692233056364944,0.92,42
0,835,0.0,80,38,3040,0.022616224860869286,0.004,877
0,502,0.0,80,38,3040,0.5106348523898837,0.648,544
0,334,0.0,80,38,3040,0.012614140163748875,0.002,376
0,836,0.0,80,38,3040,0.13482319237344448,0.076,878
0,669,0.0,80,38,3040,0.8628011192806175,0.856,711
0,1,0.0,80,38,3040,0.23335982485753565,0.186,43
0,837,0.0,80,38,3040,0.8811175808253964,0.947,879
0,169,0.0,80,38,3040,0.9629615260182547,0.992,211
0,670,0.0,80,38,3040,0.6220399337165148,0.379,712
0,503,0.0,80,38,3040,0.1819994660695461,0.168,545
0,335,0.0,80,38,3040,0.20029038557463935,0.292,377
0,671,0.0,80,38,3040,0.04384173766481518,0.145,713
0,2,0.0,80,38,3040,0.7975837746296677,0.519,44
0,170,0.0,80,38,3040,0.13565211327963217,0.134,212
0,838,0.0,80,38,3040,0.8652205829574218,0.982,880
0,504,0.0,80,38,3040,0.9723764998981663,0.991,546
0,672,0.0,80,38,3040,0.6430342943402936,0.664,714
0,505,0.0,80,38,3040,0.1836556989869746,0.182,547
0,336,0.0,80,38,3040,0.3251705444131133,0.287,378
0,839,0.0,80,38,3040,0.9699361913634534,0.972,881
0,3,0.0,80,38,3040,0.8598970836981075,0.841,45
0,171,0.0,80,38,3040,0.9952622013172702,1.0,213
0,840,0.0,80,38,3040,0.9681071971530144,0.993,882
0,673,0.0,80,38,3040,0.0778675006310413,0.056,715
0,506,0.0,80,38,3040,0.9198525453314521,0.855,548
0,337,0.0,80,38,3040,0.2434335253375246,0.397,379
0,172,0.0,80,38,3040,0.687543235759817,0.418,214
0,674,0.0,80,38,3040,0.5858597257051443,0.876,716
0,507,0.0,80,38,3040,0.6594980159005012,0.615,549
0,4,0.0,80,38,3040,0.5460411560890316,0.613,46
0,841,0.0,80,38,3040,0.4521447797282809,0.763,883
0,508,0.0,80,38,3040,0.14258026462171475,0.215,550
0,675,0.0,80,38,3040,0.3326502187650885,0.342,717
0,842,0.0,80,38,3040,0.06610986790635916,0.078,884
0,173,0.0,80,38,3040,0.014174971585172677,0.011,215
0,676,0.0,80,38,3040,0.9677688001223462,0.927,718
0,5,0.0,80,38,3040,0.11849586195780565,0.051,47
0,338,0.0,80,38,3040,0.9743841701143346,0.999,380
0,509,0.0,80,38,3040,0.42164923332396687,0.513,551
0,843,0.0,80,38,3040,0.031932751597352003,0.015,885
0,174,0.0,80,38,3040,0.13278053999442102,0.351,216
0,6,0.0,80,38,3040,0.8777613390152161,0.833,48
0,677,0.0,80,38,3040,0.3070587433302213,0.512,719
0,510,0.0,80,38,3040,0.7136377128823224,0.764,552
0,339,0.0,80,38,3040,0.0005523816254189633,0.0,381
0,678,0.0,80,38,3040,0.9396887770796312,0.985,720
0,7,0.0,80,38,3040,0.27816760969992166,0.22,49
0,844,0.0,80,38,3040,0.6022486248964914,0.537,886
0,175,0.0,80,38,3040,0.9962771319802535,0.998,217
0,340,0.0,80,38,3040,0.3097842305997445,0.21,382
0,511,0.0,80,38,3040,0.0221933647639648,0.049,553
0,679,0.0,80,38,3040,0.5981598494592439,0.497,721
0,8,0.0,80,38,3040,0.9948936079600539,0.999,50
0,341,0.0,80,38,3040,0.7363398155131167,0.755,383
0,512,0.0,80,38,3040,0.8782929591574931,0.888,554
0,176,0.0,80,38,3040,0.17953081706173485,0.205,218
0,845,0.0,80,38,3040,0.25579129283378454,0.156,887
0,680,0.0,80,38,3040,0.9998235511322832,1.0,722
0,513,0.0,80,38,3040,0.3790533273581639,0.297,555
0,846,0.0,80,38,3040,0.5343757579142324,0.472,888
0,9,0.0,80,38,3040,0.7725024282816451,0.851,51
0,681,0.0,80,38,3040,0.6167435156241585,0.835,723
0,847,0.0,80,38,3040,0.9422934297042038,0.96,889
0,342,0.0,80,38,3040,0.9959635816668939,1.0,384
0,177,0.0,80,38,3040,0.830123070683342,0.925,219
0,682,0.0,80,38,3040,0.012079365580225205,0.001,724
0,10,0.0,80,38,3040,0.3632849698030226,0.16,52
0,514,0.0,80,38,3040,0.5067643049949632,0.358,556
0,848,0.0,80,38,3040,0.5563550013413464,0.496,890
0,515,0.0,80,38,3040,0.5329279755045855,0.374,557
0,11,0.0,80,38,3040,0.017878650319365134,0.022,53
0,178,0.0,80,38,3040,0.9939989009012511,0.996,220
0,683,0.0,80,38,3040,0.36498723689737816,0.631,725
0,849,0.0,80,38,3040,0.5206528574607175,0.666,891
0,343,0.0,80,38,3040,0.9574981757781839,0.971,385
0,516,0.0,80,38,3040,0.0036393256787678723,0.0,558
0,12,0.0,80,38,3040,0.35034962807167036,0.392,54
0,684,0.0,80,38,3040,0.49037848300986714,0.572,726
0,517,0.0,80,38,3040,0.21089215980689585,0.191,559
0,850,0.0,80,38,3040,0.9733725302071454,0.991,892
0,518,0.0,80,38,3040,0.39234761407459023,0.504,560
0,685,0.0,80,38,3040,0.6170705571422289,0.806,727
0,344,0.0,80,38,3040,0.9658931780999221,0.985,386
0,179,0.0,80,38,3040,0.8954571443543757,0.943,221
0,13,0.0,80,38,3040,0.8125244487711496,0.884,55
0,851,0.0,80,38,3040,0.9248409440230583,0.981,893
0,686,0.0,80,38,3040,0.6956350280094087,0.778,728
0,519,0.0,80,38,3040,0.2251161909766975,0.237,561
0,687,0.0,80,38,3040,0.2754848897494462,0.137,729
0,180,0.0,80,38,3040,0.999908955828976,1.0,222
0,852,0.0,80,38,3040,0.07747526589124266,0.039,894
0,345,0.0,80,38,3040,0.3117309810692499,0.476,387
0,14,0.0,80,38,3040,0.7520301046255017,0.644,56
0,688,0.0,80,38,3040,0.29207189079996143,0.566,730
0,520,0.0,80,38,3040,0.9814258227271797,0.965,562
0,181,0.0,80,38,3040,0.43183041292822416,0.718,223
0,15,0.0,80,38,3040,0.24129466160776092,0.159,57
0,689,0.0,80,38,3040,0.9218778359084041,0.882,731
0,853,0.0,80,38,3040,0.6789259731795243,0.661,895
0,346,0.0,80,38,3040,0.3062749865493649,0.254,388
0,521,0.0,80,38,3040,0.5784190732690299,0.766,563
0,690,0.0,80,38,3040,0.6952909535887799,0.778,732
0,16,0.0,80,38,3040,0.01425702974572405,0.023,58
0,854,0.0,80,38,3040,0.006008436660915482,0.012,896
0,182,0.0,80,38,3040,0.8542119827138754,0.888,224
0,522,0.0,80,38,3040,0.5081719318799742,0.539,564
0,691,0.0,80,38,3040,0.6243570193729433,0.849,733
0,347,0.0,80,38,3040,0.45837913559637145,0.497,389
0,855,0.0,80,38,3040,0.8108305976866959,0.93,897
0,17,0.0,80,38,3040,0.294741382127521,0.337,59
0,523,0.0,80,38,3040,0.05555401631812941,0.036,565
0,692,0.0,80,38,3040,0.07033253150526497,0.072,734
0,856,0.0,80,38,3040,0.5706978966670296,0.385,898
0,183,0.0,80,38,3040,0.6126959631667831,0.457,225
0,693,0.0,80,38,3040,0.9949258958676844,0.992,735
0,348,0.0,80,38,3040,0.09782760383518513,0.147,390
0,524,0.0,80,38,3040,0.8363622870640643,0.873,566
0,857,0.0,80,38,3040,0.5443177343413511,0.584,899
0,18,0.0,80,38,3040,0.7797611861953542,0.893,60
0,184,0.0,80,38,3040,0.8182808399932875,0.823,226
0,349,0.0,80,38,3040,0.5226852468442673,0.694,391
0,858,0.0,80,38,3040,0.5948239773758108,0.583,900
0,525,0.0,80,38,3040,0.9824027425522106,0.985,567
0,694,0.0,80,38,3040,0.3190962200399524,0.235,736
0,859,0.0,80,38,3040,0.4881116001617627,0.34,901
0,185,0.0,80,38,3040,0.9558430041761334,0.902,227
0,526,0.0,80,38,3040,0.05412449567840536,0.035,568
0,860,0.0,80,38,3040,0.8131004374532583,0.894,902
0,350,0.0,80,38,3040,0.3814796837264091,0.479,392
0,19,0.0,80,38,3040,0.9018310075292374,0.901,61
0,695,0.0,80,38,3040,0.3481267215616666,0.341,737
0,527,0.0,80,38,3040,0.8860052846554489,0.95,569
0,186,0.0,80,38,3040,0.6978904033961206,0.644,228
0,861,0.0,80,38,3040,0.6320013925785329,0.73,903
0,696,0.0,80,38,3040,0.25853247071737084,0.244,738
0,351,0.0,80,38,3040,0.8457441994339332,0.803,393
0,528,0.0,80,38,3040,2.5556360363456988e-05,0.0,570
0,862,0.0,80,38,3040,0.4366669178928195,0.323,904
0,20,0.0,80,38,3040,0.4637538397257303,0.333,62
0,187,0.0,80,38,3040,0.9286973737428579,0.987,229
0,529,0.0,80,38,3040,0.2982449964327214,0.212,571
0,697,0.0,80,38,3040,0.5912018008407123,0.849,739
0,352,0.0,80,38,3040,0.7141518078023448,0.72,394
0,188,0.0,80,38,3040,0.3708570292025836,0.662,230
0,21,0.0,80,38,3040,0.9258363881845046,0.967,63
0,530,0.0,80,38,3040,0.2620640453232323,0.137,572
0,189,0.0,80,38,3040,0.29911062762053175,0.262,231
0,531,0.0,80,38,3040,0.005395995282272851,0.001,573
0,190,0.0,80,38,3040,0.9665761579287003,0.972,232
0,532,0.0,80,38,3040,0.3831237615089956,0.259,574
0,191,0.0,80,38,3040,0.9401973725146083,0.984,233
0,533,0.0,80,38,3040,0.937130306388648,0.966,575
0,192,0.0,80,38,3040,0.752586023162001,0.689,234
0,534,0.0,80,38,3040,0.6803697368982757,0.616,576
0,193,0.0,80,38,3040,0.8769023768368575,0.942,235
0,535,0.0,80,38,3040,0.7010671395083772,0.715,577
0,194,0.0,80,38,3040,0.3900332441096056,0.503,236
0,536,0.0,80,38,3040,0.597114653726025,0.589,578
0,195,0.0,80,38,3040,0.008201479499372319,0.007,237
0,537,0.0,80,38,3040,0.3054395231639154,0.524,579
0,196,0.0,80,38,3040,0.008925414948543035,0.034,238
0,538,0.0,80,38,3040,0.953576581024976,0.972,580
0,539,0.0,80,38,3040,0.8380745815543074,0.943,581
0,197,0.0,80,38,3040,0.17627494779059072,0.193,239
0,540,0.0,80,38,3040,0.5767763491365607,0.491,582
0,198,0.0,80,38,3040,0.6109440772598402,0.374,240
0,541,0.0,80,38,3040,0.3748207398411504,0.371,583
0,199,0.0,80,38,3040,0.03167748630337185,0.04,241
0,542,0.0,80,38,3040,0.49503828314893644,0.677,584
0,200,0.0,80,38,3040,0.6773231621065208,0.752,242
0,543,0.0,80,38,3040,0.552412614268755,0.455,585
0,201,0.0,80,38,3040,0.71736386132673,0.942,243
0,544,0.0,80,38,3040,0.915822371924161,0.96,586
0,202,0.0,80,38,3040,0.3441299330345289,0.225,244
0,545,0.0,80,38,3040,0.3333637937711285,0.252,587
0,203,0.0,80,38,3040,0.01257411213284302,0.002,245
0,546,0.0,80,38,3040,0.9866251637761826,0.977,588
0,204,0.0,80,38,3040,0.10060009018728289,0.092,246
0,547,0.0,80,38,3040,0.5893472044869271,0.647,589
0,205,0.0,80,38,3040,0.026583963183969887,0.015,247
0,548,0.0,80,38,3040,0.6891862912980771,0.673,590
0,206,0.0,80,38,3040,0.13553301172189192,0.125,248
0,549,0.0,80,38,3040,0.01987444875634414,0.021,591
0,207,0.0,80,38,3040,0.3864226156156245,0.465,249
0,550,0.0,80,38,3040,0.17012268907227945,0.204,592
0,208,0.0,80,38,3040,0.056163062423323175,0.062,250
0,551,0.0,80,38,3040,0.7125550479115865,0.384,593
0,209,0.0,80,38,3040,0.8343645468567358,0.836,251
0,552,0.0,80,38,3040,0.2019220510690542,0.228,594
0,210,0.0,80,38,3040,0.0032736113893771716,0.001,252
0,553,0.0,80,38,3040,0.04276314812924733,0.046,595
0,211,0.0,80,38,3040,0.727005066196735,0.518,253
0,554,0.0,80,38,3040,0.32785593215334186,0.218,596
0,212,0.0,80,38,3040,0.4236492819126403,0.782,254
0,555,0.0,80,38,3040,0.9371898164306,0.968,597
0,213,0.0,80,38,3040,0.18618965972466284,0.053,255
0,556,0.0,80,38,3040,0.7679883001173364,0.907,598
0,214,0.0,80,38,3040,0.3249427092431438,0.534,256
0,215,0.0,80,38,3040,0.9757612701561306,0.999,257
0,557,0.0,80,38,3040,0.7748358764641569,0.745,599
0,216,0.0,80,38,3040,0.9501731646026476,0.94,258
0,558,0.0,80,38,3040,0.5117926955456631,0.535,600
0,559,0.0,80,38,3040,0.9465427887109985,0.91,601
0,217,0.0,80,38,3040,0.8767445356526236,0.938,259
0,560,0.0,80,38,3040,0.058323162612158426,0.038,602
0,218,0.0,80,38,3040,0.33352774781291583,0.255,260
0,219,0.0,80,38,3040,0.5113319591170967,0.209,261
0,561,0.0,80,38,3040,0.40806355295560365,0.522,603
0,220,0.0,80,38,3040,0.006285384621868319,0.007,262
0,562,0.0,80,38,3040,0.825320722967344,0.962,604
0,221,0.0,80,38,3040,0.9851621517793124,0.987,263
0,563,0.0,80,38,3040,0.3912032691986456,0.48,605
0,564,0.0,80,38,3040,0.06493352318413816,0.106,606
0,222,0.0,80,38,3040,0.6034229345435138,0.804,264
0,565,0.0,80,38,3040,0.9934946224089708,0.986,607
0,223,0.0,80,38,3040,0.9098912131097072,0.93,265
0,566,0.0,80,38,3040,0.16815633737752084,0.126,608
0,224,0.0,80,38,3040,0.15815766383885999,0.438,266
0,567,0.0,80,38,3040,0.5501745325743196,0.672,609
0,225,0.0,80,38,3040,0.7574746195434429,0.757,267
0,568,0.0,80,38,3040,0.9785850731699722,0.995,610
0,226,0.0,80,38,3040,0.1809360657993836,0.26,268
0,569,0.0,80,38,3040,0.4982762004940758,0.261,611
0,570,0.0,80,38,3040,0.6216462710810673,0.662,612
0,227,0.0,80,38,3040,0.062489619239710234,0.092,269
0,571,0.0,80,38,3040,0.9872604640208016,0.975,613
0,228,0.0,80,38,3040,0.7524459381931603,0.886,270
0,572,0.0,80,38,3040,0.09732745979132312,0.027,614
0,229,0.0,80,38,3040,0.8611266198264477,0.751,271
0,573,0.0,80,38,3040,0.02392006732087639,0.009,615
0,230,0.0,80,38,3040,0.4759653432865906,0.365,272
0,574,0.0,80,38,3040,0.902951920500449,0.842,616
0,231,0.0,80,38,3040,0.14605106783289334,0.067,273
0,575,0.0,80,38,3040,0.8237307487695871,0.853,617
0,232,0.0,80,38,3040,0.8132650687009653,0.83,274
0,576,0.0,80,38,3040,0.022601135100049442,0.019,618
0,233,0.0,80,38,3040,0.9576517247132534,0.985,275
0,577,0.0,80,38,3040,0.7184754701305429,0.763,619
0,234,0.0,80,38,3040,0.23022751992276203,0.135,276
0,578,0.0,80,38,3040,0.21289236820081925,0.105,620
0,235,0.0,80,38,3040,0.2666856499836908,0.17,277
0,579,0.0,80,38,3040,0.16580468328624431,0.121,621
0,236,0.0,80,38,3040,0.005474799681775267,0.001,278
0,580,0.0,80,38,3040,0.05087733766398365,0.021,622
0,237,0.0,80,38,3040,0.5243523543780219,0.501,279
0,581,0.0,80,38,3040,0.05798715605521627,0.121,623
0,238,0.0,80,38,3040,0.5857046406260044,0.648,280
0,582,0.0,80,38,3040,0.46654270932354547,0.619,624
0,239,0.0,80,38,3040,0.9624272613261795,0.968,281
0,583,0.0,80,38,3040,0.9062861720720903,0.977,625
0,240,0.0,80,38,3040,0.35229937487212026,0.407,282
0,584,0.0,80,38,3040,0.10134957032378955,0.022,626
0,241,0.0,80,38,3040,0.974863843907498,0.982,283
0,585,0.0,80,38,3040,0.17248340351358143,0.358,627
0,242,0.0,80,38,3040,0.9295274510212476,0.803,284
0,586,0.0,80,38,3040,0.45741854593365466,0.579,628
0,243,0.0,80,38,3040,0.9535483773819584,0.981,285
0,587,0.0,80,38,3040,0.1289704509091859,0.175,629
0,244,0.0,80,38,3040,0.16655196849456688,0.053,286
0,588,0.0,80,38,3040,0.022684660141452727,0.028,630
0,245,0.0,80,38,3040,0.2541671801556841,0.197,287
0,589,0.0,80,38,3040,0.14575651815428814,0.154,631
0,246,0.0,80,38,3040,0.8432148210091078,0.83,288
0,590,0.0,80,38,3040,0.9450683732073375,0.95,632
0,247,0.0,80,38,3040,0.2633929131810496,0.1,289
0,591,0.0,80,38,3040,0.042244965094688905,0.002,633
0,248,0.0,80,38,3040,0.0007897621393081252,0.0,290
0,592,0.0,80,38,3040,0.0793627141805402,0.084,634
0,249,0.0,80,38,3040,0.6084328653215679,0.808,291
0,593,0.0,80,38,3040,0.9325058261143119,0.871,635
0,250,0.0,80,38,3040,0.5003251871249543,0.715,292
0,594,0.0,80,38,3040,0.5013864992725172,0.41,636
0,251,0.0,80,38,3040,0.8781304130616044,0.935,293
0,595,0.0,80,38,3040,0.09081021852724291,0.028,637
0,252,0.0,80,38,3040,0.9781632328218512,0.991,294
0,596,0.0,80,38,3040,0.7824191486883041,0.736,638
0,253,0.0,80,38,3040,0.8897831369812262,0.959,295
0,597,0.0,80,38,3040,0.8983445313002417,0.935,639
0,254,0.0,80,38,3040,0.016325453019381937,0.02,296
0,598,0.0,80,38,3040,0.5649717589132848,0.629,640
0,255,0.0,80,38,3040,0.5223021124945476,0.664,297
0,599,0.0,80,38,3040,0.03042608546462212,0.057,641
0,256,0.0,80,38,3040,0.35498961150679303,0.349,298
0,600,0.0,80,38,3040,0.29505620028229806,0.268,642
0,601,0.0,80,38,3040,0.8986284647604117,0.959,643
0,257,0.0,80,38,3040,0.8827890720666862,0.843,299
0,602,0.0,80,38,3040,0.3840455410560316,0.135,644
0,258,0.0,80,38,3040,0.931077759484698,0.924,300
0,603,0.0,80,38,3040,0.00012521168526440904,0.0,645
0,259,0.0,80,38,3040,0.0073891842327219685,0.0,301
0,604,0.0,80,38,3040,0.9477319338075676,0.936,646
0,260,0.0,80,38,3040,0.9121266929072767,0.908,302
0,605,0.0,80,38,3040,0.4514392891975924,0.418,647
0,261,0.0,80,38,3040,0.015214444161722185,0.016,303
0,606,0.0,80,38,3040,0.0012468179820789784,0.001,648
0,22,0.0,80,38,3040,0.5535685954413733,0.496,64
0,262,0.0,80,38,3040,0.8461937256071319,0.914,304
0,607,0.0,80,38,3040,0.09267251309945579,0.113,649
0,353,0.0,80,38,3040,0.3219441251152236,0.408,395
0,23,0.0,80,38,3040,0.9416998601247963,0.946,65
0,863,0.0,80,38,3040,0.08531672560725995,0.024,905
0,354,0.0,80,38,3040,0.020729798500962456,0.002,396
0,608,0.0,80,38,3040,0.7537329655183453,0.554,650
0,263,0.0,80,38,3040,0.4666667193702859,0.312,305
0,864,0.0,80,38,3040,0.5389584116379696,0.504,906
0,609,0.0,80,38,3040,0.05889710872192742,0.003,651
0,24,0.0,80,38,3040,0.9203920643069363,0.966,66
0,865,0.0,80,38,3040,0.3393343252817789,0.451,907
0,355,0.0,80,38,3040,0.0651029833830343,0.096,397
0,610,0.0,80,38,3040,0.23635558562538028,0.339,652
0,25,0.0,80,38,3040,0.15934165593747301,0.174,67
0,866,0.0,80,38,3040,0.268096490931524,0.441,908
0,264,0.0,80,38,3040,0.3160866054672463,0.287,306
0,611,0.0,80,38,3040,0.7535753055848546,0.879,653
0,867,0.0,80,38,3040,0.00737723792779007,0.008,909
0,612,0.0,80,38,3040,0.6923986309067879,0.681,654
0,356,0.0,80,38,3040,0.5319427291705724,0.622,398
0,265,0.0,80,38,3040,0.3757382276779979,0.538,307
0,26,0.0,80,38,3040,0.18403819849762942,0.197,68
0,868,0.0,80,38,3040,0.9907202570535244,0.996,910
0,613,0.0,80,38,3040,0.9171160335571201,0.801,655
0,266,0.0,80,38,3040,0.5112978516813215,0.265,308
0,869,0.0,80,38,3040,0.3287880380422814,0.265,911
0,614,0.0,80,38,3040,0.5225156586730463,0.66,656
0,357,0.0,80,38,3040,0.011845564901198929,0.0,399
0,27,0.0,80,38,3040,0.9114169846637203,0.934,69
0,267,0.0,80,38,3040,0.840935207652167,0.96,309
0,615,0.0,80,38,3040,0.004340303011173258,0.009,657
0,870,0.0,80,38,3040,0.9990308330163288,0.999,912
0,28,0.0,80,38,3040,0.8028302650041437,0.733,70
0,358,0.0,80,38,3040,0.9953486271141405,0.999,400
0,268,0.0,80,38,3040,0.8999804297121017,0.896,310
0,616,0.0,80,38,3040,0.5166404704684889,0.691,658
0,871,0.0,80,38,3040,0.24407503782822376,0.234,913
0,29,0.0,80,38,3040,0.28488641058641617,0.152,71
0,269,0.0,80,38,3040,0.12835305642059053,0.25,311
0,617,0.0,80,38,3040,0.29879915699457354,0.62,659
0,359,0.0,80,38,3040,0.9499155343465112,0.959,401
0,872,0.0,80,38,3040,0.45605698725451593,0.414,914
0,30,0.0,80,38,3040,0.4191837375004529,0.267,72
0,31,0.0,80,38,3040,0.6529358452445562,0.666,73
0,270,0.0,80,38,3040,0.8688794560361852,0.96,312
0,360,0.0,80,38,3040,0.9925492778094483,0.998,402
0,618,0.0,80,38,3040,0.9767787469794492,0.997,660
0,873,0.0,80,38,3040,0.06696522503516301,0.037,915
0,32,0.0,80,38,3040,0.22459104421199,0.246,74
0,619,0.0,80,38,3040,0.999250994578529,0.999,661
0,361,0.0,80,38,3040,0.5718681769053001,0.553,403
0,271,0.0,80,38,3040,0.016242758946492446,0.044,313
0,874,0.0,80,38,3040,0.9973542021698595,0.995,916
0,33,0.0,80,38,3040,0.9998236401513596,1.0,75
0,362,0.0,80,38,3040,0.4732823854374682,0.689,404
0,620,0.0,80,38,3040,0.1952574235764038,0.201,662
0,34,0.0,80,38,3040,0.7671274591142299,0.932,76
0,875,0.0,80,38,3040,0.7001462929199697,0.674,917
0,272,0.0,80,38,3040,0.14917114134382237,0.095,314
0,876,0.0,80,38,3040,0.9975621550167284,0.998,918
0,621,0.0,80,38,3040,0.7574964982938939,0.851,663
0,877,0.0,80,38,3040,0.8468165513752315,0.92,919
0,35,0.0,80,38,3040,0.6081364566049443,0.473,77
0,622,0.0,80,38,3040,0.25271940417510486,0.122,664
0,363,0.0,80,38,3040,0.027906989658303853,0.01,405
0,878,0.0,80,38,3040,0.5088623680938289,0.207,920
0,273,0.0,80,38,3040,0.764513261165662,0.846,315
0,623,0.0,80,38,3040,0.31121896198376825,0.135,665
0,36,0.0,80,38,3040,0.49447118846161503,0.474,78
0,364,0.0,80,38,3040,0.994122908662119,1.0,406
0,274,0.0,80,38,3040,0.5115060220343711,0.363,316
0,879,0.0,80,38,3040,0.9192312732253554,0.924,921
0,624,0.0,80,38,3040,0.4454713235565607,0.263,666
0,37,0.0,80,38,3040,0.8791182427458047,0.819,79
0,625,0.0,80,38,3040,0.011639149282331285,0.001,667
0,880,0.0,80,38,3040,0.3464314866949577,0.497,922
0,365,0.0,80,38,3040,0.8603509841982627,0.872,407
0,38,0.0,80,38,3040,0.12717753247106134,0.157,80
0,275,0.0,80,38,3040,0.9725076358075051,0.965,317
0,626,0.0,80,38,3040,0.5550948477667329,0.337,668
0,881,0.0,80,38,3040,0.014587064478942452,0.005,923
0,366,0.0,80,38,3040,0.2992787431513788,0.284,408
0,627,0.0,80,38,3040,0.01712197537327327,0.052,669
0,39,0.0,80,38,3040,0.6497385874520425,0.604,81
0,276,0.0,80,38,3040,0.8092989679972724,0.878,318
0,628,0.0,80,38,3040,0.3058445498152235,0.227,670
0,882,0.0,80,38,3040,0.5020340843943881,0.233,924
0,367,0.0,80,38,3040,0.9982689242745734,0.998,409
0,883,0.0,80,38,3040,0.550312494433021,0.555,925
0,40,0.0,80,38,3040,0.14726744539020759,0.085,82
0,277,0.0,80,38,3040,0.2779987109781507,0.152,319
0,629,0.0,80,38,3040,0.7466198321101581,0.588,671
0,884,0.0,80,38,3040,0.9989840427739414,0.998,926
0,630,0.0,80,38,3040,0.01698477896874864,0.008,672
0,278,0.0,80,38,3040,0.37012477919737224,0.245,320
0,368,0.0,80,38,3040,0.0721360687095773,0.026,410
0,41,0.0,80,38,3040,0.14202480438337023,0.27,83
0,885,0.0,80,38,3040,0.12346752095755276,0.011,927
0,631,0.0,80,38,3040,0.05511724418443367,0.009,673
0,42,0.0,80,38,3040,0.6344565181716558,0.581,84
0,886,0.0,80,38,3040,7.259822504559216e-05,0.0,928
0,279,0.0,80,38,3040,0.07136906886954231,0.099,321
0,43,0.0,80,38,3040,0.6229124434581601,0.378,85
0,369,0.0,80,38,3040,0.13196951807580648,0.11,411
0,632,0.0,80,38,3040,0.0018313407694876115,0.0,674
0,887,0.0,80,38,3040,0.21566786314683273,0.174,929
0,44,0.0,80,38,3040,0.629446305349999,0.525,86
0,280,0.0,80,38,3040,0.5347766124414238,0.756,322
0,888,0.0,80,38,3040,0.2439175007984406,0.102,930
0,370,0.0,80,38,3040,0.2982481258333851,0.093,412
0,633,0.0,80,38,3040,0.12394087671703946,0.095,675
0,45,0.0,80,38,3040,0.7302178363772867,0.89,87
0,634,0.0,80,38,3040,0.004649052239879628,0.0,676
0,371,0.0,80,38,3040,0.6573246693733281,0.81,413
0,281,0.0,80,38,3040,0.017510283437337713,0.009,323
0,889,0.0,80,38,3040,0.26674964619858466,0.175,931
0,46,0.0,80,38,3040,0.7814866998419111,0.96,88
0,890,0.0,80,38,3040,0.6656929593181972,0.613,932
0,282,0.0,80,38,3040,0.27393155945818637,0.085,324
0,635,0.0,80,38,3040,0.0036799822527904323,0.014,677
0,372,0.0,80,38,3040,0.967304372017018,0.991,414
0,47,0.0,80,38,3040,0.5880705815221543,0.769,89
0,636,0.0,80,38,3040,0.8023146648091708,0.9,678
0,283,0.0,80,38,3040,0.8980208554062536,0.913,325
0,891,0.0,80,38,3040,0.13892316954689737,0.13,933
0,637,0.0,80,38,3040,0.3511629777880151,0.381,679
0,48,0.0,80,38,3040,0.23851062629117803,0.317,90
0,284,0.0,80,38,3040,0.5717390239916503,0.827,326
0,49,0.0,80,38,3040,0.002039531550225709,0.001,91
0,638,0.0,80,38,3040,0.500461385518859,0.586,680
0,373,0.0,80,38,3040,0.4390908660910365,0.432,415
0,892,0.0,80,38,3040,0.7908272954717823,0.896,934
0,639,0.0,80,38,3040,0.8148336853340941,0.838,681
0,50,0.0,80,38,3040,0.9598516028655601,0.987,92
0,285,0.0,80,38,3040,0.8816948162312734,0.887,327
0,374,0.0,80,38,3040,0.6872513537942037,0.767,416
0,640,0.0,80,38,3040,0.9480914765667676,0.9,682
0,893,0.0,80,38,3040,0.9722952754745632,0.976,935
0,641,0.0,80,38,3040,0.9992962433406438,0.998,683
0,51,0.0,80,38,3040,0.10600858368217014,0.14,93
0,894,0.0,80,38,3040,0.7396339317583018,0.899,936
0,375,0.0,80,38,3040,0.9978917579360482,0.998,417
0,642,0.0,80,38,3040,0.6546868403438468,0.746,684
0,895,0.0,80,38,3040,0.3902607416788331,0.289,937
0,286,0.0,80,38,3040,0.9371798260479994,0.959,328
0,52,0.0,80,38,3040,0.3676747608280757,0.273,94
0,376,0.0,80,38,3040,0.39978433074706643,0.627,418
0,287,0.0,80,38,3040,0.6367135658791357,0.814,329
0,643,0.0,80,38,3040,0.18729002624458302,0.138,685
0,896,0.0,80,38,3040,0.14181440637282777,0.041,938
0,698,0.0,80,38,3040,0.20775858665606722,0.187,740
0,53,0.0,80,38,3040,0.0002905490217940425,0.003,95
0,644,0.0,80,38,3040,0.12999475505369756,0.124,686
0,699,0.0,80,38,3040,0.9840908143116348,0.995,741
0,897,0.0,80,38,3040,0.4280397772192023,0.28,939
0,288,0.0,80,38,3040,0.5619191136258497,0.439,330
0,377,0.0,80,38,3040,0.06348102224647446,0.094,419
0,54,0.0,80,38,3040,0.018129192920441253,0.017,96
0,645,0.0,80,38,3040,0.09957277984063728,0.011,687
0,700,0.0,80,38,3040,0.028630006625960224,0.002,742
0,289,0.0,80,38,3040,0.047244307323740985,0.017,331
0,55,0.0,80,38,3040,0.7436046009524608,0.865,97
0,701,0.0,80,38,3040,0.020435426457333764,0.052,743
0,646,0.0,80,38,3040,0.9441781863550278,0.938,688
0,56,0.0,80,38,3040,0.7438801827830324,0.632,98
0,290,0.0,80,38,3040,0.6476313315554616,0.853,332
0,702,0.0,80,38,3040,0.052300422692997846,0.066,744
0,378,0.0,80,38,3040,0.014971425646120109,0.01,420
0,647,0.0,80,38,3040,0.49860715068348593,0.766,689
0,898,0.0,80,38,3040,0.14824207079645746,0.027,940
0,291,0.0,80,38,3040,0.22918047676970205,0.28,333
0,57,0.0,80,38,3040,0.9798554071782847,0.965,99
0,648,0.0,80,38,3040,0.1111798130885574,0.012,690
0,703,0.0,80,38,3040,0.2374471726846557,0.609,745
0,292,0.0,80,38,3040,0.9638191764512678,0.997,334
0,704,0.0,80,38,3040,0.16439969951299915,0.163,746
0,649,0.0,80,38,3040,0.7615880823119023,0.632,691
0,899,0.0,80,38,3040,0.6920858284199725,0.538,941
0,293,0.0,80,38,3040,0.005919145773845049,0.007,335
0,705,0.0,80,38,3040,0.027237265289921687,0.031,747
0,58,0.0,80,38,3040,0.10240874316416565,0.151,100
0,379,0.0,80,38,3040,0.8275139364098038,0.923,421
0,294,0.0,80,38,3040,0.6575226613298293,0.788,336
0,706,0.0,80,38,3040,0.36315452121722125,0.383,748
0,650,0.0,80,38,3040,0.6470897293031553,0.762,692
0,900,0.0,80,38,3040,0.7496907508630932,0.695,942
0,59,0.0,80,38,3040,0.9745251719431195,1.0,101
0,707,0.0,80,38,3040,0.011885167409236843,0.024,749
0,380,0.0,80,38,3040,0.5293648320504708,0.478,422
0,901,0.0,80,38,3040,0.9072820079089685,0.936,943
0,651,0.0,80,38,3040,0.03352860843971869,0.005,693
0,60,0.0,80,38,3040,0.10421514078955962,0.2,102
0,295,0.0,80,38,3040,0.0004338664506933735,0.003,337
0,708,0.0,80,38,3040,0.9270722365833686,0.995,750
0,296,0.0,80,38,3040,0.9963812193372695,0.999,338
0,381,0.0,80,38,3040,0.8414434720195708,0.916,423
0,652,0.0,80,38,3040,0.31799472485142743,0.485,694
0,902,0.0,80,38,3040,0.011465238930922543,0.003,944
0,297,0.0,80,38,3040,0.3536342487891145,0.61,339
0,61,0.0,80,38,3040,0.23801747694261738,0.273,103
0,653,0.0,80,38,3040,0.7140934426540783,0.759,695
0,709,0.0,80,38,3040,0.007772322208217111,0.005,751
0,298,0.0,80,38,3040,0.6355879591860412,0.921,340
0,382,0.0,80,38,3040,0.00015440566552127772,0.0,424
0,903,0.0,80,38,3040,0.3830262439214349,0.415,945
0,710,0.0,80,38,3040,0.6749033754275457,0.796,752
0,62,0.0,80,38,3040,0.8865580096548558,0.769,104
0,299,0.0,80,38,3040,0.14920836510714336,0.045,341
0,904,0.0,80,38,3040,0.9949655610830886,0.999,946
0,711,0.0,80,38,3040,0.12292459311639725,0.168,753
0,63,0.0,80,38,3040,0.6339267003903408,0.682,105
0,654,0.0,80,38,3040,0.6150345153001681,0.714,696
0,300,0.0,80,38,3040,0.741648297368606,0.714,342
0,712,0.0,80,38,3040,0.839300619415563,0.811,754
0,301,0.0,80,38,3040,0.13219057647305987,0.257,343
0,713,0.0,80,38,3040,0.9763374635400225,1.0,755
0,383,0.0,80,38,3040,0.5776119129726625,0.698,425
0,655,0.0,80,38,3040,0.35520924644012214,0.517,697
0,64,0.0,80,38,3040,0.5345698113846927,0.519,106
0,905,0.0,80,38,3040,0.30265424979822625,0.195,947
0,302,0.0,80,38,3040,0.8116686101258189,0.858,344
0,714,0.0,80,38,3040,0.9194897764292056,0.832,756
0,384,0.0,80,38,3040,0.1236297310712629,0.161,426
0,65,0.0,80,38,3040,0.018666898867318933,0.034,107
0,303,0.0,80,38,3040,0.9780025523200643,0.983,345
0,656,0.0,80,38,3040,0.9679067200776379,0.98,698
0,715,0.0,80,38,3040,0.019041506362685562,0.059,757
0,304,0.0,80,38,3040,0.08478584576661269,0.191,346
0,66,0.0,80,38,3040,0.5157802698543537,0.451,108
0,385,0.0,80,38,3040,0.9838734299699945,0.972,427
0,716,0.0,80,38,3040,0.5023918638209068,0.764,758
0,906,0.0,80,38,3040,0.5687634434634606,0.617,948
0,67,0.0,80,38,3040,0.31320919904383926,0.468,109
0,657,0.0,80,38,3040,0.01847612720705378,0.009,699
0,305,0.0,80,38,3040,0.47155876469880126,0.299,347
0,386,0.0,80,38,3040,0.16648035863408028,0.157,428
0,717,0.0,80,38,3040,0.9754764437279697,0.985,759
0,68,0.0,80,38,3040,0.19053778158204804,0.222,110
0,658,0.0,80,38,3040,0.1919561056730677,0.066,700
0,907,0.0,80,38,3040,0.5445680209723607,0.557,949
0,718,0.0,80,38,3040,0.08052180716311236,0.032,760
0,306,0.0,80,38,3040,0.8611444777006837,0.801,348
0,69,0.0,80,38,3040,0.9589314405541122,0.98,111
0,659,0.0,80,38,3040,0.054661270441912296,0.015,701
0,307,0.0,80,38,3040,0.3627398615212459,0.473,349
0,387,0.0,80,38,3040,0.47159426118514747,0.227,429
0,908,0.0,80,38,3040,0.6847897734660707,0.887,950
0,70,0.0,80,38,3040,0.17450407786476363,0.125,112
0,719,0.0,80,38,3040,0.05275899558675138,0.027,761
0,308,0.0,80,38,3040,0.5528369238221371,0.732,350
0,388,0.0,80,38,3040,0.013511767435466322,0.029,430
0,71,0.0,80,38,3040,0.6740190315027251,0.609,113
0,720,0.0,80,38,3040,0.03386942158947395,0.025,762
0,660,0.0,80,38,3040,0.8192033422076448,0.681,702
0,309,0.0,80,38,3040,0.044837947230140604,0.011,351
0,72,0.0,80,38,3040,0.3280829821070563,0.135,114
0,909,0.0,80,38,3040,0.02329918709766549,0.016,951
0,721,0.0,80,38,3040,0.9534502872116088,0.929,763
0,661,0.0,80,38,3040,0.6602134748869211,0.575,703
0,389,0.0,80,38,3040,0.2262239620371706,0.217,431
0,722,0.0,80,38,3040,0.9787274315046214,0.965,764
0,310,0.0,80,38,3040,0.5474664820792429,0.244,352
0,73,0.0,80,38,3040,0.37040289907123136,0.348,115
0,910,0.0,80,38,3040,0.9999428821306323,1.0,952
0,390,0.0,80,38,3040,0.051987613227832685,0.071,432
0,311,0.0,80,38,3040,0.019751687923368465,0.005,353
0,662,0.0,80,38,3040,0.7962592691214911,0.808,704
0,74,0.0,80,38,3040,0.17745511298079897,0.078,116
0,723,0.0,80,38,3040,0.9434126296549932,0.997,765
0,312,0.0,80,38,3040,0.09742245342418565,0.081,354
0,663,0.0,80,38,3040,0.508046085681256,0.475,705
0,911,0.0,80,38,3040,0.328741206202119,0.292,953
0,313,0.0,80,38,3040,0.3246303489864172,0.415,355
0,391,0.0,80,38,3040,0.3232835395012764,0.41,433
0,724,0.0,80,38,3040,0.9337343157775314,0.981,766
0,664,0.0,80,38,3040,0.0926723754665289,0.033,706
0,314,0.0,80,38,3040,0.6746725658088307,0.386,356
0,75,0.0,80,38,3040,0.921413420542223,0.959,117
0,912,0.0,80,38,3040,0.23803495605172165,0.505,954
0,315,0.0,80,38,3040,0.22399789531504788,0.126,357
0,665,0.0,80,38,3040,0.2632745787917659,0.043,707
0,725,0.0,80,38,3040,0.8951153200248225,0.966,767
0,76,0.0,80,38,3040,0.46288339431196074,0.331,118
0,666,0.0,80,38,3040,0.98908667358147,0.954,708
0,316,0.0,80,38,3040,0.3220100878172715,0.356,358
0,913,0.0,80,38,3040,0.19099125944997147,0.078,955
0,726,0.0,80,38,3040,0.9764663002791895,0.964,768
0,77,0.0,80,38,3040,0.9962382412064621,1.0,119
0,392,0.0,80,38,3040,0.0066273270569427315,0.002,434
0,667,0.0,80,38,3040,0.9225673204343596,0.789,709
0,727,0.0,80,38,3040,0.9826206650594858,0.971,769
0,914,0.0,80,38,3040,0.10498565739136839,0.065,956
0,317,0.0,80,38,3040,0.2706845050573807,0.115,359
0,78,0.0,80,38,3040,0.7399093072220907,0.728,120
0,393,0.0,80,38,3040,0.24617413140475458,0.332,435
0,728,0.0,80,38,3040,0.8042575060847599,0.8,770
0,394,0.0,80,38,3040,0.024669046629961208,0.013,436
0,318,0.0,80,38,3040,0.06670280998164702,0.086,360
0,79,0.0,80,38,3040,0.8536864417093533,0.863,121
0,915,0.0,80,38,3040,0.48960870990707334,0.265,957
0,395,0.0,80,38,3040,0.41884784264976055,0.181,437
0,729,0.0,80,38,3040,0.7881409978506473,0.779,771
0,319,0.0,80,38,3040,0.7862992943614457,0.873,361
0,80,0.0,80,38,3040,0.6553479708737784,0.725,122
0,730,0.0,80,38,3040,0.6261864666686955,0.467,772
0,320,0.0,80,38,3040,6.703077776214035e-05,0.0,362
0,916,0.0,80,38,3040,0.851176969406619,0.896,958
0,396,0.0,80,38,3040,0.23476993415805186,0.389,438
0,81,0.0,80,38,3040,0.010820282453728536,0.017,123
0,731,0.0,80,38,3040,0.9431837461483815,0.938,773
0,917,0.0,80,38,3040,0.12982767738688394,0.186,959
0,321,0.0,80,38,3040,0.9384746500652184,0.945,363
0,82,0.0,80,38,3040,0.21158229484434132,0.198,124
0,732,0.0,80,38,3040,0.4019821031020602,0.133,774
0,397,0.0,80,38,3040,0.9000607632348048,0.636,439
0,83,0.0,80,38,3040,0.05063027284922658,0.054,125
0,918,0.0,80,38,3040,0.8947814216913375,0.863,960
0,322,0.0,80,38,3040,0.4314474507599145,0.719,364
0,733,0.0,80,38,3040,0.5907942180017602,0.289,775
0,84,0.0,80,38,3040,0.9040972847437159,0.918,126
0,919,0.0,80,38,3040,0.590054609226667,0.763,961
0,398,0.0,80,38,3040,0.2222499423603123,0.231,440
0,734,0.0,80,38,3040,0.12943692637144233,0.105,776
0,323,0.0,80,38,3040,0.3260726630555557,0.484,365
0,85,0.0,80,38,3040,0.8467760644389118,0.937,127
0,735,0.0,80,38,3040,0.3082325656711856,0.202,777
0,920,0.0,80,38,3040,0.5214874640018288,0.532,962
0,86,0.0,80,38,3040,0.13000909940293115,0.025,128
0,324,0.0,80,38,3040,0.890461595871013,0.938,366
0,736,0.0,80,38,3040,0.4729921732808958,0.43,778
0,399,0.0,80,38,3040,0.9089261489969271,0.922,441
0,87,0.0,80,38,3040,0.6012937777339311,0.723,129
0,921,0.0,80,38,3040,0.9886238912724418,0.994,963
0,88,0.0,80,38,3040,0.8627436957468685,0.837,130
0,737,0.0,80,38,3040,0.05749586722960954,0.017,779
0,400,0.0,80,38,3040,0.5671404710268503,0.54,442
0,738,0.0,80,38,3040,0.8120260298220958,0.695,780
0,89,0.0,80,38,3040,0.5011607595416822,0.276,131
0,922,0.0,80,38,3040,0.6113119616000187,0.483,964
0,325,0.0,80,38,3040,0.516506760117336,0.611,367
0,401,0.0,80,38,3040,0.9951591287366152,0.998,443
0,739,0.0,80,38,3040,0.016197572686006176,0.013,781
0,90,0.0,80,38,3040,0.4687883118216931,0.619,132
0,326,0.0,80,38,3040,0.85395453627776,0.897,368
0,740,0.0,80,38,3040,0.33768691722351435,0.339,782
0,923,0.0,80,38,3040,0.9371464597092467,0.991,965
0,402,0.0,80,38,3040,0.6391617604248265,0.394,444
0,91,0.0,80,38,3040,0.006447143877780522,0.045,133
0,327,0.0,80,38,3040,0.9066654618664194,0.958,369
0,741,0.0,80,38,3040,0.38039248302981676,0.338,783
0,924,0.0,80,38,3040,0.9991511517987159,0.999,966
0,92,0.0,80,38,3040,0.9175844766652703,0.884,134
0,328,0.0,80,38,3040,0.046847389146049634,0.058,370
0,403,0.0,80,38,3040,0.9985839974512631,0.999,445
0,925,0.0,80,38,3040,0.7056030868530703,0.632,967
0,742,0.0,80,38,3040,0.997707900963215,0.996,784
0,93,0.0,80,38,3040,0.5862905392701347,0.343,135
0,404,0.0,80,38,3040,0.6439471225799119,0.437,446
0,329,0.0,80,38,3040,0.9222845257213614,0.969,371
0,743,0.0,80,38,3040,0.8868089839169011,0.822,785
0,94,0.0,80,38,3040,0.14439320125012794,0.08,136
0,926,0.0,80,38,3040,0.8008518191785655,0.825,968
0,744,0.0,80,38,3040,0.10085547021215241,0.037,786
0,405,0.0,80,38,3040,0.3728302756534184,0.297,447
0,927,0.0,80,38,3040,0.7877303213726092,0.839,969
0,745,0.0,80,38,3040,0.06782285083726769,0.138,787
0,95,0.0,80,38,3040,0.38023037755691097,0.202,137
0,330,0.0,80,38,3040,0.30649151256561785,0.3,372
0,406,0.0,80,38,3040,0.9555279322683008,0.947,448
0,746,0.0,80,38,3040,0.5070102056622808,0.471,788
0,96,0.0,80,38,3040,0.11846016209229376,0.072,138
0,928,0.0,80,38,3040,0.033166825584483015,0.043,970
0,747,0.0,80,38,3040,0.9028231583792121,0.961,789
0,331,0.0,80,38,3040,0.666892973062172,0.558,373
0,97,0.0,80,38,3040,0.8809155813626208,0.862,139
0,929,0.0,80,38,3040,0.13068079629019963,0.118,971
0,407,0.0,80,38,3040,0.9998547475892547,0.996,449
0,748,0.0,80,38,3040,0.6352862440238239,0.751,790
0,332,0.0,80,38,3040,0.20384848965335145,0.137,374
0,930,0.0,80,38,3040,0.776880197916356,0.777,972
0,98,0.0,80,38,3040,0.5160772577351614,0.65,140
0,408,0.0,80,38,3040,0.43269669958401735,0.257,450
0,749,0.0,80,38,3040,0.9338060975065039,0.928,791
0,99,0.0,80,38,3040,0.4996556920678373,0.499,141
0,931,0.0,80,38,3040,0.14493083474397167,0.171,973
0,333,0.0,80,38,3040,0.7731065561445333,0.812,375
0,409,0.0,80,38,3040,0.8305734792153239,0.802,451
0,100,0.0,80,38,3040,0.0352388782031243,0.02,142
0,750,0.0,80,38,3040,0.04883205526373817,0.026,792
0,932,0.0,80,38,3040,0.7239200653347064,0.907,974
0,101,0.0,80,38,3040,0.02099687091057495,0.036,143
0,410,0.0,80,38,3040,0.22680370777259734,0.209,452
0,751,0.0,80,38,3040,0.00526351703532806,0.001,793
0,933,0.0,80,38,3040,0.8333487006222706,0.928,975
0,102,0.0,80,38,3040,0.8004861582407847,0.91,144
0,752,0.0,80,38,3040,0.24888483443814946,0.543,794
0,103,0.0,80,38,3040,0.9022625368716667,0.747,145
0,411,0.0,80,38,3040,0.10138591586689094,0.065,453
0,934,0.0,80,38,3040,0.7974403330921205,0.652,976
0,753,0.0,80,38,3040,0.7638565051072302,0.887,795
0,104,0.0,80,38,3040,0.6114796904802811,0.604,146
0,935,0.0,80,38,3040,0.1076503610288928,0.099,977
0,412,0.0,80,38,3040,0.6677988568409312,0.729,454
0,754,0.0,80,38,3040,0.7942915927621352,0.911,796
0,105,0.0,80,38,3040,0.034868749732926974,0.011,147
0,936,0.0,80,38,3040,0.07476711490136834,0.033,978
0,755,0.0,80,38,3040,0.9831042614435063,0.991,797
0,106,0.0,80,38,3040,0.9727425598555102,0.991,148
0,937,0.0,80,38,3040,0.4958224364740511,0.454,979
0,413,0.0,80,38,3040,0.9357046449553906,0.955,455
0,756,0.0,80,38,3040,0.5464587764205948,0.935,798
0,107,0.0,80,38,3040,0.34479868241876166,0.344,149
0,938,0.0,80,38,3040,0.41271849699885166,0.452,980
0,757,0.0,80,38,3040,0.01024394975985138,0.018,799
0,414,0.0,80,38,3040,0.15049714717845053,0.125,456
0,108,0.0,80,38,3040,0.3305840667698952,0.258,150
0,939,0.0,80,38,3040,0.2502169000423,0.556,981
0,758,0.0,80,38,3040,0.07858202580242496,0.12,800
0,415,0.0,80,38,3040,0.9948582810240488,0.995,457
0,940,0.0,80,38,3040,0.7437610789428747,0.806,982
0,109,0.0,80,38,3040,0.882741912437373,0.803,151
0,759,0.0,80,38,3040,0.5196862235328759,0.513,801
0,941,0.0,80,38,3040,0.8915284059679542,0.946,983
0,110,0.0,80,38,3040,0.9880577833564983,0.991,152
0,416,0.0,80,38,3040,0.8403305647605241,0.757,458
0,942,0.0,80,38,3040,0.8772331557811092,0.766,984
0,111,0.0,80,38,3040,0.3297421164882929,0.195,153
0,943,0.0,80,38,3040,0.418081618152731,0.431,985
0,760,0.0,80,38,3040,0.07033182546294002,0.044,802
0,944,0.0,80,38,3040,0.18280865591999496,0.137,986
0,417,0.0,80,38,3040,0.24813560071772495,0.324,459
0,112,0.0,80,38,3040,0.8961006667839684,0.842,154
0,761,0.0,80,38,3040,0.14557593818000925,0.112,803
0,945,0.0,80,38,3040,0.8664097962633583,0.837,987
0,113,0.0,80,38,3040,0.9827975012153275,0.965,155
0,946,0.0,80,38,3040,0.6392450859173386,0.616,988
0,762,0.0,80,38,3040,0.10679827563210731,0.05,804
0,418,0.0,80,38,3040,0.031039279103418103,0.029,460
0,114,0.0,80,38,3040,0.6213015058748976,0.67,156
0,419,0.0,80,38,3040,0.9946858422188574,0.999,461
0,947,0.0,80,38,3040,0.19785541721419264,0.533,989
0,763,0.0,80,38,3040,0.7941157334081768,0.742,805
0,115,0.0,80,38,3040,0.028979683617684666,0.028,157
0,764,0.0,80,38,3040,0.6425993066175573,0.728,806
0,948,0.0,80,38,3040,0.6980143798468423,0.73,990
0,420,0.0,80,38,3040,0.4213447922632644,0.403,462
0,116,0.0,80,38,3040,0.9124897918157278,0.891,158
0,765,0.0,80,38,3040,0.997697896630635,0.997,807
0,421,0.0,80,38,3040,0.17066178203380616,0.123,463
0,117,0.0,80,38,3040,0.18428531816656762,0.12,159
0,949,0.0,80,38,3040,0.3224217577041913,0.373,991
0,766,0.0,80,38,3040,0.34070690842544704,0.409,808
0,118,0.0,80,38,3040,0.3142588891661443,0.412,160
0,422,0.0,80,38,3040,0.2142039500987286,0.065,464
0,950,0.0,80,38,3040,0.8709381847885644,0.913,992
0,119,0.0,80,38,3040,0.9926519916039206,0.998,161
0,767,0.0,80,38,3040,0.13335526545119447,0.171,809
0,423,0.0,80,38,3040,0.9858989250287824,0.97,465
0,951,0.0,80,38,3040,0.6625075635873483,0.723,993
0,120,0.0,80,38,3040,0.14419353581599503,0.08,162
0,768,0.0,80,38,3040,0.8843339310871441,0.894,810
0,952,0.0,80,38,3040,0.629207019381269,0.635,994
0,424,0.0,80,38,3040,0.3835787268006835,0.335,466
0,769,0.0,80,38,3040,0.06277991688430898,0.078,811
0,121,0.0,80,38,3040,0.19333499438636148,0.157,163
0,425,0.0,80,38,3040,0.7822357608570183,0.776,467
0,953,0.0,80,38,3040,0.14182628445500595,0.075,995
0,122,0.0,80,38,3040,0.0005390920612860466,0.0,164
0,770,0.0,80,38,3040,0.5092211290638338,0.589,812
0,426,0.0,80,38,3040,0.880155630948437,0.922,468
0,771,0.0,80,38,3040,0.8708721431372988,0.808,813
0,954,0.0,80,38,3040,0.9706587905276914,0.966,996
0,123,0.0,80,38,3040,0.8031146837177672,0.891,165
0,772,0.0,80,38,3040,0.5533052790472062,0.513,814
0,427,0.0,80,38,3040,0.3929557997069016,0.345,469
0,955,0.0,80,38,3040,0.9865407161872582,0.99,997
0,124,0.0,80,38,3040,0.23018870030668276,0.079,166
0,773,0.0,80,38,3040,0.3697429523460941,0.436,815
0,956,0.0,80,38,3040,0.9951982672257174,0.992,998
0,774,0.0,80,38,3040,0.04966630788892701,0.069,816
0,428,0.0,80,38,3040,0.9000039832009243,0.898,470
0,125,0.0,80,38,3040,0.9880856677026493,0.995,167
0,957,0.0,80,38,3040,0.12662407093589179,0.027,999
0,126,0.0,80,38,3040,0.5778442959032591,0.735,168
0,429,0.0,80,38,3040,0.7486038134181059,0.779,471
0,775,0.0,80,38,3040,0.9512768871929198,0.993,817
0,958,0.0,80,38,3040,0.24422730262214815,0.118,1000
0,430,0.0,80,38,3040,0.3354590137834994,0.272,472
0,127,0.0,80,38,3040,0.4489518984841926,0.462,169
0,959,0.0,80,38,3040,0.38164260839286485,0.382,1001
0,776,0.0,80,38,3040,0.8339969300261495,0.786,818
0,431,0.0,80,38,3040,0.46364171901850837,0.495,473
0,128,0.0,80,38,3040,0.3259394891274916,0.357,170
0,960,0.0,80,38,3040,0.5600248891870598,0.463,1002
0,777,0.0,80,38,3040,0.8121320909481995,0.78,819
0,432,0.0,80,38,3040,0.12496702031186763,0.142,474
0,129,0.0,80,38,3040,0.2643171612374929,0.121,171
0,778,0.0,80,38,3040,0.3821044143208047,0.44,820
0,961,0.0,80,38,3040,0.5387117407324304,0.453,1003
0,433,0.0,80,38,3040,0.00046581497694577476,0.001,475
0,130,0.0,80,38,3040,0.772853239704025,0.768,172
0,434,0.0,80,38,3040,0.5183320979218687,0.451,476
0,131,0.0,80,38,3040,0.027656728529330144,0.059,173
0,962,0.0,80,38,3040,0.0038594617254526244,0.011,1004
0,779,0.0,80,38,3040,0.0011969016861643057,0.001,821
0,435,0.0,80,38,3040,0.9101875811986929,0.902,477
0,963,0.0,80,38,3040,0.8078588152294044,0.923,1005
0,780,0.0,80,38,3040,0.01064749949406518,0.003,822
0,132,0.0,80,38,3040,0.7010939950129748,0.683,174
0,436,0.0,80,38,3040,0.6493856507431373,0.474,478
0,964,0.0,80,38,3040,0.6704714756673891,0.837,1006
0,133,0.0,80,38,3040,0.8974413187789909,0.922,175
0,781,0.0,80,38,3040,0.8812062546945421,0.943,823
0,437,0.0,80,38,3040,0.8148089958556881,0.894,479
0,965,0.0,80,38,3040,0.8004408569259445,0.644,1007
0,134,0.0,80,38,3040,0.45260704166035753,0.536,176
0,782,0.0,80,38,3040,0.17110061572392643,0.169,824
0,438,0.0,80,38,3040,0.9409296117266611,0.975,480
0,135,0.0,80,38,3040,0.4628535270943698,0.597,177
0,966,0.0,80,38,3040,0.9200944897560971,0.996,1008
0,783,0.0,80,38,3040,0.09121500310142872,0.154,825
0,439,0.0,80,38,3040,0.5222679066906228,0.573,481
0,136,0.0,80,38,3040,0.29563470481493803,0.195,178
0,784,0.0,80,38,3040,0.49014087253311267,0.324,826
0,967,0.0,80,38,3040,0.39175352512430933,0.36,1009
0,440,0.0,80,38,3040,0.9986860573971214,0.997,482
0,137,0.0,80,38,3040,0.16388159214377013,0.124,179
0,785,0.0,80,38,3040,0.5405651278881609,0.651,827
0,441,0.0,80,38,3040,0.10619395120421438,0.214,483
0,968,0.0,80,38,3040,0.2807147067779807,0.363,1010
0,786,0.0,80,38,3040,0.9448101337689963,0.978,828
0,138,0.0,80,38,3040,0.9410344678573281,0.847,180
0,787,0.0,80,38,3040,0.9990894191677567,1.0,829
0,442,0.0,80,38,3040,0.9908019284452037,0.931,484
0,969,0.0,80,38,3040,0.9188395967649301,0.873,1011
0,139,0.0,80,38,3040,0.8596386750837971,0.775,181
0,970,0.0,80,38,3040,0.1172264795674523,0.095,1012
0,443,0.0,80,38,3040,0.9920621236442,0.988,485
0,140,0.0,80,38,3040,0.8715784993206339,0.904,182
0,788,0.0,80,38,3040,0.9949133326712866,1.0,830
0,444,0.0,80,38,3040,0.900857759587188,0.931,486
0,971,0.0,80,38,3040,0.8744574985342968,0.925,1013
0,789,0.0,80,38,3040,0.04674537970195401,0.064,831
0,141,0.0,80,38,3040,0.9991982167606175,1.0,183
0,445,0.0,80,38,3040,0.13084014111179076,0.083,487
0,972,0.0,80,38,3040,0.044172674269960764,0.05,1014
0,142,0.0,80,38,3040,0.7232789633124335,0.816,184
0,790,0.0,80,38,3040,0.4592418317906185,0.583,832
0,143,0.0,80,38,3040,0.5102541652291949,0.734,185
0,446,0.0,80,38,3040,0.759036593109967,0.717,488
0,973,0.0,80,38,3040,0.5123471057154761,0.396,1015
0,791,0.0,80,38,3040,0.4629660084821674,0.341,833
0,974,0.0,80,38,3040,0.16734554061974455,0.144,1016
0,144,0.0,80,38,3040,0.06625377469184009,0.079,186
0,792,0.0,80,38,3040,0.3529421888390527,0.297,834
0,447,0.0,80,38,3040,0.8010112844880146,0.745,489
0,145,0.0,80,38,3040,0.026178365583719745,0.076,187
0,448,0.0,80,38,3040,0.573044233616877,0.427,490
0,975,0.0,80,38,3040,0.9666482760831389,0.989,1017
0,793,0.0,80,38,3040,0.005999717161754638,0.011,835
0,449,0.0,80,38,3040,0.9496682522195441,0.846,491
0,976,0.0,80,38,3040,0.46845361007190417,0.286,1018
0,146,0.0,80,38,3040,0.8827021315078734,0.962,188
0,794,0.0,80,38,3040,0.5865017369087331,0.815,836
0,450,0.0,80,38,3040,0.2640518018940121,0.257,492
0,147,0.0,80,38,3040,0.16232868774260423,0.162,189
0,977,0.0,80,38,3040,0.11729909891305396,0.129,1019
0,451,0.0,80,38,3040,0.17826232287173277,0.047,493
0,795,0.0,80,38,3040,0.18443497747287751,0.159,837
0,978,0.0,80,38,3040,0.6207791580520124,0.431,1020
0,148,0.0,80,38,3040,0.9516726203489069,0.944,190
0,796,0.0,80,38,3040,0.153408394833647,0.065,838
0,452,0.0,80,38,3040,0.9421885193697405,0.947,494
0,149,0.0,80,38,3040,0.10934087537701781,0.202,191
0,979,0.0,80,38,3040,0.36197098153846247,0.31,1021
0,453,0.0,80,38,3040,0.8616771974077622,0.947,495
0,797,0.0,80,38,3040,0.4865162449344992,0.518,839
0,980,0.0,80,38,3040,0.8713352319874015,0.701,1022
0,150,0.0,80,38,3040,0.9530724026550903,0.892,192
0,454,0.0,80,38,3040,0.5221189030166223,0.745,496
0,981,0.0,80,38,3040,0.16580728675021844,0.082,1023
0,151,0.0,80,38,3040,0.8168560537883424,0.794,193
0,798,0.0,80,38,3040,0.2469510276549602,0.385,840
0,455,0.0,80,38,3040,0.1225133595191869,0.163,497
0,152,0.0,80,38,3040,0.14569081546279855,0.033,194
0,982,0.0,80,38,3040,0.9775737709897697,0.994,1024
0,456,0.0,80,38,3040,0.7113963477179128,0.837,498
0,799,0.0,80,38,3040,0.9380247731862577,0.936,841
0,153,0.0,80,38,3040,0.0954430282519993,0.153,195
0,983,0.0,80,38,3040,0.25727773481878,0.122,1025
0,457,0.0,80,38,3040,0.006601298415649493,0.008,499
0,154,0.0,80,38,3040,0.08617711609910683,0.015,196
0,800,0.0,80,38,3040,0.146937012139502,0.35,842
0,458,0.0,80,38,3040,0.022481735446008826,0.028,500
0,984,0.0,80,38,3040,0.44642560711539364,0.301,1026
0,155,0.0,80,38,3040,0.6579037785017576,0.724,197
0,459,0.0,80,38,3040,0.41600205689952585,0.529,501
0,985,0.0,80,38,3040,0.006737241541277811,0.005,1027
0,801,0.0,80,38,3040,0.9815479387633671,0.973,843
0,156,0.0,80,38,3040,0.7791570983509113,0.778,198
0,460,0.0,80,38,3040,0.008221131877725388,0.007,502
0,157,0.0,80,38,3040,0.6662458892023337,0.569,199
0,461,0.0,80,38,3040,0.9679677776133793,0.975,503
0,986,0.0,80,38,3040,0.6781262492182871,0.856,1028
0,802,0.0,80,38,3040,0.022150667591976016,0.021,844
0,158,0.0,80,38,3040,0.6793606819842185,0.549,200
0,462,0.0,80,38,3040,0.026921161066918033,0.016,504
0,159,0.0,80,38,3040,0.8856304636559234,0.934,201
0,987,0.0,80,38,3040,0.6114677581673527,0.571,1029
0,803,0.0,80,38,3040,0.9356896029299457,0.949,845
0,463,0.0,80,38,3040,0.40954472043801554,0.275,505
0,160,0.0,80,38,3040,0.5802338585722007,0.397,202
0,464,0.0,80,38,3040,0.21109661961162418,0.113,506
0,161,0.0,80,38,3040,0.9910123514444029,0.988,203
0,465,0.0,80,38,3040,0.8944053037560673,0.93,507
0,988,0.0,80,38,3040,0.1059619552052708,0.131,1030
0,804,0.0,80,38,3040,0.03224080000346008,0.024,846
0,162,0.0,80,38,3040,0.0757911833595792,0.056,204
0,466,0.0,80,38,3040,0.04821094064159812,0.06,508
0,989,0.0,80,38,3040,0.956414036445726,0.947,1031
0,805,0.0,80,38,3040,0.004038072805980593,0.007,847
0,467,0.0,80,38,3040,0.38667084167479804,0.303,509
0,163,0.0,80,38,3040,0.14319713720097194,0.122,205
0,990,0.0,80,38,3040,0.8400813225705193,0.895,1032
0,164,0.0,80,38,3040,0.12994817765350897,0.038,206
0,806,0.0,80,38,3040,0.47919154083590443,0.431,848
0,468,0.0,80,38,3040,0.6306983304626838,0.585,510
0,165,0.0,80,38,3040,0.04822878599967708,0.013,207
0,991,0.0,80,38,3040,0.6468250843683828,0.683,1033
0,469,0.0,80,38,3040,0.17520541205298507,0.207,511
0,807,0.0,80,38,3040,0.9359525496983814,0.975,849
0,166,0.0,80,38,3040,0.6517638412368587,0.392,208
0,470,0.0,80,38,3040,0.5262573461819244,0.612,512
0,992,0.0,80,38,3040,0.3351991588580343,0.447,1034
0,808,0.0,80,38,3040,0.97759247727342,0.981,850
0,471,0.0,80,38,3040,0.9243454592085594,0.912,513
0,809,0.0,80,38,3040,0.8642949385933454,0.866,851
0,472,0.0,80,38,3040,0.6622050909323521,0.582,514
0,993,0.0,80,38,3040,0.12100134832220977,0.053,1035
0,810,0.0,80,38,3040,0.7444242356500261,0.803,852
0,473,0.0,80,38,3040,0.4149875603781219,0.255,515
0,994,0.0,80,38,3040,0.0029626468454196355,0.001,1036
0,811,0.0,80,38,3040,0.476934791122198,0.228,853
0,474,0.0,80,38,3040,0.6644022146486736,0.717,516
0,995,0.0,80,38,3040,0.912708417065198,0.918,1037
0,812,0.0,80,38,3040,0.7276946144729284,0.695,854
0,475,0.0,80,38,3040,0.39293166144606434,0.204,517
0,996,0.0,80,38,3040,0.6871585843250102,0.589,1038
0,813,0.0,80,38,3040,0.3469258578876043,0.292,855
0,476,0.0,80,38,3040,0.2138564749664298,0.216,518
0,997,0.0,80,38,3040,0.3278261251429827,0.164,1039
0,477,0.0,80,38,3040,0.8811175808253964,0.925,519
0,814,0.0,80,38,3040,0.11448455698838905,0.061,856
0,998,0.0,80,38,3040,0.1717698985259607,0.259,1040
0,478,0.0,80,38,3040,0.06083825312695393,0.04,520
0,815,0.0,80,38,3040,0.7555382885961734,0.6,857
0,999,0.0,80,38,3040,0.747534191673396,0.696,1041
0,479,0.0,80,38,3040,0.9726884139333531,0.953,521
0,816,0.0,80,38,3040,0.9289132585838625,0.921,858
0,480,0.0,80,38,3040,0.9815390590486077,0.971,522
0,817,0.0,80,38,3040,0.7986775608202084,0.832,859
0,481,0.0,80,38,3040,0.9471637636854838,0.896,523
0,482,0.0,80,38,3040,0.7331859535813953,0.815,524
0,818,0.0,80,38,3040,0.5436832357722876,0.675,860
0,483,0.0,80,38,3040,0.06779081598689744,0.066,525
0,819,0.0,80,38,3040,0.9933236318958378,0.997,861
0,484,0.0,80,38,3040,0.926501948649151,0.967,526
0,820,0.0,80,38,3040,0.5040106846522815,0.573,862
0,485,0.0,80,38,3040,0.46037564143226356,0.474,527
0,821,0.0,80,38,3040,0.40364684471202605,0.408,863
0,486,0.0,80,38,3040,0.003313743868908991,0.005,528
0,822,0.0,80,38,3040,0.7699080267920572,0.53,864
0,487,0.0,80,38,3040,0.020250483276526003,0.026,529
0,823,0.0,80,38,3040,0.689787222588264,0.839,865
0,488,0.0,80,38,3040,0.16460620070061138,0.098,530
0,824,0.0,80,38,3040,0.22393609516183471,0.187,866
0,489,0.0,80,38,3040,0.9542936695217878,0.922,531
0,825,0.0,80,38,3040,0.27715502725540336,0.301,867
0,490,0.0,80,38,3040,0.129611153720961,0.059,532
0,826,0.0,80,38,3040,0.21099911715645758,0.32,868
0,491,0.0,80,38,3040,0.23945068982855333,0.134,533
0,827,0.0,80,38,3040,0.539678211055718,0.611,869
0,492,0.0,80,38,3040,0.812179480992367,0.797,534
0,828,0.0,80,38,3040,0.37915037087096687,0.35,870
0,493,0.0,80,38,3040,0.3617333567249068,0.381,535
0,829,0.0,80,38,3040,0.28721689018198004,0.24,871
0,494,0.0,80,38,3040,0.05990568948738815,0.006,536
0,830,0.0,80,38,3040,0.9220833787737492,0.886,872
0,495,0.0,80,38,3040,0.5907696321654452,0.734,537
0,831,0.0,80,38,3040,0.877462227642225,0.962,873
0,496,0.0,80,38,3040,0.008726008545675651,0.027,538
0,832,0.0,80,38,3040,0.120810138943312,0.131,874
0,497,0.0,80,38,3040,0.010198487206290002,0.012,539
0,833,0.0,80,38,3040,0.7864917426791053,0.577,875
0,498,0.0,80,38,3040,0.32331175765424686,0.399,540
0,499,0.0,80,38,3040,0.3970793954869909,0.241,541
0,500,0.0,80,38,3040,0.07557324995240854,0.011,542
