sim_id,trial_id,p_diff,n_raters,scores_per_r,total_scores,propz_pval,bht_pval
0,0,0.055,62,21,1300,0.1911918483172567,0.27557603686635945
501,0,0.055,55,24,1300,1.3644674847476508e-06,0.0
167,0,0.055,60,22,1300,0.0088982795306191,0.08666666666666657
334,0,0.055,14,99,1300,0.0528154450041344,0.1369408369408369
668,0,0.055,24,56,1300,0.068736960235425,0.161532738095238
834,0,0.055,73,18,1300,0.0007517918851854,0.0069254185692541196
1,0,0.055,39,34,1300,0.0322673324121566,0.1117647058823529
502,0,0.055,36,37,1300,0.001261768076632,0.03220720720720711
335,0,0.055,42,31,1300,0.0196318126555327,0.07089093701996917
168,0,0.055,17,80,1300,0.0109151736514439,0.04397058823529411
669,0,0.055,17,79,1300,0.2461468548907436,0.32040208488458666
835,0,0.055,29,46,1300,0.8922614192505811,0.7532983508245877
2,0,0.055,23,57,1300,0.0846024885000182,0.12990083905415709
503,0,0.055,19,69,1300,0.0504523335951984,0.11700991609458423
336,0,0.055,18,74,1300,0.0042806476657994,0.04782282282282271
169,0,0.055,37,36,1300,0.6219453436266977,0.5289789789789789
670,0,0.055,29,46,1300,0.3924972431004336,0.43658170914542727
836,0,0.055,34,39,1300,0.0013942397909742,0.03333333333333328
3,0,0.055,73,18,1300,0.0103588007615413,0.06727549467275494
504,0,0.055,100,13,1300,0.0198059351801575,0.065
337,0,0.055,14,94,1300,3.8357097965230585e-05,0.00098784194528864
170,0,0.055,26,50,1300,0.1026863998060936,0.24299999999999994
837,0,0.055,17,81,1300,0.0014344042573052,0.01227305737109647
671,0,0.055,14,98,1300,0.0737201710147564,0.1790816326530612
4,0,0.055,21,62,1300,0.2648201049368565,0.33548387096774185
338,0,0.055,14,98,1300,9.331965152104e-06,0.00284256559766751
505,0,0.055,15,92,1300,0.08542264211273,0.18275362318840577
171,0,0.055,18,76,1300,0.0112741683303237,0.07507309941520468
838,0,0.055,19,69,1300,0.020687221896689,0.09618611746758196
672,0,0.055,47,28,1300,0.1210809018837577,0.29141337386018235
5,0,0.055,15,90,1300,0.0037163173902375,0.052
506,0,0.055,44,30,1300,0.0140703845028964,0.0699242424242423
339,0,0.055,28,47,1300,0.7622367390205503,0.6766717325227963
172,0,0.055,28,47,1300,0.0037691363017905,0.045440729483282635
839,0,0.055,14,94,1300,0.5360686826275337,0.5324468085106383
673,0,0.055,17,80,1300,0.0155948968268743,0.0764705882352941
6,0,0.055,109,12,1300,1.4985137131765165e-05,0.00397553516819563
507,0,0.055,34,39,1300,0.108835093974993,0.1852941176470588
340,0,0.055,57,23,1300,0.0596605511702406,0.13981693363844389
173,0,0.055,16,85,1300,0.0057680651901275,0.039191176470588215
840,0,0.055,24,55,1300,0.038481573115003,0.10734848484848475
674,0,0.055,32,41,1300,0.2652345323273017,0.30121951219512194
7,0,0.055,21,62,1300,0.0029043389811369,0.02396313364055299
174,0,0.055,20,66,1300,0.0666872727098572,0.17234848484848475
341,0,0.055,37,36,1300,0.0350577240883701,0.10833333333333328
508,0,0.055,14,96,1300,0.0002461919613262,0.0048363095238094
841,0,0.055,26,50,1300,0.0171196850604098,0.114
8,0,0.055,62,21,1300,0.010929554424728,0.050921658986175
675,0,0.055,27,49,1300,0.000490119541773,0.01080876795162502
175,0,0.055,18,74,1300,0.0643045173114047,0.1473723723723723
342,0,0.055,23,57,1300,0.0014087756059532,0.04958047292143399
509,0,0.055,24,56,1300,4.116423661288743e-05,0.0
676,0,0.055,21,63,1300,0.3038040503306111,0.29576719576719573
9,0,0.055,35,38,1300,0.000112760128643,0.0087969924812029
842,0,0.055,119,11,1300,0.211116146848355,0.2582123758594346
176,0,0.055,69,19,1300,0.0521179654595755,0.06544622425629287
343,0,0.055,15,88,1300,0.3168400031220749,0.39886363636363636
510,0,0.055,20,65,1300,0.2007384146065239,0.2879999999999999
10,0,0.055,15,87,1300,0.288531062055783,0.3108045977011494
677,0,0.055,35,38,1300,2.4210286515971823e-05,0.003909774436090119
843,0,0.055,36,37,1300,0.0021105274654894,0.02830330330330321
177,0,0.055,17,78,1300,0.0182439300368907,0.09215686274509792
344,0,0.055,60,22,1300,0.0015974761599182,0.03151515151515146
511,0,0.055,22,61,1300,0.0008854817867141,0.01840536512667658
678,0,0.055,15,91,1300,0.5446661785277208,0.5238095238095237
11,0,0.055,77,17,1300,0.008690020877736,0.05561497326203208
844,0,0.055,21,64,1300,0.0673498863557736,0.14895833333333328
178,0,0.055,23,58,1300,0.006302837502204,0.029235382308845568
345,0,0.055,35,38,1300,0.0018203672481754,0.021503759398496178
512,0,0.055,23,58,1300,0.0024276885509077,0.046776611694152856
679,0,0.055,16,85,1300,0.0164026792766572,0.10419117647058823
12,0,0.055,21,62,1300,0.6665754997097667,0.585099846390169
845,0,0.055,16,86,1300,0.0197078335545617,0.06896802325581389
346,0,0.055,15,91,1300,0.0238022680676799,0.12380952380952377
513,0,0.055,33,40,1300,0.0202170149601914,0.0728787878787878
179,0,0.055,38,35,1300,0.1392169352669441,0.19646616541353384
680,0,0.055,55,24,1300,0.0110490335559065,0.03939393939393939
13,0,0.055,25,53,1300,0.1756550298682386,0.20113207547169804
846,0,0.055,21,64,1300,0.1467356569948762,0.21183035714285706
514,0,0.055,14,98,1300,0.007450595647316,0.055903790087463504
180,0,0.055,25,53,1300,0.0022840231910426,0.0264905660377358
347,0,0.055,34,39,1300,0.076644332592211,0.1823529411764705
14,0,0.055,21,62,1300,0.0016608610754691,0.02196620583717352
681,0,0.055,20,67,1300,0.1914826804541387,0.3017164179104477
847,0,0.055,17,80,1300,0.002933136917363,0.021985294117646992
181,0,0.055,26,51,1300,0.0022865538597373,0.025490196078431372
515,0,0.055,18,75,1300,0.3910504906958207,0.4333333333333333
348,0,0.055,28,48,1300,0.0233228245115887,0.12477678571428563
15,0,0.055,18,75,1300,0.052014271361882,0.11459259259259252
682,0,0.055,20,68,1300,0.0042793005071017,0.04779411764705877
848,0,0.055,22,61,1300,0.07096528094168,0.14530551415797313
182,0,0.055,25,53,1300,0.1593803435847183,0.2393962264150943
349,0,0.055,21,62,1300,0.0101046724080973,0.06090629800307208
516,0,0.055,15,87,1300,0.2952872477448502,0.2739463601532567
16,0,0.055,22,61,1300,0.1546362754658835,0.2043964232488823
683,0,0.055,77,17,1300,0.0044152245180907,0.04369747899159655
849,0,0.055,45,29,1300,0.0052652133404621,0.09662835249042145
183,0,0.055,22,61,1300,0.1897266426929452,0.2760804769001489
517,0,0.055,26,50,1300,0.0020118564947065,0.01999999999999989
17,0,0.055,25,53,1300,0.0164951192339803,0.07358490566037727
350,0,0.055,87,15,1300,0.0198320620930567,0.058773946360153186
684,0,0.055,17,79,1300,0.0034230980828544,0.02323157110945632
850,0,0.055,20,68,1300,0.0477244048415634,0.13860294117647054
184,0,0.055,14,97,1300,0.002060252889119,0.02201767304860084
518,0,0.055,16,86,1300,0.0213348290982617,0.07369186046511626
18,0,0.055,25,54,1300,0.0582119054636184,0.17237037037037037
351,0,0.055,30,44,1300,1.3198434753416022e-05,0.0078787878787878
851,0,0.055,16,85,1300,0.0414135449225197,0.13955882352941165
685,0,0.055,109,12,1300,0.0429882766911749,0.09342507645259933
185,0,0.055,23,57,1300,0.0051214950129363,0.07437070938215098
519,0,0.055,20,68,1300,0.295151575504377,0.3536764705882352
352,0,0.055,44,30,1300,0.0003006368613637,0.01083333333333329
19,0,0.055,16,82,1300,2.5990350236064234e-05,0.00396341463414624
852,0,0.055,130,10,1300,0.1127103796454668,0.22100000000000003
686,0,0.055,69,19,1300,0.0006789129568358,0.01884057971014492
186,0,0.055,93,14,1300,0.0064392866124717,0.03195084485407061
520,0,0.055,16,85,1300,0.0437706199408674,0.13191176470588234
20,0,0.055,19,69,1300,0.6777964141059925,0.5691838291380625
853,0,0.055,28,48,1300,0.0002580617866063,0.00677083333333329
353,0,0.055,109,12,1300,0.1050215748966891,0.20275229357798166
687,0,0.055,62,21,1300,0.730878399726665,0.5870967741935483
187,0,0.055,19,71,1300,0.070623427793235,0.14166048925129723
521,0,0.055,50,26,1300,0.1376330429499248,0.263
21,0,0.055,14,97,1300,0.0059383662422874,0.06509572901325468
854,0,0.055,77,17,1300,0.0090103626664324,0.06157372039724971
354,0,0.055,25,52,1300,0.0114209474580908,0.0559999999999999
688,0,0.055,49,27,1300,0.4725808695357784,0.4215419501133787
188,0,0.055,17,77,1300,0.0011734509333179,0.0357524828113063
522,0,0.055,14,98,1300,0.2988074933661509,0.338265306122449
22,0,0.055,18,74,1300,0.0096098755821661,0.06441441441441435
855,0,0.055,14,95,1300,0.034480076360282,0.11533834586466166
689,0,0.055,14,93,1300,0.0017211538339955,0.026958525345622
355,0,0.055,25,54,1300,0.0092597816210336,0.06740740740740735
523,0,0.055,17,78,1300,0.0544392137574308,0.1686274509803922
189,0,0.055,32,41,1300,0.0005211823900572,0.01486280487804866
856,0,0.055,69,19,1300,0.0962401857090762,0.17749809305873374
690,0,0.055,21,63,1300,0.0869748856836867,0.21027966742252457
23,0,0.055,20,67,1300,0.1504180285190496,0.16201492537313422
356,0,0.055,35,38,1300,0.4381199456686833,0.4447368421052631
524,0,0.055,23,58,1300,0.0436763319522129,0.19100449775112446
190,0,0.055,21,62,1300,0.0061570284227247,0.06090629800307208
857,0,0.055,19,72,1300,0.0227409994562985,0.09027777777777773
691,0,0.055,22,61,1300,0.0009523075334071,0.01549925484351712
24,0,0.055,16,86,1300,0.0044725432728539,0.03306686046511627
357,0,0.055,20,67,1300,0.0249022188904125,0.13194029850746264
525,0,0.055,19,71,1300,0.0537120398378508,0.09733135656041511
191,0,0.055,17,80,1300,0.0005320709760753,0.01338235294117644
692,0,0.055,17,80,1300,0.1444111027716428,0.1691911764705882
25,0,0.055,35,38,1300,0.0616309576700983,0.1896240601503759
858,0,0.055,15,92,1300,0.0002368268508188,0.01978260869565214
358,0,0.055,44,30,1300,0.3149373087801231,0.4047727272727272
192,0,0.055,23,57,1300,0.0111672144195621,0.057513348588863436
526,0,0.055,35,38,1300,0.2243512920745612,0.32060150375939844
693,0,0.055,34,39,1300,0.5757723187754139,0.5323529411764706
859,0,0.055,15,91,1300,6.601895340762692e-06,0.0028571428571427296
359,0,0.055,21,63,1300,0.0025127635310976,0.021617535903250173
26,0,0.055,100,13,1300,0.0127036604474793,0.05399999999999996
527,0,0.055,47,28,1300,0.0497570304261893,0.1047112462006078
193,0,0.055,130,10,1300,0.0009158782421108,0.01799999999999994
694,0,0.055,16,85,1300,0.0006354465207127,0.02580882352941165
860,0,0.055,32,41,1300,0.0090791493928043,0.05846036585365847
27,0,0.055,19,69,1300,6.489488814621684e-05,0.006941266209000759
360,0,0.055,119,11,1300,5.13414969577581e-07,0.0
528,0,0.055,32,41,1300,0.0837898018927468,0.1733993902439024
194,0,0.055,87,15,1300,0.0053049525352111,0.07670498084291186
695,0,0.055,22,61,1300,1.2127651411664296e-05,0.00871833084947838
861,0,0.055,16,82,1300,0.0054786343290917,0.0634146341463414
28,0,0.055,82,16,1300,5.664684462133303e-05,0.00198170731707312
529,0,0.055,41,32,1300,0.0273860136219638,0.09908536585365846
361,0,0.055,15,90,1300,0.0406815823698099,0.156
195,0,0.055,14,95,1300,0.6035069195149791,0.5356390977443609
696,0,0.055,17,79,1300,0.0015215091712041,0.049367088607594936
862,0,0.055,25,53,1300,0.0379141477827558,0.08045283018867913
29,0,0.055,40,33,1300,0.0338683676768354,0.14280303030303027
530,0,0.055,42,31,1300,0.0271291913948444,0.06689708141321035
362,0,0.055,34,39,1300,0.068573216281176,0.16568627450980383
196,0,0.055,31,43,1300,0.0642455293021798,0.1901725431357839
697,0,0.055,100,13,1300,0.00202878966015,0.04099999999999995
863,0,0.055,14,96,1300,1.899060474448327e-05,0.0
363,0,0.055,24,55,1300,0.028763806267908,0.1339393939393939
30,0,0.055,14,97,1300,0.0018548154487748,0.02871870397643585
197,0,0.055,15,92,1300,0.200544786107452,0.2317391304347826
698,0,0.055,31,42,1300,0.0337137541607461,0.13279569892473117
864,0,0.055,20,66,1300,0.0516645675175713,0.13492424242424234
31,0,0.055,19,70,1300,0.0747406397647892,0.19451127819548866
531,0,0.055,73,18,1300,0.0487001925902268,0.16324200913242
364,0,0.055,26,50,1300,0.0098383731536684,0.07599999999999991
198,0,0.055,23,59,1300,0.0010188850829605,0.03065585851142217
699,0,0.055,15,87,1300,0.0446176993503039,0.10559386973180071
532,0,0.055,36,37,1300,0.2336101765430965,0.2674174174174174
32,0,0.055,17,79,1300,0.0040014974273055,0.02613551749813849
865,0,0.055,31,43,1300,0.0010013624772177,0.02730682670667666
365,0,0.055,23,58,1300,0.516487893470584,0.43950524737631175
199,0,0.055,14,95,1300,0.1573807790087014,0.20135338345864665
700,0,0.055,21,64,1300,8.37468492321025e-05,0.00193452380952376
533,0,0.055,19,71,1300,5.234097189206948e-07,0.0
33,0,0.055,87,15,1300,0.4197571227181892,0.45524904214559375
866,0,0.055,109,12,1300,0.0340908346063381,0.08845565749235462
200,0,0.055,19,70,1300,0.5992782725764576,0.5463909774436089
366,0,0.055,17,79,1300,0.0096654327178835,0.06001489203276242
701,0,0.055,15,92,1300,0.0756896009817159,0.19688405797101444
534,0,0.055,14,98,1300,0.0004320913779478,0.01800291545189501
34,0,0.055,14,94,1300,0.2306570524562438,0.25091185410334343
867,0,0.055,23,58,1300,0.1875043999687992,0.29625187406296843
201,0,0.055,14,98,1300,0.1537473417340097,0.271938775510204
367,0,0.055,21,63,1300,0.0002855360465595,0.00393046107331813
702,0,0.055,16,83,1300,0.0012455977534814,0.00978915662650601
535,0,0.055,20,67,1300,0.0630016063238744,0.17559701492537305
35,0,0.055,39,34,1300,0.0015212620363643,0.02647058823529406
868,0,0.055,21,63,1300,0.0294863420331274,0.07860922146636429
202,0,0.055,50,26,1300,0.1346699573261756,0.23899999999999993
368,0,0.055,41,32,1300,0.0045705886911238,0.04657012195121949
703,0,0.055,41,32,1300,0.0002924222494441,0.00990853658536573
536,0,0.055,73,18,1300,0.4470808966254261,0.3937595129375951
869,0,0.055,21,63,1300,0.0014233461457038,0.023582766439909173
36,0,0.055,82,16,1300,0.0342375142272512,0.08818597560975605
369,0,0.055,29,46,1300,0.0001570534568194,0.026311844077961
203,0,0.055,19,71,1300,0.0045895868126776,0.04529280948850996
704,0,0.055,18,76,1300,0.1127978955342789,0.15964912280701749
537,0,0.055,35,38,1300,0.000252560775096,0.01368421052631568
870,0,0.055,14,93,1300,0.1239971128279105,0.17073732718894008
37,0,0.055,45,29,1300,0.074609361770164,0.12950191570881214
370,0,0.055,17,77,1300,0.0034481370917991,0.022841864018334528
204,0,0.055,31,42,1300,0.190273166396832,0.2526113671274961
705,0,0.055,18,74,1300,0.0115375484078779,0.048798798798798754
538,0,0.055,20,66,1300,0.0308027969209747,0.14083333333333328
871,0,0.055,16,83,1300,0.0010516771681942,0.03621987951807225
38,0,0.055,50,26,1300,0.0005880803847706,0.0169999999999999
371,0,0.055,119,11,1300,0.0107884445800397,0.05561497326203208
205,0,0.055,33,40,1300,0.0478485752883591,0.13590909090909084
706,0,0.055,87,15,1300,0.0999499522579181,0.18727969348659
539,0,0.055,34,39,1300,0.5048637021395933,0.43627450980392146
39,0,0.055,15,90,1300,0.573700455479616,0.4699259259259258
872,0,0.055,18,75,1300,0.1014478766146153,0.15888888888888886
372,0,0.055,19,72,1300,0.1765562966283952,0.32119883040935665
206,0,0.055,130,10,1300,0.6635351686200475,0.596
707,0,0.055,57,23,1300,0.4499774129813943,0.44919908466819214
540,0,0.055,21,63,1300,0.1245900896469424,0.2741496598639456
40,0,0.055,47,28,1300,0.6079431408828907,0.5324468085106383
873,0,0.055,49,27,1300,0.0461848427633454,0.1267573696145124
373,0,0.055,25,54,1300,0.0118815525165099,0.052
207,0,0.055,119,11,1300,0.0039127207670062,0.04469060351413281
541,0,0.055,18,74,1300,0.0177939086600873,0.05465465465465459
708,0,0.055,73,18,1300,0.6849782472101456,0.59558599695586
41,0,0.055,14,94,1300,0.0919260125444892,0.1758358662613982
874,0,0.055,23,58,1300,0.3006275806740184,0.38785607196401795
374,0,0.055,19,70,1300,0.0514621846098456,0.1466165413533834
208,0,0.055,37,36,1300,0.1098096304450574,0.2186186186186185
709,0,0.055,34,39,1300,0.0192469444882451,0.13333333333333325
542,0,0.055,87,15,1300,0.0635362713208629,0.1494252873563217
875,0,0.055,15,88,1300,0.004213552414984,0.019696969696969633
42,0,0.055,62,21,1300,0.0004707965446482,0.011981566820276431
375,0,0.055,14,94,1300,0.0291826120230623,0.11261398176291781
209,0,0.055,20,68,1300,0.0723053549640535,0.18066176470588233
710,0,0.055,17,77,1300,0.0052907334394266,0.08143621084797549
543,0,0.055,22,61,1300,0.063605182247901,0.10558867362146038
876,0,0.055,93,14,1300,0.1172790325675844,0.23663594470046076
43,0,0.055,14,93,1300,0.0111665655242353,0.07688172043010745
376,0,0.055,16,82,1300,0.0183140261351171,0.10007621951219503
210,0,0.055,22,61,1300,0.0060368074010654,0.03487332339791352
711,0,0.055,82,16,1300,0.0190023200638291,0.06935975609756088
544,0,0.055,16,85,1300,0.1323857579228408,0.18257352941176466
877,0,0.055,15,89,1300,0.0012020808162403,0.03116104868913855
44,0,0.055,23,58,1300,0.0039644058977156,0.04092953523238372
377,0,0.055,77,17,1300,0.0122499760809849,0.048663101604278065
712,0,0.055,18,73,1300,0.0472574638835735,0.11080669710806697
211,0,0.055,52,25,1300,0.0061467532811114,0.0819999999999999
545,0,0.055,17,80,1300,0.0063570002255803,0.059264705882352886
878,0,0.055,15,90,1300,0.0199249636628714,0.09725925925925925
45,0,0.055,19,71,1300,0.0614617269873602,0.13009636767976274
378,0,0.055,87,15,1300,0.1299581748011655,0.21318007662835245
713,0,0.055,32,41,1300,0.3568363329138631,0.3398628048780487
212,0,0.055,31,43,1300,0.0003748837372207,0.01950487621905472
546,0,0.055,31,43,1300,0.0836272625380167,0.1492123030757689
879,0,0.055,77,17,1300,0.0036435772443733,0.0377387318563788
46,0,0.055,20,66,1300,0.2131946505551777,0.3230303030303029
379,0,0.055,69,19,1300,0.1080481196278557,0.1586575133485888
213,0,0.055,26,50,1300,0.0588360877864069,0.12199999999999994
714,0,0.055,29,46,1300,0.1235963338195059,0.23388305847076454
880,0,0.055,16,83,1300,0.0737796549292081,0.1341114457831325
547,0,0.055,47,28,1300,0.0242744442840146,0.14422492401215795
47,0,0.055,41,32,1300,0.2325792080709717,0.3408536585365854
380,0,0.055,42,31,1300,0.1219474140425149,0.2306451612903226
214,0,0.055,26,51,1300,0.0211701284534513,0.09215686274509792
881,0,0.055,38,35,1300,0.0190364633855674,0.06157894736842095
715,0,0.055,55,24,1300,0.1637952350112591,0.2836363636363635
548,0,0.055,18,76,1300,0.0014792352463101,0.01045321637426898
48,0,0.055,18,75,1300,0.1679644959428356,0.27444444444444444
381,0,0.055,20,65,1300,0.0441146761544322,0.08599999999999994
215,0,0.055,57,23,1300,0.0664185715991872,0.17749809305873374
716,0,0.055,32,41,1300,0.1985194678210588,0.2932926829268292
882,0,0.055,36,37,1300,0.6320006240642708,0.5182432432432431
549,0,0.055,37,36,1300,0.0014493076138395,0.025375375375375347
49,0,0.055,23,57,1300,0.0149938608630986,0.09816933638443932
382,0,0.055,23,57,1300,0.0239649807661294,0.07238749046529364
216,0,0.055,14,94,1300,0.0043399582007294,0.054331306990881435
883,0,0.055,93,14,1300,0.0171702685639486,0.08786482334869422
550,0,0.055,15,87,1300,0.0318353569819186,0.11555555555555543
717,0,0.055,28,47,1300,0.0266853181246451,0.1876899696048632
50,0,0.055,34,39,1300,0.4139403639256672,0.5313725490196077
383,0,0.055,14,94,1300,0.0772979497589641,0.1432370820668692
217,0,0.055,17,77,1300,0.0159604952847145,0.06753246753246747
551,0,0.055,17,78,1300,0.0125342643531443,0.04705882352941172
884,0,0.055,45,29,1300,0.137273757497903,0.23908045977011494
51,0,0.055,15,90,1300,0.0005884802157419,0.01348148148148139
718,0,0.055,29,46,1300,0.1244815662021944,0.2368065967016491
384,0,0.055,18,73,1300,0.4831432321660248,0.4115677321156773
218,0,0.055,82,16,1300,0.138869657028027,0.22987804878048773
552,0,0.055,28,48,1300,0.0007504417937758,0.02805059523809517
885,0,0.055,69,19,1300,0.0734613505511214,0.18642257818459185
52,0,0.055,21,62,1300,0.1108927042591653,0.19170506912442392
719,0,0.055,31,43,1300,0.0008474619291658,0.01365341335333833
385,0,0.055,20,68,1300,0.0022164474481763,0.045882352941176444
219,0,0.055,55,24,1300,0.0031184586461623,0.03053030303030292
553,0,0.055,31,43,1300,0.3488442345353943,0.3900975243810952
720,0,0.055,15,88,1300,0.0891567817344536,0.2087878787878788
886,0,0.055,14,98,1300,0.0107918414997016,0.04642857142857141
53,0,0.055,15,89,1300,0.0176954377696704,0.10127340823970031
386,0,0.055,40,33,1300,0.1235381626177438,0.17924242424242415
220,0,0.055,30,44,1300,0.5758220781108393,0.5446212121212121
554,0,0.055,41,32,1300,0.0001143461607887,0.00990853658536573
721,0,0.055,41,32,1300,0.0697332669813126,0.21204268292682918
887,0,0.055,24,56,1300,1.5819458218745142e-05,0.00193452380952376
54,0,0.055,16,84,1300,0.0192897170292405,0.14412202380952377
387,0,0.055,19,71,1300,0.0194906783926817,0.07709414381022978
221,0,0.055,16,86,1300,0.0384485123384072,0.12659883720930223
555,0,0.055,119,11,1300,0.0181099777116042,0.08044308632543924
722,0,0.055,119,11,1300,0.6649328581030788,0.6058059587471353
888,0,0.055,21,64,1300,0.0002388756410022,0.01354166666666658
388,0,0.055,18,73,1300,0.0130697048427947,0.05738203957382039
55,0,0.055,17,81,1300,0.0011129877362999,0.02076978939724026
222,0,0.055,17,78,1300,0.0618427612207147,0.14509803921568618
723,0,0.055,34,39,1300,0.0003861058730886,0.02352941176470586
556,0,0.055,109,12,1300,0.0008772644912517,0.0188837920489296
889,0,0.055,82,16,1300,0.0186119779861321,0.12682926829268293
389,0,0.055,14,95,1300,0.0386194048604771,0.09676691729323307
56,0,0.055,15,90,1300,0.2462137150308654,0.31296296296296294
223,0,0.055,24,55,1300,0.0211802226290138,0.06007575757575755
724,0,0.055,17,81,1300,0.0343485058435282,0.0925199709513434
557,0,0.055,34,39,1300,0.4381799250643934,0.36372549019607836
890,0,0.055,14,96,1300,0.176271332736251,0.3356398809523809
390,0,0.055,16,82,1300,0.044293332407151,0.09115853658536587
57,0,0.055,20,65,1300,0.0328127410592788,0.143
224,0,0.055,47,28,1300,0.0048005264802256,0.03259878419452876
725,0,0.055,25,54,1300,0.0072673793843305,0.044296296296296195
891,0,0.055,38,35,1300,0.0357203309698326,0.0899248120300751
558,0,0.055,33,40,1300,0.0225870154072656,0.07386363636363634
391,0,0.055,31,42,1300,0.0319720051367774,0.10483870967741925
58,0,0.055,41,32,1300,0.0373688621731371,0.16448170731707312
225,0,0.055,28,47,1300,0.0008783246736566,0.019756838905775013
726,0,0.055,23,58,1300,0.0248272683313123,0.08770614692653672
892,0,0.055,16,85,1300,0.0146815953415851,0.07169117647058822
559,0,0.055,27,49,1300,7.955264583490017e-05,0.00589569160997726
59,0,0.055,23,57,1300,0.0232964075258525,0.05156369183829136
392,0,0.055,28,48,1300,0.0447120099408848,0.1547619047619047
226,0,0.055,55,24,1300,0.0220023564857803,0.07090909090909085
727,0,0.055,31,43,1300,0.0433141180231747,0.16774193548387092
893,0,0.055,24,55,1300,0.0002692382367986,0.019696969696969633
560,0,0.055,19,71,1300,0.0109520909986079,0.05782060785767227
393,0,0.055,40,33,1300,0.0005061305572395,0.02265151515151512
60,0,0.055,52,25,1300,0.0152578742252046,0.117
227,0,0.055,23,57,1300,0.0148982808937569,0.06544622425629287
394,0,0.055,29,45,1300,0.0260291513951762,0.08666666666666657
561,0,0.055,33,40,1300,0.0224233382482468,0.08174242424242413
61,0,0.055,39,34,1300,0.1484203836155883,0.288235294117647
728,0,0.055,26,50,1300,0.0081889713844949,0.04299999999999989
228,0,0.055,15,91,1300,0.1618855561188324,0.26571428571428574
894,0,0.055,55,24,1300,0.0020475620548192,0.0443181818181817
395,0,0.055,28,47,1300,0.0022812875736325,0.05334346504559267
562,0,0.055,23,58,1300,0.3206809220312815,0.3595952023988006
62,0,0.055,14,98,1300,0.0103391129910833,0.10422740524781338
729,0,0.055,130,10,1300,0.0003295794151214,0.01099999999999992
229,0,0.055,28,48,1300,0.0227380163728488,0.05416666666666658
895,0,0.055,22,61,1300,0.0065128739593022,0.03777943368107298
396,0,0.055,25,54,1300,0.0090099529619462,0.07607407407407404
563,0,0.055,22,61,1300,0.0058476371958904,0.05521609538002974
63,0,0.055,45,29,1300,0.0029014154899067,0.0468199233716474
730,0,0.055,100,13,1300,0.1966308679610959,0.2839999999999999
230,0,0.055,23,59,1300,0.0233318743552014,0.10537951363301389
896,0,0.055,26,50,1300,0.0004020017438992,0.01099999999999992
397,0,0.055,18,73,1300,0.2932657166233685,0.3482496194824962
564,0,0.055,21,62,1300,0.450853738558233,0.39439324116743474
64,0,0.055,87,15,1300,0.5404019847188932,0.5588505747126438
731,0,0.055,18,74,1300,0.0031594092011217,0.02830330330330321
231,0,0.055,57,23,1300,0.0282819956761197,0.11700991609458423
897,0,0.055,21,64,1300,0.0741184008700848,0.19345238095238096
398,0,0.055,14,93,1300,0.0018997929588749,0.0279569892473118
565,0,0.055,52,25,1300,0.0005965667724374,0.013
65,0,0.055,50,26,1300,0.0397180140514287,0.107
232,0,0.055,23,58,1300,0.1652614126657871,0.24752623688155925
732,0,0.055,14,95,1300,0.0012799867414711,0.01563909774436087
898,0,0.055,20,67,1300,0.0213904576853982,0.06985074626865659
399,0,0.055,34,39,1300,2.3797632943604984e-05,0.00686274509803909
566,0,0.055,18,74,1300,0.0162711465521927,0.05563063063063051
66,0,0.055,14,96,1300,0.0015600847097557,0.023214285714285642
233,0,0.055,25,52,1300,0.1113090485158357,0.224
733,0,0.055,100,13,1300,0.193973165630139,0.26
899,0,0.055,87,15,1300,0.0001993077110221,0.00796934865900381
400,0,0.055,16,84,1300,0.0060910771309984,0.07061011904761894
567,0,0.055,30,44,1300,0.1126042938558665,0.221590909090909
67,0,0.055,21,62,1300,0.0007322974875095,0.011981566820276431
234,0,0.055,16,86,1300,2.6519365500901583e-05,0.0028343023255813504
734,0,0.055,20,67,1300,0.032558631650627,0.11156716417910441
900,0,0.055,57,23,1300,0.0170173086511247,0.09916094584286798
401,0,0.055,57,23,1300,0.1573282396918207,0.2429443173150266
568,0,0.055,17,77,1300,2.029646894322093e-05,0.0029793735676087495
68,0,0.055,49,27,1300,2.786521331498804e-09,0.0
235,0,0.055,14,98,1300,0.1434587948388324,0.2520408163265305
735,0,0.055,15,87,1300,0.0117028864758593,0.05279693486590029
901,0,0.055,87,15,1300,0.0002473880506457,0.0039846743295018396
402,0,0.055,93,14,1300,0.1825836746996484,0.2745775729646696
569,0,0.055,24,56,1300,0.1247820828903066,0.21860119047619045
69,0,0.055,82,16,1300,0.4673637904412149,0.4627286585365854
236,0,0.055,26,51,1300,0.0001652358656478,0.01176470588235293
736,0,0.055,34,39,1300,0.0134534420543523,0.058823529411764656
902,0,0.055,30,44,1300,0.3067402684653035,0.3240151515151514
403,0,0.055,23,58,1300,0.0011160933981442,0.023388305847076428
570,0,0.055,16,82,1300,0.0276574961613041,0.1416920731707316
70,0,0.055,18,75,1300,0.1697063798401243,0.2041481481481481
237,0,0.055,17,77,1300,0.0116463305150858,0.07448433919022147
903,0,0.055,14,96,1300,0.0450547757245153,0.1673363095238094
737,0,0.055,73,18,1300,0.0021499870336184,0.037595129375951296
404,0,0.055,35,38,1300,0.0004524078513901,0.00684210526315784
571,0,0.055,22,60,1300,0.0094237928984271,0.05318181818181817
71,0,0.055,36,37,1300,0.2820234515895921,0.39136636636636635
238,0,0.055,36,37,1300,0.1985332329787951,0.24496996996996992
904,0,0.055,17,78,1300,0.0362445588667103,0.13235294117647056
738,0,0.055,49,27,1300,0.0177183131017968,0.10317460317460309
405,0,0.055,25,54,1300,0.0956801208992957,0.25807407407407407
572,0,0.055,109,12,1300,0.0718074776369494,0.12025993883792044
72,0,0.055,62,21,1300,0.0184459516175898,0.07288786482334864
239,0,0.055,82,16,1300,0.101792388086438,0.19717987804878037
905,0,0.055,37,36,1300,0.1042939534125891,0.15225225225225222
406,0,0.055,16,84,1300,0.0057722064148734,0.053199404761904705
739,0,0.055,21,64,1300,0.0014329398739873,0.03578869047619047
573,0,0.055,21,62,1300,0.106835544228877,0.2116743471582181
73,0,0.055,23,59,1300,0.1037385047380764,0.1417833456153279
240,0,0.055,16,82,1300,0.0132160501139835,0.08224085365853656
407,0,0.055,14,94,1300,0.2158828933389519,0.3477203647416413
906,0,0.055,25,54,1300,0.1889004871522311,0.2638518518518518
740,0,0.055,38,35,1300,0.1053112813778498,0.20330827067669172
574,0,0.055,16,83,1300,0.01448659624127,0.08614457831325295
74,0,0.055,15,88,1300,0.0233393250957788,0.11030303030303024
241,0,0.055,19,71,1300,4.328870228167828e-06,0.0048183839881392795
408,0,0.055,35,38,1300,0.0091753233335727,0.06157894736842095
907,0,0.055,26,50,1300,0.0095907232536796,0.107
575,0,0.055,26,50,1300,0.0056952924139922,0.039
741,0,0.055,33,40,1300,0.1355534162762621,0.1693939393939394
75,0,0.055,16,85,1300,0.0860769296782417,0.26573529411764696
242,0,0.055,20,65,1300,0.0762679066660478,0.218
409,0,0.055,16,84,1300,0.0028208200555516,0.02224702380952376
908,0,0.055,32,41,1300,0.0630389624144674,0.14268292682926828
576,0,0.055,18,76,1300,0.0343910157837356,0.18340643274853796
742,0,0.055,47,28,1300,0.0539439260944801,0.10273556231003039
76,0,0.055,23,58,1300,1.997461223128125e-05,0.00584707646176901
243,0,0.055,18,75,1300,0.0276001102488492,0.09051851851851847
410,0,0.055,20,65,1300,0.0001960260314525,0.02099999999999993
909,0,0.055,21,63,1300,0.0061223023441519,0.03635676492819345
577,0,0.055,19,70,1300,0.0303128650077793,0.079172932330827
743,0,0.055,34,39,1300,0.0145613723966653,0.04705882352941172
77,0,0.055,44,30,1300,0.428243724867076,0.46189393939393936
244,0,0.055,15,87,1300,0.0298150302624799,0.13049808429118773
411,0,0.055,17,78,1300,0.0017299884760314,0.02647058823529406
910,0,0.055,15,90,1300,1.425396606107258e-05,0.0019259259259258202
578,0,0.055,16,85,1300,0.0986866618183544,0.24852941176470578
744,0,0.055,14,95,1300,0.0003446417110087,0.01172932330827062
78,0,0.055,34,39,1300,0.0001360598186521,0.0058823529411764
245,0,0.055,39,34,1300,0.0051127785180419,0.06862745098039207
412,0,0.055,14,97,1300,0.7451006443023964,0.5456553755522827
911,0,0.055,130,10,1300,0.1508690907918014,0.2769999999999999
579,0,0.055,26,50,1300,0.0183171210041133,0.08999999999999997
745,0,0.055,17,80,1300,0.0908376429242527,0.16727941176470576
79,0,0.055,36,37,1300,0.2305237103679331,0.35330330330330323
246,0,0.055,20,68,1300,0.0522148388104689,0.10705882352941165
413,0,0.055,16,84,1300,0.1356915416583755,0.21860119047619045
912,0,0.055,28,48,1300,0.0019540960281792,0.02805059523809517
580,0,0.055,18,74,1300,0.0046726581788059,0.03415915915915906
746,0,0.055,21,64,1300,0.0657362158396947,0.11607142857142846
80,0,0.055,24,56,1300,0.0071859852195367,0.061904761904761886
414,0,0.055,18,73,1300,0.0222425081580217,0.04847792998477924
247,0,0.055,21,62,1300,7.527441952017133e-05,0.00199692780337934
913,0,0.055,17,80,1300,0.0072791475611557,0.08985294117647055
581,0,0.055,21,63,1300,0.0740533398302192,0.2201058201058201
747,0,0.055,33,40,1300,0.4506427419459108,0.4402272727272727
81,0,0.055,47,28,1300,0.0052520116940994,0.05630699088145885
415,0,0.055,28,48,1300,0.0232730633079481,0.1344494047619047
248,0,0.055,15,88,1300,0.5106949644666692,0.489469696969697
914,0,0.055,23,58,1300,0.663787036811124,0.5389055472263867
582,0,0.055,44,30,1300,0.0183215933605441,0.0975
748,0,0.055,50,26,1300,0.0464526085965243,0.208
416,0,0.055,16,82,1300,0.0586565610063267,0.1129573170731707
82,0,0.055,17,77,1300,0.2327332796657992,0.34957983193277314
249,0,0.055,15,90,1300,0.0639190629740579,0.12133333333333328
915,0,0.055,22,61,1300,0.0014917360162241,0.01743666169895676
583,0,0.055,82,16,1300,0.0409754182236997,0.12583841463414625
749,0,0.055,19,71,1300,0.0004080424980011,0.01349147516679014
417,0,0.055,20,66,1300,0.0026553569752318,0.07090909090909085
83,0,0.055,16,83,1300,0.0003538584315931,0.014683734939758952
250,0,0.055,14,94,1300,0.5347322470644693,0.48206686930091186
916,0,0.055,41,32,1300,0.0004438543677893,0.01684451219512191
584,0,0.055,15,90,1300,0.0016640145466089,0.028888888888888856
750,0,0.055,16,84,1300,3.701674874779251e-06,0.00096726190476188
418,0,0.055,22,60,1300,0.0352837192168973,0.08272727272727268
84,0,0.055,21,63,1300,0.010208031574758,0.06092214663643225
251,0,0.055,100,13,1300,0.008850611466281,0.05899999999999989
917,0,0.055,57,23,1300,0.0391473001012084,0.09816933638443932
585,0,0.055,42,31,1300,0.0209881561796339,0.19969278033794155
751,0,0.055,16,86,1300,0.0559204196176803,0.11998546511627897
419,0,0.055,22,60,1300,0.0017555517260044,0.01674242424242414
252,0,0.055,19,69,1300,0.0247259389469055,0.09221967963386724
85,0,0.055,19,70,1300,0.0038705527649291,0.05473684210526311
918,0,0.055,45,29,1300,0.0691280396034894,0.18927203065134088
586,0,0.055,15,91,1300,9.453616503459076e-06,0.0028571428571427296
752,0,0.055,38,35,1300,0.0512209404004516,0.12511278195488723
420,0,0.055,45,29,1300,0.0487959067320081,0.09762452107279691
253,0,0.055,45,29,1300,0.0069626203519736,0.051800766283524834
919,0,0.055,24,55,1300,0.0977489959476226,0.1595454545454545
86,0,0.055,18,73,1300,1.1409117693174542e-06,0.0
587,0,0.055,15,87,1300,0.0015868847043565,0.0328735632183907
421,0,0.055,15,88,1300,0.0548213462213161,0.21469696969696964
753,0,0.055,87,15,1300,0.549615234371824,0.5150191570881226
920,0,0.055,23,57,1300,0.0206417854269835,0.07734553775743705
254,0,0.055,93,14,1300,0.0058175098899537,0.03195084485407061
87,0,0.055,28,48,1300,0.7315134220394044,0.6103422619047619
588,0,0.055,23,57,1300,0.2372865654003755,0.28360030511060247
422,0,0.055,19,72,1300,0.2293054131134238,0.32119883040935665
754,0,0.055,14,99,1300,2.044811276911376e-06,0.00375180375180364
255,0,0.055,14,96,1300,0.0107389669908195,0.059970238095237986
921,0,0.055,16,86,1300,0.0089729950394166,0.07463662790697673
88,0,0.055,20,65,1300,0.0771743005341606,0.185
589,0,0.055,16,82,1300,0.0243136207492026,0.09016768292682917
423,0,0.055,28,47,1300,0.0528934069822726,0.14422492401215795
755,0,0.055,17,79,1300,0.0795613564099358,0.1635889798957557
922,0,0.055,49,27,1300,0.3025709279385298,0.3704459561602419
256,0,0.055,28,48,1300,0.0133132367015688,0.05706845238095235
89,0,0.055,37,36,1300,4.390357439646322e-07,0.0029279279279278603
590,0,0.055,17,79,1300,0.0060668742488369,0.037751303052866655
923,0,0.055,32,41,1300,0.0941378262986799,0.15358231707317072
756,0,0.055,22,61,1300,0.0017221838815589,0.03487332339791352
424,0,0.055,15,92,1300,4.677817764567263e-05,0.01601449275362313
757,0,0.055,47,28,1300,0.067439771241358,0.19559270516717323
257,0,0.055,17,81,1300,0.0136146209434506,0.06891793754538848
90,0,0.055,52,25,1300,0.4518274955813753,0.461
591,0,0.055,19,71,1300,0.0918962140641934,0.17442550037064491
425,0,0.055,20,67,1300,0.016449889512862,0.07276119402985068
924,0,0.055,29,46,1300,0.0004032152735799,0.01851574212893548
258,0,0.055,28,48,1300,1.9143738218748493e-05,0.00096726190476188
91,0,0.055,20,68,1300,0.0222647117051906,0.08602941176470588
426,0,0.055,26,50,1300,0.3143785881504192,0.4709999999999999
592,0,0.055,15,91,1300,0.0009020764343059,0.02190476190476184
925,0,0.055,19,72,1300,0.0002021981010637,0.012353801169590528
758,0,0.055,52,25,1300,0.021845771467081,0.10899999999999994
92,0,0.055,17,79,1300,0.3617096568663074,0.4113924050632911
259,0,0.055,38,35,1300,0.1886065757992712,0.36263157894736836
427,0,0.055,93,14,1300,0.0874841287318652,0.2206605222734254
593,0,0.055,93,14,1300,0.3051347566805588,0.3953917050691244
926,0,0.055,87,15,1300,0.0370942320728089,0.07969348659003823
759,0,0.055,14,97,1300,0.0997121281201834,0.18092783505154633
93,0,0.055,25,54,1300,0.1268920575908718,0.153111111111111
260,0,0.055,37,36,1300,0.0422662631250674,0.12687687687687674
428,0,0.055,119,11,1300,0.2397210702294641,0.26715049656226125
594,0,0.055,60,22,1300,0.240379517924084,0.23636363636363636
927,0,0.055,37,36,1300,0.0065321857912414,0.041966966966966855
760,0,0.055,21,63,1300,0.8229979996885064,0.689795918367347
94,0,0.055,40,33,1300,0.0139318675073109,0.08568181818181818
261,0,0.055,17,77,1300,0.2211698432048453,0.3466004583651643
429,0,0.055,65,20,1300,0.0372162380210763,0.13199999999999995
595,0,0.055,36,37,1300,0.4527635069742969,0.4918918918918919
928,0,0.055,21,64,1300,0.0931630519540566,0.17797619047619045
761,0,0.055,44,30,1300,0.0013934373972475,0.019696969696969633
95,0,0.055,25,54,1300,0.025895628309166,0.09822222222222216
430,0,0.055,16,83,1300,0.0015019168985063,0.028388554216867392
262,0,0.055,100,13,1300,0.0022819668037154,0.021999999999999967
596,0,0.055,34,39,1300,0.3009132697404211,0.3774509803921568
929,0,0.055,32,41,1300,0.0532191990951656,0.10602134146341452
762,0,0.055,34,39,1300,6.744203081980824e-05,0.00490196078431371
96,0,0.055,14,97,1300,1.20594739822683e-06,0.00191458026509568
263,0,0.055,100,13,1300,0.351654944812891,0.412
431,0,0.055,14,98,1300,0.7397139242170306,0.6727405247813412
597,0,0.055,30,44,1300,0.0149370255486871,0.08371212121212109
930,0,0.055,77,17,1300,0.0267635537896444,0.10924369747899154
763,0,0.055,14,95,1300,0.2042327271370557,0.26
97,0,0.055,41,32,1300,0.0127172059982131,0.0802591463414633
264,0,0.055,87,15,1300,0.2070244083166825,0.30781609195402304
432,0,0.055,52,25,1300,0.5,0.49299999999999994
598,0,0.055,35,38,1300,0.0630319890028993,0.13684210526315782
931,0,0.055,15,87,1300,0.0019179820007106,0.019923371647509458
764,0,0.055,27,49,1300,0.0002280285383308,0.006878306878306759
98,0,0.055,20,65,1300,0.0032394549771326,0.02099999999999993
265,0,0.055,36,37,1300,0.0441763916364714,0.2108108108108107
433,0,0.055,16,85,1300,0.3464182544577873,0.3374264705882353
599,0,0.055,21,64,1300,0.0085501024727182,0.03772321428571423
932,0,0.055,24,56,1300,0.0013133973918177,0.02611607142857141
765,0,0.055,16,86,1300,0.1569587087440141,0.2503633720930233
99,0,0.055,15,89,1300,0.0008840520645213,0.01947565543071161
434,0,0.055,16,86,1300,0.0493548100630917,0.13415697674418597
266,0,0.055,15,90,1300,0.0082761553550166,0.05296296296296291
600,0,0.055,36,37,1300,0.0004467890477247,0.020495495495495408
933,0,0.055,24,56,1300,0.056386134431257,0.11897321428571422
766,0,0.055,55,24,1300,0.2981920234090993,0.41363636363636364
100,0,0.055,31,42,1300,0.0469104307362612,0.14777265745007673
435,0,0.055,17,80,1300,0.0404767275445846,0.15676470588235286
267,0,0.055,87,15,1300,0.0057199050763542,0.0418390804597701
601,0,0.055,77,17,1300,5.28284831216494e-06,0.0
934,0,0.055,31,42,1300,0.0395549790734595,0.13479262672811052
767,0,0.055,19,72,1300,0.7269265747399778,0.5302631578947368
101,0,0.055,16,84,1300,0.1366680156932983,0.21569940476190472
436,0,0.055,31,43,1300,0.0005390173257521,0.01462865716429104
268,0,0.055,23,59,1300,0.0708882728549082,0.1810611643330876
602,0,0.055,19,72,1300,0.0608021802252543,0.14064327485380107
935,0,0.055,52,25,1300,0.0065093692316969,0.043999999999999935
768,0,0.055,19,72,1300,0.2736869822859064,0.3173976608187134
102,0,0.055,31,42,1300,0.4754414824108486,0.5221966205837173
437,0,0.055,20,68,1300,0.0007190074154825,0.0172058823529411
269,0,0.055,29,45,1300,9.0847506784153e-05,0.0039846743295018396
603,0,0.055,16,86,1300,0.0043065823654049,0.03117732558139524
936,0,0.055,15,88,1300,0.1025092630946633,0.12901515151515147
769,0,0.055,17,79,1300,0.0522797647084473,0.1945644080416977
103,0,0.055,17,79,1300,0.4688003550852667,0.4772151898734177
438,0,0.055,82,16,1300,0.3431582882425084,0.41318597560975606
270,0,0.055,15,90,1300,6.734262849597445e-05,0.00481481481481481
604,0,0.055,29,45,1300,0.0003173108921444,0.005977011494252759
937,0,0.055,19,71,1300,0.0842905384834407,0.1753891771682727
104,0,0.055,14,99,1300,0.0977303189276231,0.22604617604617605
770,0,0.055,100,13,1300,0.0038274188648877,0.04699999999999993
439,0,0.055,20,65,1300,0.0549851827843042,0.09399999999999999
271,0,0.055,22,60,1300,0.0007491859492311,0.02757575757575756
938,0,0.055,15,90,1300,1.4846233672741269e-05,0.00288888888888886
605,0,0.055,45,29,1300,0.0128813388701112,0.08567049808429113
105,0,0.055,15,92,1300,0.0031006644177868,0.0405072463768115
771,0,0.055,37,36,1300,0.1858049580035853,0.20885885885885877
440,0,0.055,29,46,1300,0.4382910192589307,0.44047976011993994
272,0,0.055,15,88,1300,0.0153564087559767,0.0728787878787878
606,0,0.055,55,24,1300,0.0047121471666225,0.0403787878787878
939,0,0.055,14,98,1300,0.3103423470299126,0.343002915451895
772,0,0.055,14,95,1300,0.023995862976821,0.13293233082706757
106,0,0.055,130,10,1300,0.0754556838928942,0.10999999999999999
441,0,0.055,14,96,1300,0.0004323651311761,0.00870535714285705
273,0,0.055,33,40,1300,0.0551269363845465,0.21568181818181817
940,0,0.055,20,67,1300,0.009426837698125,0.05141791044776113
607,0,0.055,26,51,1300,0.0194717566132821,0.08921568627450972
107,0,0.055,14,93,1300,0.0023865794287531,0.025960061443932328
773,0,0.055,55,24,1300,0.3195116688303833,0.4540151515151514
274,0,0.055,36,37,1300,0.0071187516858869,0.0351351351351351
442,0,0.055,20,66,1300,0.1919673229007035,0.30234848484848476
941,0,0.055,69,19,1300,0.0086124344490709,0.07734553775743705
108,0,0.055,82,16,1300,0.0090818183524108,0.07332317073170726
774,0,0.055,19,69,1300,0.2765406764421358,0.3232646834477498
608,0,0.055,73,18,1300,0.3668142694148599,0.4254185692541857
275,0,0.055,37,36,1300,0.0083714459152682,0.03318318318318315
443,0,0.055,40,33,1300,0.0003258820339429,0.02068181818181817
942,0,0.055,14,94,1300,0.0087424520164596,0.06519756838905764
775,0,0.055,21,62,1300,0.0022476249021637,0.029953917050691142
109,0,0.055,39,34,1300,0.0074543519972444,0.03529411764705879
609,0,0.055,36,37,1300,0.0028805363842949,0.020495495495495408
444,0,0.055,14,93,1300,0.0154049086320859,0.07388632872503831
276,0,0.055,16,84,1300,0.0249757495593441,0.0609375
943,0,0.055,20,65,1300,0.2750311247560251,0.3469999999999999
110,0,0.055,15,87,1300,0.0111013377348479,0.1095785440613027
776,0,0.055,15,90,1300,0.2470744536144041,0.3081481481481481
610,0,0.055,52,25,1300,0.1585621524599226,0.21899999999999994
445,0,0.055,17,80,1300,0.1816929757568942,0.2122058823529411
277,0,0.055,24,55,1300,0.0077080954704457,0.07878787878787878
944,0,0.055,55,24,1300,0.0070368886652312,0.09356060606060598
777,0,0.055,17,81,1300,0.1691768441255974,0.27000726216412485
111,0,0.055,29,45,1300,0.2217608348904228,0.33770114942528734
446,0,0.055,16,84,1300,0.0420139024965874,0.10833333333333328
611,0,0.055,45,29,1300,0.0163906172748424,0.1175478927203065
278,0,0.055,39,34,1300,0.0123471315945504,0.06372549019607836
945,0,0.055,17,79,1300,0.000391633746088,0.0096798212956068
112,0,0.055,14,93,1300,0.1566121756519846,0.26858678955453147
778,0,0.055,73,18,1300,0.1074373897515493,0.22458143074581424
447,0,0.055,24,56,1300,0.2610782122558376,0.2969494047619047
612,0,0.055,28,48,1300,0.073550520758017,0.16346726190476188
946,0,0.055,15,88,1300,0.0357825430455994,0.09651515151515144
279,0,0.055,41,32,1300,0.0050432296735064,0.050533536585365725
113,0,0.055,31,42,1300,0.230815852137996,0.31751152073732714
779,0,0.055,26,50,1300,0.1350536337935992,0.228
448,0,0.055,25,54,1300,0.0004865439158028,0.0067407407407406306
613,0,0.055,18,75,1300,0.3800267217881787,0.43140740740740735
947,0,0.055,26,51,1300,0.0003502190283582,0.025490196078431372
280,0,0.055,17,80,1300,0.0075140906410984,0.03441176470588233
114,0,0.055,20,68,1300,0.0027724939958973,0.02102941176470576
780,0,0.055,14,98,1300,0.0145135453547341,0.06348396501457725
449,0,0.055,20,66,1300,0.5529467134389843,0.5387121212121211
614,0,0.055,42,31,1300,0.0357600734885062,0.17473118279569888
281,0,0.055,47,28,1300,0.0007737066801653,0.02074468085106378
948,0,0.055,30,44,1300,0.0108417409017902,0.07583333333333328
115,0,0.055,15,88,1300,0.2432899487949011,0.37325757575757573
781,0,0.055,33,40,1300,0.0714649053347257,0.12507575757575756
450,0,0.055,18,73,1300,0.2375698491335414,0.29284627092846266
615,0,0.055,29,46,1300,0.0010406973639414,0.01266866566716634
282,0,0.055,23,59,1300,0.0925792567822224,0.15615327929255704
116,0,0.055,21,62,1300,0.6415061116552143,0.45729646697388626
949,0,0.055,73,18,1300,0.0488318152721806,0.12762557077625564
782,0,0.055,40,33,1300,0.3770790241285813,0.41560606060606065
451,0,0.055,21,63,1300,0.1648787452400723,0.301662887377173
616,0,0.055,32,41,1300,0.0809356128916599,0.15457317073170726
283,0,0.055,47,28,1300,0.1087936379010803,0.17188449848024315
117,0,0.055,17,80,1300,0.3020992833522817,0.4091176470588234
783,0,0.055,14,95,1300,0.0132711111272968,0.058646616541353364
950,0,0.055,50,26,1300,0.0034659936591798,0.01799999999999994
452,0,0.055,14,96,1300,0.0394142223294302,0.11994047619047611
617,0,0.055,26,51,1300,0.023437464887945,0.08431372549019601
284,0,0.055,20,66,1300,0.1037578092696517,0.21075757575757575
118,0,0.055,17,81,1300,0.0019399426972979,0.01604938271604928
951,0,0.055,55,24,1300,0.011930482468313,0.06204545454545451
453,0,0.055,40,33,1300,0.330089359699699,0.3328787878787878
784,0,0.055,100,13,1300,0.0353153365215441,0.13899999999999998
618,0,0.055,69,19,1300,0.0331545448866722,0.10015255530129669
285,0,0.055,60,22,1300,0.5150511119359255,0.45303030303030306
119,0,0.055,73,18,1300,0.3139449019516773,0.4115677321156773
952,0,0.055,23,59,1300,0.1517360650064744,0.2835666912306558
785,0,0.055,23,59,1300,0.0015093480247342,0.03257184966838608
619,0,0.055,44,30,1300,0.0210718172796325,0.06598484848484841
286,0,0.055,16,84,1300,0.3433258921567448,0.35401785714285705
454,0,0.055,28,47,1300,0.2315469563427811,0.32796352583586624
953,0,0.055,45,29,1300,0.0041601430082215,0.05379310344827575
786,0,0.055,30,44,1300,0.0001802582204836,0.0039393939393939
620,0,0.055,50,26,1300,0.0749012301168877,0.11499999999999991
455,0,0.055,37,36,1300,0.0054800371562072,0.048798798798798754
120,0,0.055,21,64,1300,0.0209578961688715,0.08415178571428564
787,0,0.055,62,21,1300,0.148302687366987,0.2556067588325653
287,0,0.055,14,93,1300,0.0038302304921569,0.02196620583717352
954,0,0.055,38,35,1300,0.1226845565779636,0.20721804511278197
456,0,0.055,49,27,1300,0.2078574305046842,0.23091458805744508
121,0,0.055,36,37,1300,6.0847768342940096e-05,0.013663663663663648
621,0,0.055,40,33,1300,0.0552997537814331,0.22946969696969696
288,0,0.055,16,82,1300,0.0024532029378324,0.03765243902439019
955,0,0.055,36,37,1300,0.0431084668871802,0.1659159159159159
457,0,0.055,26,51,1300,0.1187519640374916,0.20098039215686275
122,0,0.055,27,49,1300,0.1827883874033374,0.26727135298563864
622,0,0.055,37,36,1300,0.0350008499800418,0.10930930930930918
788,0,0.055,41,32,1300,0.0033509803852196,0.03567073170731707
289,0,0.055,18,75,1300,0.0223922846414434,0.07607407407407404
956,0,0.055,15,92,1300,1.551874047022522e-06,0.0
458,0,0.055,25,52,1300,3.833371369335288e-05,0.00199999999999995
123,0,0.055,14,98,1300,0.3021500509320609,0.3714285714285714
789,0,0.055,41,32,1300,0.0043246347853978,0.04161585365853656
623,0,0.055,130,10,1300,0.0085538220731322,0.0819999999999999
290,0,0.055,29,46,1300,3.801408400470402e-05,0.00194902548725625
957,0,0.055,47,28,1300,0.235134429718577,0.31709726443768993
459,0,0.055,55,24,1300,0.2283931309958234,0.2609848484848484
124,0,0.055,18,76,1300,0.1615480886716901,0.30789473684210517
790,0,0.055,33,40,1300,0.0004927229041534,0.00984848484848475
958,0,0.055,47,28,1300,0.0084793672045305,0.07112462006079028
291,0,0.055,26,51,1300,0.4276552411346245,0.40392156862745093
624,0,0.055,15,89,1300,0.0011623089500871,0.01752808988764041
460,0,0.055,21,63,1300,0.0447736345638941,0.10120937263794395
125,0,0.055,15,89,1300,0.0005800122312637,0.01947565543071161
791,0,0.055,28,48,1300,0.0070441916909957,0.059970238095237986
461,0,0.055,21,62,1300,0.451174795084742,0.4253456221198157
959,0,0.055,21,64,1300,0.0660689188145518,0.21279761904761904
292,0,0.055,33,40,1300,0.0010064116557561,0.01083333333333329
625,0,0.055,109,12,1300,0.1075264223320723,0.2544342507645259
126,0,0.055,20,65,1300,0.0017180514597198,0.01599999999999999
792,0,0.055,47,28,1300,0.332934765778355,0.42279635258358667
462,0,0.055,25,52,1300,0.0056968685421618,0.039
960,0,0.055,20,65,1300,0.3580515461268518,0.45499999999999996
127,0,0.055,60,22,1300,0.000764568324211,0.02265151515151512
293,0,0.055,28,48,1300,0.004367540417049,0.04642857142857141
626,0,0.055,17,81,1300,0.0079904166998314,0.06608569353667386
793,0,0.055,119,11,1300,0.0104925674069228,0.07349121466768523
463,0,0.055,26,50,1300,1.8811368143091505e-05,0.0039999999999999
961,0,0.055,18,76,1300,0.0003931180216781,0.012353801169590528
128,0,0.055,28,48,1300,0.0007256159451433,0.019345238095237992
294,0,0.055,17,81,1300,0.0348486288241921,0.13594771241830064
794,0,0.055,20,66,1300,0.000437940004835,0.017727272727272682
627,0,0.055,39,34,1300,0.2004298277199169,0.2607843137254901
464,0,0.055,19,72,1300,0.0327518324460415,0.10738304093567244
962,0,0.055,37,36,1300,0.0119084285838778,0.04489489489489485
129,0,0.055,18,73,1300,0.005783320460272,0.0593607305936073
295,0,0.055,23,57,1300,0.1154384557030205,0.14675819984744465
795,0,0.055,14,97,1300,0.002075729703695,0.02680412371134017
628,0,0.055,14,97,1300,0.034266212602499,0.10625920471281296
465,0,0.055,57,23,1300,0.0041590723354701,0.0347063310450038
963,0,0.055,73,18,1300,0.0006300787231924,0.02374429223744292
130,0,0.055,22,61,1300,0.0034090172665283,0.06490312965722796
296,0,0.055,45,29,1300,0.4926055078042046,0.30283524904214554
796,0,0.055,62,21,1300,0.0025222277437267,0.04093701996927803
466,0,0.055,21,62,1300,0.0006654791436341,0.02196620583717352
629,0,0.055,49,27,1300,0.2027727089879569,0.28790627362055937
964,0,0.055,15,92,1300,0.0004027131421765,0.01789855072463757
131,0,0.055,69,19,1300,0.0008449128293383,0.01586575133485888
297,0,0.055,22,60,1300,0.1989850216673146,0.2698484848484848
797,0,0.055,73,18,1300,0.0112239997257889,0.06035007610350068
467,0,0.055,14,99,1300,0.0003631878597955,0.0065656565656565
630,0,0.055,14,94,1300,0.1652179892349999,0.27066869300911844
965,0,0.055,26,50,1300,0.5966486095903458,0.607
132,0,0.055,42,31,1300,0.0140227830543972,0.10384024577572959
298,0,0.055,29,46,1300,0.0325359152977472,0.11206896551724134
798,0,0.055,34,39,1300,0.07402114887658,0.09313725490196074
468,0,0.055,93,14,1300,0.2896587022700479,0.33149001536098305
631,0,0.055,50,26,1300,0.0544275990029849,0.1339999999999999
966,0,0.055,16,85,1300,0.0185600903872053,0.08029411764705877
133,0,0.055,18,76,1300,0.0550593912705224,0.1415935672514619
299,0,0.055,14,95,1300,0.0149460003085375,0.08015037593984954
799,0,0.055,17,80,1300,0.7629490892016859,0.6299264705882353
632,0,0.055,14,94,1300,0.2294823008967767,0.25980243161094224
469,0,0.055,24,56,1300,0.0688040062784593,0.1673363095238094
967,0,0.055,24,55,1300,0.0056202425429039,0.02166666666666658
134,0,0.055,130,10,1300,0.0236037105979523,0.10099999999999988
300,0,0.055,14,96,1300,0.0545165293888129,0.11220238095238093
633,0,0.055,100,13,1300,0.000363139994906,0.01999999999999989
800,0,0.055,19,69,1300,0.003055906358172,0.0198321891685736
470,0,0.055,21,62,1300,0.0005868527652813,0.00199692780337934
968,0,0.055,16,85,1300,0.0004737472988417,0.01911764705882343
135,0,0.055,28,48,1300,5.163001298464335e-05,0.00773809523809517
301,0,0.055,15,89,1300,0.0238090358701991,0.11101123595505617
634,0,0.055,41,32,1300,0.0616766431622851,0.18925304878048774
801,0,0.055,19,71,1300,0.0047821200530369,0.05685693106004445
471,0,0.055,26,50,1300,0.1828477666825002,0.24999999999999997
969,0,0.055,22,61,1300,0.3449453638236363,0.3274217585692995
302,0,0.055,45,29,1300,0.1726260856241792,0.2420689655172413
136,0,0.055,82,16,1300,0.0043337740567258,0.09611280487804866
635,0,0.055,14,96,1300,9.299665978749854e-05,0.0058035714285714106
802,0,0.055,14,93,1300,0.0018951508510202,0.01897081413210438
472,0,0.055,109,12,1300,0.0066992731468913,0.04969418960244648
303,0,0.055,14,95,1300,0.0001311336054932,0.010751879699248089
970,0,0.055,19,69,1300,0.039388795810235,0.13585049580472916
137,0,0.055,16,83,1300,0.0045343456721442,0.05481927710843363
636,0,0.055,16,83,1300,0.0001440079799684,0.01076807228915652
803,0,0.055,30,44,1300,1.3311178975847187e-05,0.00492424242424231
473,0,0.055,14,95,1300,0.0511724349440502,0.2023308270676692
304,0,0.055,27,49,1300,0.0300109440939195,0.1287226001511715
971,0,0.055,16,83,1300,6.112850142020378e-05,0.0009789156626505099
138,0,0.055,19,71,1300,0.0811075906480177,0.14551519644180871
804,0,0.055,40,33,1300,0.0001915744710827,0.00492424242424231
637,0,0.055,119,11,1300,0.5792728020113057,0.49656226126814357
474,0,0.055,82,16,1300,0.0104742045083503,0.06737804878048775
305,0,0.055,21,64,1300,0.2638943757497871,0.3366071428571428
972,0,0.055,14,98,1300,0.0176942418123708,0.07011661807580169
139,0,0.055,60,22,1300,0.1070826123378537,0.221590909090909
805,0,0.055,15,87,1300,0.007191031495474,0.061762452107279694
638,0,0.055,14,94,1300,0.0121493625119367,0.0612462006079027
475,0,0.055,28,48,1300,0.0098906215759188,0.07061011904761894
306,0,0.055,34,39,1300,0.0738516335518653,0.16372549019607832
973,0,0.055,28,48,1300,0.5504103904282671,0.5116815476190475
140,0,0.055,14,99,1300,0.3111254324216989,0.29264069264069265
806,0,0.055,93,14,1300,0.0076819217530081,0.06090629800307208
639,0,0.055,65,20,1300,0.0143139833702871,0.11999999999999998
476,0,0.055,109,12,1300,0.8573621654116073,0.7692660550458715
307,0,0.055,19,70,1300,0.193761575846169,0.3557894736842106
974,0,0.055,14,97,1300,0.0218194364424469,0.0947717231222385
141,0,0.055,15,92,1300,0.0114513819393398,0.09231884057971004
807,0,0.055,18,74,1300,0.0250866554675182,0.09174174174174167
640,0,0.055,15,87,1300,0.021164327678751,0.10459770114942525
477,0,0.055,36,37,1300,0.021708693616543,0.0897897897897897
308,0,0.055,17,81,1300,0.0002275334890947,0.01604938271604928
142,0,0.055,18,73,1300,0.070140771973904,0.14147640791476399
975,0,0.055,23,59,1300,0.0004292453387579,0.005747973470891599
808,0,0.055,30,44,1300,0.0148222294323953,0.08371212121212109
641,0,0.055,16,85,1300,0.1357617441886592,0.23705882352941166
478,0,0.055,39,34,1300,0.0009569917444087,0.02254901960784304
309,0,0.055,20,66,1300,0.0048242568933459,0.02856060606060597
143,0,0.055,60,22,1300,0.0100399931360544,0.06204545454545451
976,0,0.055,73,18,1300,0.0299785932955323,0.10091324200913242
809,0,0.055,17,80,1300,0.0037194403013453,0.062132352941176444
642,0,0.055,38,35,1300,0.2441593400209496,0.30593984962406007
310,0,0.055,21,63,1300,0.0003768355571573,0.023582766439909173
479,0,0.055,16,85,1300,0.0201259906524331,0.0888970588235293
144,0,0.055,28,47,1300,0.0103587064609571,0.07211246200607892
977,0,0.055,23,59,1300,0.0222347002618464,0.08717759764185694
810,0,0.055,40,33,1300,0.0616965587022335,0.18318181818181817
643,0,0.055,16,84,1300,0.2425142872728654,0.31919642857142844
311,0,0.055,31,43,1300,0.0766609637098856,0.18529632408102023
480,0,0.055,17,79,1300,0.000836531353911,0.0193596425912136
145,0,0.055,18,76,1300,0.0531602601711837,0.1415935672514619
978,0,0.055,16,82,1300,0.2828222618153855,0.3398628048780487
811,0,0.055,26,50,1300,0.0003095568758359,0.00199999999999995
644,0,0.055,19,70,1300,0.2502623345595615,0.3557894736842106
312,0,0.055,20,66,1300,0.0033830656424743,0.04727272727272719
146,0,0.055,16,84,1300,0.0004648515228331,0.00773809523809517
481,0,0.055,45,29,1300,0.2885056760761637,0.31678160919540227
812,0,0.055,16,84,1300,0.0003774121206392,0.02611607142857141
979,0,0.055,31,42,1300,0.0004253177060766,0.01996927803379405
645,0,0.055,69,19,1300,0.0167634474126099,0.09221967963386724
313,0,0.055,14,93,1300,0.0315083587418932,0.11582181259600614
147,0,0.055,16,86,1300,0.0184546351870517,0.10203488372093017
482,0,0.055,15,90,1300,0.1184852580760186,0.17044444444444443
980,0,0.055,28,47,1300,0.0182952852539919,0.08890577507598775
813,0,0.055,19,69,1300,0.0175809339977103,0.07040427154843629
646,0,0.055,87,15,1300,0.0639407088927923,0.12850574712643667
314,0,0.055,15,91,1300,0.0033749031220814,0.04285714285714277
148,0,0.055,31,43,1300,0.0085655468082443,0.07606901725431345
483,0,0.055,30,44,1300,0.000718706040416,0.02659090909090902
981,0,0.055,32,41,1300,0.0001753269661106,0.01585365853658535
814,0,0.055,23,59,1300,0.0701674076093142,0.16285924834193066
647,0,0.055,14,94,1300,0.3468374000798274,0.3595744680851064
315,0,0.055,73,18,1300,0.0721921063239317,0.2176560121765601
149,0,0.055,15,90,1300,0.034436377409133,0.08474074074074062
982,0,0.055,17,80,1300,0.1774959183851844,0.22558823529411753
815,0,0.055,24,56,1300,0.0014200399561671,0.03965773809523799
648,0,0.055,73,18,1300,0.0177032482042961,0.0821156773211567
316,0,0.055,15,90,1300,0.0512661014668282,0.1473333333333333
484,0,0.055,73,18,1300,0.002944664639388,0.02374429223744292
983,0,0.055,31,42,1300,0.000263390474488,0.0059907834101381495
816,0,0.055,33,40,1300,0.0139280536425996,0.0699242424242423
649,0,0.055,50,26,1300,0.0328127410592788,0.08699999999999997
150,0,0.055,18,74,1300,0.0222056594397753,0.10638138138138134
485,0,0.055,14,99,1300,0.0032291564505628,0.023448773448773403
817,0,0.055,19,72,1300,0.1421771353118337,0.21856725146198827
650,0,0.055,16,83,1300,0.0303916583270658,0.07635542168674692
151,0,0.055,41,32,1300,0.0022122609682507,0.02873475609756089
317,0,0.055,38,35,1300,0.001734501949757,0.032255639097744274
984,0,0.055,27,49,1300,0.0058042086617284,0.08450491307634155
486,0,0.055,57,23,1300,0.0029270416285572,0.04759725400457664
152,0,0.055,26,50,1300,0.2155314973034159,0.253
318,0,0.055,49,27,1300,0.012609711324305,0.06288737717309138
985,0,0.055,57,23,1300,6.496747076400302e-05,0.0049580472921434
651,0,0.055,41,32,1300,0.3737446931544949,0.42507621951219504
487,0,0.055,62,21,1300,1.4170063761659631e-05,0.00099846390168967
818,0,0.055,14,98,1300,2.707900294178448e-05,0.00284256559766751
153,0,0.055,22,61,1300,0.0012878673153464,0.023248882265275682
319,0,0.055,14,96,1300,0.0019575406395448,0.02224702380952376
986,0,0.055,29,46,1300,0.0063335902561209,0.031184407796101946
652,0,0.055,25,54,1300,0.0082085046156308,0.06259259259259253
488,0,0.055,29,45,1300,0.1330679972006648,0.235095785440613
819,0,0.055,15,91,1300,0.0112259910512134,0.06476190476190474
154,0,0.055,29,45,1300,0.0079007669277821,0.05678160919540226
320,0,0.055,17,79,1300,1.5975766459998654e-05,0.0038719285182427197
489,0,0.055,20,65,1300,0.0001938865023958,0.01099999999999992
987,0,0.055,119,11,1300,4.435636348344998e-05,0.005958747135217631
653,0,0.055,15,91,1300,0.1188795004549906,0.1533333333333333
820,0,0.055,69,19,1300,0.6958902520644128,0.6177726926010679
155,0,0.055,15,91,1300,0.0390172141062262,0.12095238095238091
321,0,0.055,14,96,1300,0.0015895308622941,0.040625
490,0,0.055,18,76,1300,0.002756071097408,0.0570175438596491
988,0,0.055,73,18,1300,0.0976540203177756,0.18105022831050221
821,0,0.055,14,93,1300,0.0046277091096572,0.050921658986175
654,0,0.055,37,36,1300,0.000138127077894,0.01854354354354346
156,0,0.055,23,58,1300,0.0003091114756205,0.00779610194902539
322,0,0.055,14,99,1300,0.3038350740357356,0.393001443001443
491,0,0.055,41,32,1300,0.0036087320953943,0.02675304878048777
989,0,0.055,30,44,1300,0.203482976173244,0.23833333333333329
822,0,0.055,17,79,1300,0.1800044569407797,0.2729709605361132
655,0,0.055,17,78,1300,0.0037931618536807,0.03529411764705879
323,0,0.055,40,33,1300,0.002218268852236,0.02856060606060597
157,0,0.055,14,99,1300,0.0006471145422702,0.014069264069264039
492,0,0.055,22,61,1300,0.0346951852672269,0.11818181818181818
990,0,0.055,38,35,1300,0.0139917914965126,0.06939849624060145
823,0,0.055,109,12,1300,0.0700792701169613,0.16001529051987765
656,0,0.055,22,60,1300,0.1006968378477197,0.19696969696969693
324,0,0.055,17,81,1300,0.0317578362842775,0.08213507625272326
158,0,0.055,42,31,1300,0.0653350812032995,0.19070660522273422
493,0,0.055,15,91,1300,0.0454091033012932,0.1076190476190475
991,0,0.055,93,14,1300,0.2716152855861353,0.3404761904761905
824,0,0.055,55,24,1300,0.1112978216962087,0.1959848484848484
657,0,0.055,31,42,1300,0.0201271011877856,0.07288786482334864
325,0,0.055,55,24,1300,0.0008940671993132,0.012803030303030238
159,0,0.055,16,84,1300,0.0027388250559626,0.02418154761904752
494,0,0.055,28,47,1300,0.5735219642055445,0.4810790273556231
992,0,0.055,14,99,1300,0.010249831319754,0.12005772005771999
825,0,0.055,14,99,1300,0.2172155775485455,0.2823232323232322
160,0,0.055,32,41,1300,0.1496238166745669,0.24474085365853654
658,0,0.055,87,15,1300,0.1624855250580459,0.2460536398467433
326,0,0.055,47,28,1300,0.0134694366570366,0.07606382978723399
495,0,0.055,15,91,1300,0.0005989565774484,0.01714285714285703
993,0,0.055,24,55,1300,0.1061454732572548,0.17825757575757573
826,0,0.055,14,94,1300,0.0515554966054793,0.16892097264437683
161,0,0.055,21,64,1300,0.002884740252341,0.0454613095238094
327,0,0.055,28,47,1300,2.035255735384227e-05,0.00197568389057741
659,0,0.055,23,57,1300,0.1852952506774597,0.24988558352402737
496,0,0.055,36,37,1300,0.0418352007243324,0.11223723723723719
994,0,0.055,69,19,1300,8.242896267810815e-05,0.006941266209000759
827,0,0.055,40,33,1300,0.2015393833485659,0.3082575757575757
162,0,0.055,24,55,1300,8.596235816242417e-05,0.005909090909090851
328,0,0.055,47,28,1300,0.257966376385438,0.40205167173252276
660,0,0.055,31,42,1300,0.0328260878864587,0.15076804915514588
995,0,0.055,17,80,1300,8.233698775908945e-05,0.00860294117647055
497,0,0.055,60,22,1300,0.1274059559918335,0.1506818181818182
828,0,0.055,14,96,1300,0.0001812934659225,0.00967261904761893
163,0,0.055,31,43,1300,0.0640516984422653,0.15116279069767435
661,0,0.055,39,34,1300,0.128421481280354,0.25882352941176456
329,0,0.055,65,20,1300,0.000337759409837,0.01599999999999999
498,0,0.055,17,79,1300,0.0007197907961891,0.022263588979895638
996,0,0.055,109,12,1300,0.0312679656908841,0.140137614678899
829,0,0.055,19,72,1300,0.0596027195675434,0.10643274853801163
662,0,0.055,34,39,1300,0.4569681231985538,0.5431372549019607
330,0,0.055,21,63,1300,0.0102405224107661,0.046182917611488974
164,0,0.055,52,25,1300,0.0002412965664099,0.01499999999999995
830,0,0.055,33,40,1300,0.3626286676633968,0.3821212121212121
997,0,0.055,49,27,1300,0.1173780879092332,0.16409674981103547
499,0,0.055,109,12,1300,0.001868707457637,0.01590214067278278
165,0,0.055,34,39,1300,0.2864127531948089,0.42156862745098034
663,0,0.055,14,94,1300,0.0261492302728976,0.11952887537993923
331,0,0.055,50,26,1300,0.0006509725130638,0.01499999999999995
500,0,0.055,14,99,1300,0.2084790882967692,0.3310966810966811
998,0,0.055,19,69,1300,0.0023730517044124,0.026773455377574362
831,0,0.055,39,34,1300,0.03834218635476,0.0823529411764705
166,0,0.055,19,72,1300,0.0709362287540678,0.1339912280701753
664,0,0.055,26,50,1300,0.2344805933012917,0.2879999999999999
332,0,0.055,23,58,1300,0.0061131035286603,0.05359820089955019
999,0,0.055,35,38,1300,0.0012615362630699,0.034210526315789455
832,0,0.055,17,77,1300,9.087578103889618e-05,0.01688311688311677
333,0,0.055,23,58,1300,0.2730043717269315,0.23583208395802094
665,0,0.055,16,86,1300,0.0022212407049522,0.01889534883720926
833,0,0.055,14,96,1300,0.08837338991231,0.12380952380952377
666,0,0.055,69,19,1300,0.0013977022710835,0.024790236460716996
667,0,0.055,50,26,1300,8.950038150508236e-05,0.009999999999999879
