sim_id,trial_id,p_diff,n_raters,cores_per_r,total_scores,propz_pval,bht_pval
0,0,0.055,47,35,1645,0.00030108065785717196,0.01641337386018237
334,0,0.055,29,35,1015,0.02164138534598884,0.0916256157635468
501,0,0.055,19,35,665,0.028123592628809604,0.12030075187969924
167,0,0.055,56,35,1960,0.019792306453802363,0.06428571428571428
668,0,0.055,35,35,1225,0.009957639322589784,0.04979591836734694
834,0,0.055,59,35,2065,0.0014352237431710705,0.020823244552058112
1,0,0.055,21,35,735,0.09569914351996589,0.1523809523809524
168,0,0.055,23,35,805,0.007611415885771977,0.06086956521739131
502,0,0.055,61,35,2135,5.048744322672973e-05,0.005152224824355972
335,0,0.055,66,35,2310,7.504185796040239e-05,0.013852813852813853
669,0,0.055,63,35,2205,0.03152948427949991,0.08253968253968254
835,0,0.055,47,35,1645,0.4064734026202925,0.2936170212765957
2,0,0.055,16,35,560,0.3134099672206903,0.4035714285714286
169,0,0.055,44,35,1540,0.037878218715825474,0.06493506493506493
503,0,0.055,49,35,1715,0.0011240988352090417,0.026239067055393587
670,0,0.055,25,35,875,0.8773021799355148,0.9622857142857143
836,0,0.055,28,35,980,7.710760580415188e-05,0.0010204081632653062
336,0,0.055,56,35,1960,0.22599232435165423,0.16479591836734694
3,0,0.055,61,35,2135,0.06822143155421556,0.10257611241217798
170,0,0.055,30,35,1050,0.05550688078634926,0.09714285714285714
671,0,0.055,25,35,875,0.0056757351781875735,0.02857142857142857
504,0,0.055,41,35,1435,8.612617565608395e-06,0.005574912891986063
337,0,0.055,20,35,700,0.14402657958398862,0.36142857142857143
837,0,0.055,46,35,1610,0.004777073755272118,0.04161490683229813
4,0,0.055,56,35,1960,0.027475722500703282,0.07857142857142857
672,0,0.055,16,35,560,0.08839081576570007,0.2625
171,0,0.055,56,35,1960,0.0025144751930056826,0.042346938775510205
505,0,0.055,28,35,980,0.0023981871107133213,0.012244897959183673
838,0,0.055,36,35,1260,0.035074401553368044,0.10158730158730159
338,0,0.055,60,35,2100,8.493128248758071e-05,0.005714285714285714
673,0,0.055,30,35,1050,0.005241028952793601,0.05333333333333334
5,0,0.055,41,35,1435,0.006904842292476529,0.05574912891986063
172,0,0.055,31,35,1085,0.14712944471484896,0.223963133640553
506,0,0.055,49,35,1715,0.1107996961228555,0.13527696793002916
839,0,0.055,32,35,1120,0.17676567356464717,0.25089285714285714
339,0,0.055,42,35,1470,0.3819848501292413,0.2829931972789116
674,0,0.055,30,35,1050,0.05149759456252984,0.07523809523809524
6,0,0.055,35,35,1225,0.0012861445261971513,0.019591836734693877
173,0,0.055,41,35,1435,0.24592066076328373,0.22020905923344947
507,0,0.055,33,35,1155,0.9379599682000261,0.6796536796536796
840,0,0.055,65,35,2275,9.470488360381649e-06,0.015824175824175824
340,0,0.055,66,35,2310,0.0011525876833017828,0.016883116883116882
675,0,0.055,48,35,1680,0.07820480385550287,0.0988095238095238
508,0,0.055,25,35,875,0.3686084467010726,0.4377142857142857
7,0,0.055,63,35,2205,1.1444947183329146e-05,0.0027210884353741495
174,0,0.055,66,35,2310,0.00937547016310636,0.03766233766233766
841,0,0.055,31,35,1085,0.1830661968010101,0.2645161290322581
341,0,0.055,56,35,1960,0.07503523640952,0.10102040816326531
676,0,0.055,67,35,2345,6.189954609488371e-07,0.0008528784648187633
509,0,0.055,30,35,1050,0.016664837094871432,0.07809523809523809
8,0,0.055,39,35,1365,0.03798202767688359,0.08278388278388278
175,0,0.055,50,35,1750,0.05819034847039295,0.08742857142857142
342,0,0.055,18,35,630,2.5637885040777514e-05,0.0
842,0,0.055,65,35,2275,2.282774307964387e-06,0.0017582417582417582
677,0,0.055,16,35,560,0.1824436938119645,0.5732142857142857
510,0,0.055,50,35,1750,0.0395937466493439,0.10857142857142857
9,0,0.055,31,35,1085,0.17885556685953247,0.2820276497695853
176,0,0.055,26,35,910,5.3916893125476547e-05,0.001098901098901099
843,0,0.055,20,35,700,0.31498719406016673,0.5228571428571429
343,0,0.055,27,35,945,0.06495770705758147,0.1439153439153439
678,0,0.055,65,35,2275,0.03544844390537953,0.047472527472527476
511,0,0.055,31,35,1085,0.058807290225874186,0.08940092165898618
10,0,0.055,45,35,1575,0.0014813642039901366,0.015238095238095238
344,0,0.055,16,35,560,0.0016396959296191328,0.02142857142857143
177,0,0.055,65,35,2275,0.04149761650931105,0.10681318681318681
844,0,0.055,49,35,1715,0.015819511914444105,0.037900874635568516
679,0,0.055,21,35,735,0.016395842341451885,0.06802721088435375
512,0,0.055,45,35,1575,0.005981483944318788,0.02603174603174603
11,0,0.055,56,35,1960,8.26221919315127e-06,0.007142857142857143
178,0,0.055,21,35,735,0.6352796751229131,0.7741496598639456
345,0,0.055,53,35,1855,0.0022173375731938086,0.03504043126684636
845,0,0.055,39,35,1365,0.0048106447865326005,0.029304029304029304
680,0,0.055,42,35,1470,0.012601059072622477,0.04285714285714286
12,0,0.055,20,35,700,0.5331918074532346,0.7614285714285715
513,0,0.055,46,35,1610,3.1954169081065606e-07,0.003105590062111801
179,0,0.055,34,35,1190,1.3789653013166577e-05,0.005042016806722689
846,0,0.055,35,35,1225,0.14918696658864167,0.21061224489795918
346,0,0.055,68,35,2380,1.0370589871223142e-07,0.0008403361344537816
681,0,0.055,22,35,770,0.6128193699382604,0.7194805194805195
13,0,0.055,18,35,630,0.159867408571438,0.3126984126984127
514,0,0.055,51,35,1785,0.17604578933905984,0.18319327731092436
847,0,0.055,31,35,1085,0.06041237195883221,0.10967741935483871
180,0,0.055,60,35,2100,0.01290321344993512,0.05142857142857143
682,0,0.055,31,35,1085,0.03131030358088184,0.0663594470046083
347,0,0.055,62,35,2170,0.04368152936580579,0.10414746543778802
14,0,0.055,64,35,2240,0.008800144282754658,0.03080357142857143
515,0,0.055,24,35,840,0.0678264798942068,0.18095238095238095
181,0,0.055,44,35,1540,0.35431868096011754,0.2824675324675325
848,0,0.055,56,35,1960,0.5790934423690666,0.3122448979591837
348,0,0.055,21,35,735,0.0408841941927357,0.08163265306122448
683,0,0.055,54,35,1890,0.0011378608453727352,0.012698412698412698
15,0,0.055,56,35,1960,0.04812584911879479,0.07193877551020408
516,0,0.055,34,35,1190,0.03470042337198426,0.06302521008403361
849,0,0.055,31,35,1085,0.10535002241536134,0.1391705069124424
349,0,0.055,18,35,630,0.20196329879879954,0.4793650793650794
182,0,0.055,42,35,1470,0.009253396132497836,0.029931972789115645
684,0,0.055,69,35,2415,0.0071963798055736565,0.047619047619047616
517,0,0.055,18,35,630,0.080764428438724,0.14761904761904762
16,0,0.055,42,35,1470,0.36524560116476923,0.27006802721088435
850,0,0.055,26,35,910,0.019743183667848142,0.1043956043956044
183,0,0.055,29,35,1015,0.3319641419989242,0.3783251231527094
350,0,0.055,41,35,1435,0.018382758747011948,0.07247386759581882
685,0,0.055,49,35,1715,0.00777910719704901,0.053644314868804666
518,0,0.055,17,35,595,0.0011912394853519374,0.0067226890756302525
17,0,0.055,50,35,1750,0.05146719889373671,0.112
351,0,0.055,56,35,1960,0.05665111348826638,0.11275510204081633
184,0,0.055,66,35,2310,0.010162952989049626,0.0354978354978355
851,0,0.055,63,35,2205,0.013025581310461663,0.047619047619047616
686,0,0.055,66,35,2310,0.085178307479786,0.0987012987012987
519,0,0.055,62,35,2170,0.0004807086993506598,0.014285714285714285
852,0,0.055,26,35,910,0.20641411836288803,0.27472527472527475
18,0,0.055,34,35,1190,0.3766395372044574,0.43529411764705883
352,0,0.055,32,35,1120,0.5027622862170876,0.48928571428571427
185,0,0.055,45,35,1575,0.009407543520727365,0.045714285714285714
853,0,0.055,31,35,1085,0.03149595148306241,0.07465437788018434
687,0,0.055,47,35,1645,0.04530239608824631,0.06869300911854104
19,0,0.055,30,35,1050,0.04397398936040392,0.11333333333333333
353,0,0.055,62,35,2170,0.053755230244454714,0.07788018433179723
520,0,0.055,59,35,2065,0.0013721323152520518,0.020823244552058112
186,0,0.055,17,35,595,0.030946087152560083,0.11764705882352941
20,0,0.055,42,35,1470,0.39598863194640477,0.24081632653061225
854,0,0.055,51,35,1785,0.00525145022173909,0.03753501400560224
688,0,0.055,56,35,1960,4.8865365250796616e-05,0.006122448979591836
187,0,0.055,15,35,525,0.004606649768755085,0.024761904761904763
521,0,0.055,21,35,735,0.027458887997015166,0.12380952380952381
354,0,0.055,40,35,1400,0.10889319355579091,0.17214285714285715
21,0,0.055,21,35,735,0.06270443363850141,0.11564625850340136
188,0,0.055,15,35,525,0.03328990903112613,0.12380952380952381
855,0,0.055,34,35,1190,0.011546832736035968,0.04201680672268908
689,0,0.055,46,35,1610,0.03130816446099725,0.10248447204968944
522,0,0.055,40,35,1400,0.003210192567480741,0.02214285714285714
355,0,0.055,68,35,2380,0.0002591803914869122,0.015546218487394958
22,0,0.055,41,35,1435,0.5663078302851356,0.3623693379790941
189,0,0.055,18,35,630,0.003683998659093227,0.025396825396825397
523,0,0.055,15,35,525,0.05962041506975631,0.19047619047619047
690,0,0.055,24,35,840,0.010128610655432234,0.06904761904761905
856,0,0.055,42,35,1470,0.017306606531563105,0.04013605442176871
356,0,0.055,28,35,980,0.010673561243270171,0.05204081632653061
23,0,0.055,56,35,1960,0.0050770699777564245,0.024489795918367346
190,0,0.055,48,35,1680,0.1263859861385629,0.1505952380952381
524,0,0.055,33,35,1155,0.005792419419181133,0.04588744588744589
691,0,0.055,19,35,665,0.006359037374639783,0.04360902255639098
857,0,0.055,22,35,770,0.0016669584447397156,0.02207792207792208
357,0,0.055,36,35,1260,0.14780749195807974,0.19047619047619047
191,0,0.055,45,35,1575,0.00018723737026651668,0.01904761904761905
24,0,0.055,69,35,2415,0.0007507387589651607,0.016149068322981366
692,0,0.055,25,35,875,0.01861467060779819,0.05828571428571429
525,0,0.055,41,35,1435,0.05022923568093763,0.11777003484320557
858,0,0.055,42,35,1470,0.3706765574653275,0.2714285714285714
358,0,0.055,59,35,2065,3.251015887929613e-05,0.010653753026634382
25,0,0.055,36,35,1260,0.009430754437998134,0.029365079365079365
192,0,0.055,49,35,1715,0.005897804744423075,0.03206997084548105
526,0,0.055,45,35,1575,0.258812979132107,0.2450793650793651
859,0,0.055,32,35,1120,0.0037171496862693967,0.0375
693,0,0.055,43,35,1505,0.0001711390738613819,0.007973421926910298
359,0,0.055,62,35,2170,0.004300661914561122,0.019815668202764977
193,0,0.055,31,35,1085,0.0038815159177685342,0.022119815668202765
26,0,0.055,54,35,1890,0.028677403998582086,0.11428571428571428
694,0,0.055,34,35,1190,0.0021922147165225492,0.01680672268907563
527,0,0.055,67,35,2345,0.03933049142802369,0.04562899786780384
860,0,0.055,69,35,2415,0.004792247601652464,0.043064182194616975
360,0,0.055,56,35,1960,0.012262705793425172,0.075
27,0,0.055,36,35,1260,0.02716929831261769,0.06428571428571428
194,0,0.055,33,35,1155,0.017686698996193986,0.070995670995671
695,0,0.055,20,35,700,0.04012731090112733,0.11285714285714285
528,0,0.055,50,35,1750,0.2953808274417196,0.21485714285714286
861,0,0.055,37,35,1295,0.0027848342399954124,0.02471042471042471
28,0,0.055,45,35,1575,0.00067238243887607,0.015873015873015872
361,0,0.055,25,35,875,0.0004643821077019546,0.014857142857142857
696,0,0.055,19,35,665,0.00537591884536855,0.0481203007518797
195,0,0.055,52,35,1820,6.235370376861622e-05,0.007142857142857143
529,0,0.055,19,35,665,0.0023557535134425735,0.007518796992481203
862,0,0.055,43,35,1505,0.001516763957902366,0.019933554817275746
362,0,0.055,35,35,1225,2.2970517552153632e-05,0.0024489795918367346
697,0,0.055,37,35,1295,0.15570104561066966,0.22007722007722008
29,0,0.055,44,35,1540,0.12440855638173548,0.15974025974025974
196,0,0.055,35,35,1225,0.0465832244727387,0.12816326530612246
530,0,0.055,39,35,1365,0.1854723437624145,0.21025641025641026
863,0,0.055,31,35,1085,0.3392227178710753,0.3345622119815668
363,0,0.055,20,35,700,4.9590608195159265e-05,0.004285714285714286
30,0,0.055,22,35,770,0.08432188002563357,0.15714285714285714
197,0,0.055,41,35,1435,0.15503486777387315,0.14912891986062718
531,0,0.055,42,35,1470,0.00028169713412173853,0.011564625850340135
864,0,0.055,58,35,2030,2.1386331305985052e-05,0.0009852216748768472
698,0,0.055,62,35,2170,0.00030021944323364706,0.009216589861751152
31,0,0.055,50,35,1750,0.00013798186824266742,0.008571428571428572
198,0,0.055,43,35,1505,0.15061070881645916,0.17142857142857143
532,0,0.055,60,35,2100,0.08196960034807416,0.09047619047619047
865,0,0.055,42,35,1470,0.09163170127229375,0.14489795918367346
699,0,0.055,68,35,2380,0.0021481948723578725,0.01764705882352941
32,0,0.055,63,35,2205,1.0170648018445497e-06,0.0
199,0,0.055,52,35,1820,0.016095197730545352,0.03956043956043956
533,0,0.055,28,35,980,0.30076026719980853,0.39591836734693875
866,0,0.055,18,35,630,0.07127196295076291,0.11587301587301588
700,0,0.055,48,35,1680,0.0002781263478234754,0.009523809523809525
200,0,0.055,22,35,770,0.04617727120206873,0.08831168831168831
33,0,0.055,46,35,1610,0.46535453208073496,0.26149068322981367
534,0,0.055,27,35,945,0.2431682639097919,0.28253968253968254
867,0,0.055,32,35,1120,0.012990821065174213,0.09107142857142857
701,0,0.055,19,35,665,0.3328695039707318,0.4706766917293233
364,0,0.055,57,35,1995,4.5050503951107296e-05,0.008521303258145364
201,0,0.055,20,35,700,0.11012782115040942,0.27
868,0,0.055,30,35,1050,0.803981065730117,0.6057142857142858
34,0,0.055,59,35,2065,0.0020063814029176144,0.027602905569007265
535,0,0.055,62,35,2170,4.3768478431145473e-07,0.0
702,0,0.055,23,35,805,0.11791663238902111,0.3627329192546584
365,0,0.055,46,35,1610,0.003304413605385073,0.029192546583850933
202,0,0.055,31,35,1085,0.004673239520175167,0.03870967741935484
35,0,0.055,27,35,945,0.006958232821578154,0.04656084656084656
869,0,0.055,69,35,2415,3.223604709881336e-05,0.007453416149068323
536,0,0.055,57,35,1995,0.5925398131310708,0.23759398496240602
703,0,0.055,67,35,2345,0.011350734323217131,0.03411513859275053
203,0,0.055,25,35,875,0.23856079350042703,0.3017142857142857
366,0,0.055,56,35,1960,0.0004996767933268927,0.02295918367346939
36,0,0.055,42,35,1470,0.029089985515619268,0.11156462585034013
537,0,0.055,32,35,1120,0.0034219370078901563,0.0375
704,0,0.055,15,35,525,0.011785796518312902,0.06857142857142857
870,0,0.055,68,35,2380,0.12626514694564,0.08529411764705883
204,0,0.055,30,35,1050,0.5836614405429501,0.4990476190476191
367,0,0.055,29,35,1015,0.04766382635467133,0.0916256157635468
538,0,0.055,57,35,1995,0.0013885780115624959,0.019548872180451128
705,0,0.055,36,35,1260,0.05217633212270439,0.10873015873015873
37,0,0.055,66,35,2310,0.00013401998365250963,0.012121212121212121
205,0,0.055,20,35,700,0.07390737987341954,0.17285714285714285
871,0,0.055,67,35,2345,0.0007718325926168814,0.022174840085287847
368,0,0.055,26,35,910,0.2277142214283024,0.2989010989010989
539,0,0.055,38,35,1330,0.06761694958549491,0.14210526315789473
706,0,0.055,47,35,1645,0.0700048787092663,0.11550151975683891
206,0,0.055,28,35,980,0.08922713145128452,0.1336734693877551
38,0,0.055,43,35,1505,0.01061871655985136,0.037209302325581395
872,0,0.055,59,35,2065,0.3419078205831602,0.21549636803874092
369,0,0.055,60,35,2100,0.04366317955388782,0.10476190476190476
207,0,0.055,17,35,595,0.4664328678170407,0.7781512605042017
707,0,0.055,21,35,735,0.016933361867855722,0.10884353741496598
540,0,0.055,34,35,1190,0.013403394988611289,0.06218487394957983
39,0,0.055,61,35,2135,0.01323867397508487,0.023887587822014052
873,0,0.055,59,35,2065,0.31914162596995543,0.15883777239709443
370,0,0.055,39,35,1365,0.016857826698272127,0.06886446886446887
541,0,0.055,51,35,1785,0.0037972523323880876,0.047058823529411764
208,0,0.055,69,35,2415,8.429929268398001e-05,0.007867494824016562
874,0,0.055,17,35,595,0.01987389521815862,0.07226890756302522
708,0,0.055,69,35,2415,0.41303287628408114,0.16935817805383022
40,0,0.055,54,35,1890,0.00011895355427853661,0.0015873015873015873
371,0,0.055,65,35,2275,0.0018184131078547623,0.016703296703296705
542,0,0.055,52,35,1820,0.10435546430953058,0.13351648351648351
875,0,0.055,43,35,1505,0.040919962201132164,0.05647840531561462
709,0,0.055,67,35,2345,0.011168029766820473,0.045202558635394456
209,0,0.055,54,35,1890,0.0027782233770538563,0.033862433862433865
372,0,0.055,29,35,1015,0.21669567812943624,0.2817733990147783
41,0,0.055,45,35,1575,0.020442174034065765,0.07238095238095238
876,0,0.055,15,35,525,0.00030695760419663696,0.0019047619047619048
543,0,0.055,24,35,840,0.15937695865935503,0.26071428571428573
373,0,0.055,25,35,875,0.02206251132775209,0.10742857142857143
210,0,0.055,24,35,840,0.027303624217836275,0.10595238095238095
710,0,0.055,55,35,1925,5.2902519542208364e-05,0.003116883116883117
42,0,0.055,67,35,2345,5.283015425209094e-05,0.00810234541577825
544,0,0.055,26,35,910,0.18245257561664546,0.25934065934065936
877,0,0.055,34,35,1190,0.03475396115741941,0.09411764705882353
211,0,0.055,18,35,630,0.11540267029793522,0.1984126984126984
374,0,0.055,36,35,1260,0.05620144359070167,0.13095238095238096
43,0,0.055,28,35,980,0.59927676614565,0.513265306122449
711,0,0.055,60,35,2100,0.0011291347410083534,0.017619047619047618
545,0,0.055,23,35,805,0.024513529217314034,0.043478260869565216
878,0,0.055,65,35,2275,0.0003813401609388904,0.009230769230769232
212,0,0.055,33,35,1155,0.2697873521147853,0.2077922077922078
375,0,0.055,60,35,2100,0.02496954019197338,0.047619047619047616
712,0,0.055,21,35,735,0.6801805938976795,0.7782312925170068
44,0,0.055,15,35,525,0.1251617404379693,0.3485714285714286
546,0,0.055,52,35,1820,0.032200589871985534,0.054945054945054944
879,0,0.055,61,35,2135,9.403531989075712e-05,0.01405152224824356
45,0,0.055,54,35,1890,0.0009385449165992406,0.037037037037037035
376,0,0.055,63,35,2205,1.6833544439571124e-05,0.004988662131519274
213,0,0.055,66,35,2310,0.00014433172339933497,0.018614718614718615
713,0,0.055,51,35,1785,0.005947315196146596,0.03753501400560224
547,0,0.055,64,35,2240,0.11791204002136041,0.11205357142857143
880,0,0.055,27,35,945,0.4659075874440341,0.4846560846560847
214,0,0.055,18,35,630,0.07417533382446487,0.23015873015873015
377,0,0.055,17,35,595,0.012322416309699357,0.07394957983193277
714,0,0.055,25,35,875,0.05294487109287441,0.168
46,0,0.055,64,35,2240,0.0004637063829559381,0.014732142857142857
548,0,0.055,31,35,1085,0.0023191581578518054,0.02304147465437788
881,0,0.055,25,35,875,0.08398908912103148,0.192
215,0,0.055,16,35,560,0.7773845664408242,1.2160714285714285
378,0,0.055,19,35,665,0.012073121888266673,0.05263157894736842
715,0,0.055,55,35,1925,0.043704606593304676,0.09766233766233766
47,0,0.055,48,35,1680,0.007644418807972809,0.04285714285714286
549,0,0.055,47,35,1645,0.0002873730464691381,0.0121580547112462
882,0,0.055,29,35,1015,0.01848972597658221,0.07192118226600985
216,0,0.055,36,35,1260,0.3656221812561359,0.28174603174603174
379,0,0.055,21,35,735,0.003100864282982148,0.01904761904761905
716,0,0.055,32,35,1120,0.02894448227350791,0.1
48,0,0.055,17,35,595,0.012055410094749716,0.04201680672268908
550,0,0.055,21,35,735,0.36530512295688244,0.4666666666666667
883,0,0.055,17,35,595,0.17959111350412255,0.36134453781512604
217,0,0.055,27,35,945,0.2328408035435584,0.3544973544973545
717,0,0.055,36,35,1260,0.14339799232965517,0.18333333333333332
380,0,0.055,62,35,2170,0.06280276753030636,0.10691244239631337
49,0,0.055,38,35,1330,0.016599043275018575,0.07067669172932331
884,0,0.055,32,35,1120,0.011100714228495203,0.038392857142857145
551,0,0.055,52,35,1820,0.00015437259907342298,0.006043956043956044
218,0,0.055,18,35,630,0.30688819723885774,0.4031746031746032
718,0,0.055,51,35,1785,0.02093930506721349,0.09131652661064425
381,0,0.055,22,35,770,0.3341868981514009,0.5168831168831168
219,0,0.055,43,35,1505,0.005636545358520994,0.03787375415282392
50,0,0.055,57,35,1995,0.006285979052586256,0.034085213032581455
885,0,0.055,60,35,2100,4.112743352472603e-05,0.018095238095238095
552,0,0.055,56,35,1960,0.004097728249751055,0.01683673469387755
719,0,0.055,69,35,2415,5.3428654524681e-05,0.008695652173913044
382,0,0.055,50,35,1750,0.024722126313422913,0.06914285714285714
220,0,0.055,55,35,1925,3.010552840206187e-07,0.0025974025974025974
51,0,0.055,56,35,1960,0.0011516594535263336,0.03469387755102041
553,0,0.055,51,35,1785,0.36031212556594017,0.2330532212885154
886,0,0.055,54,35,1890,0.0003651874221100006,0.020105820105820106
383,0,0.055,25,35,875,0.4962689676812718,0.5645714285714286
720,0,0.055,39,35,1365,0.312907930200937,0.2644688644688645
554,0,0.055,16,35,560,0.7487041967352555,1.2714285714285714
221,0,0.055,49,35,1715,0.0064033176306315664,0.024489795918367346
52,0,0.055,33,35,1155,0.0003527339059208514,0.0017316017316017316
887,0,0.055,51,35,1785,0.36495604102728463,0.24593837535014004
384,0,0.055,30,35,1050,0.006084238527082362,0.03142857142857143
721,0,0.055,37,35,1295,0.6786966213738433,0.4061776061776062
555,0,0.055,20,35,700,0.07957194107990773,0.19857142857142857
53,0,0.055,21,35,735,0.45831539364594925,0.617687074829932
385,0,0.055,21,35,735,0.35991086361461166,0.6489795918367347
888,0,0.055,30,35,1050,0.014665888971863614,0.058095238095238096
222,0,0.055,69,35,2415,0.008079578630881639,0.06128364389233954
722,0,0.055,20,35,700,0.004801902571039185,0.041428571428571426
556,0,0.055,43,35,1505,0.2754405111324246,0.24518272425249169
54,0,0.055,25,35,875,0.0031563223064726195,0.026285714285714287
889,0,0.055,20,35,700,0.037328958492621175,0.15857142857142856
223,0,0.055,39,35,1365,0.14817546940073234,0.17802197802197803
723,0,0.055,22,35,770,0.32905569019913367,0.4662337662337662
386,0,0.055,67,35,2345,0.001746192122631892,0.03326226012793177
55,0,0.055,52,35,1820,0.0025830472257989115,0.028021978021978023
557,0,0.055,45,35,1575,0.09257714816135088,0.16317460317460317
724,0,0.055,39,35,1365,0.01700768297934392,0.08131868131868132
890,0,0.055,59,35,2065,4.211212609261803e-06,0.0043583535108958835
224,0,0.055,51,35,1785,0.38652076923718504,0.24425770308123249
387,0,0.055,45,35,1575,0.5097985535067475,0.2920634920634921
56,0,0.055,56,35,1960,0.00034819323629413606,0.015306122448979591
558,0,0.055,33,35,1155,0.07069439580799439,0.09783549783549783
725,0,0.055,60,35,2100,5.149544682541132e-06,0.004761904761904762
891,0,0.055,61,35,2135,0.025362915022660918,0.09133489461358314
225,0,0.055,29,35,1015,0.0002147506733103637,0.012807881773399015
388,0,0.055,53,35,1855,0.20031465802827042,0.16765498652291105
559,0,0.055,31,35,1085,0.20912096455786455,0.22027649769585253
57,0,0.055,68,35,2380,0.0798646549946106,0.11764705882352941
892,0,0.055,23,35,805,0.4067539845902189,0.4509316770186335
389,0,0.055,17,35,595,0.08792238393399382,0.2605042016806723
726,0,0.055,59,35,2065,0.1340116883293721,0.11670702179176755
226,0,0.055,60,35,2100,0.0005005635052967046,0.015238095238095238
560,0,0.055,53,35,1855,1.4805443781007763e-06,0.0016172506738544475
58,0,0.055,66,35,2310,0.014739966078481754,0.07056277056277056
390,0,0.055,15,35,525,0.007484371452739455,0.04380952380952381
893,0,0.055,45,35,1575,0.0007398303972825881,0.022222222222222223
727,0,0.055,50,35,1750,0.056602967400105356,0.06914285714285714
391,0,0.055,34,35,1190,0.5654733283114107,0.45966386554621846
59,0,0.055,65,35,2275,0.004238072234753606,0.025054945054945054
392,0,0.055,40,35,1400,0.0062783460821547715,0.047857142857142855
393,0,0.055,32,35,1120,0.17853421591785595,0.20535714285714285
60,0,0.055,34,35,1190,0.0034128249115064333,0.021848739495798318
227,0,0.055,49,35,1715,0.002723615402114076,0.04198250728862974
894,0,0.055,23,35,805,0.3530736466384058,0.4496894409937888
561,0,0.055,33,35,1155,0.0048647291910331025,0.008658008658008658
728,0,0.055,66,35,2310,0.0006532741769023555,0.011255411255411256
61,0,0.055,17,35,595,0.07226810616520596,0.226890756302521
895,0,0.055,17,35,595,0.7384700006482259,1.1411764705882352
562,0,0.055,43,35,1505,0.006984087934527541,0.046511627906976744
228,0,0.055,68,35,2380,0.0003045531908338579,0.011764705882352941
729,0,0.055,45,35,1575,0.001733319621418557,0.04317460317460318
62,0,0.055,41,35,1435,2.4629648658231197e-05,0.0013937282229965157
896,0,0.055,19,35,665,0.27978297289827964,0.5398496240601504
229,0,0.055,38,35,1330,0.009964310499978089,0.04586466165413534
563,0,0.055,59,35,2065,1.8937407640222405e-05,0.005811138014527845
730,0,0.055,49,35,1715,9.306476253695283e-05,0.0052478134110787176
897,0,0.055,21,35,735,0.11916682725903632,0.2748299319727891
63,0,0.055,65,35,2275,0.10086436239589353,0.09626373626373626
230,0,0.055,31,35,1085,0.012836070130320261,0.0728110599078341
564,0,0.055,18,35,630,0.0020777321972757553,0.006349206349206349
898,0,0.055,18,35,630,0.005286516958724767,0.03333333333333333
394,0,0.055,27,35,945,0.03130411864511579,0.12486772486772486
64,0,0.055,34,35,1190,0.01183077596890506,0.0680672268907563
731,0,0.055,66,35,2310,0.05145851168903845,0.07402597402597402
231,0,0.055,69,35,2415,5.70618141441472e-07,0.002484472049689441
565,0,0.055,61,35,2135,0.12844498838204194,0.08477751756440281
395,0,0.055,33,35,1155,0.05718163766207708,0.11948051948051948
899,0,0.055,48,35,1680,0.00020399318322897298,0.005357142857142857
65,0,0.055,46,35,1610,0.013174539096256077,0.03975155279503106
732,0,0.055,62,35,2170,0.0047613314968953475,0.029953917050691243
232,0,0.055,35,35,1225,0.03361307494797005,0.10693877551020409
566,0,0.055,55,35,1925,0.002077165726782785,0.0212987012987013
396,0,0.055,20,35,700,0.002282658345108911,0.027142857142857142
66,0,0.055,54,35,1890,0.003510587964380624,0.033862433862433865
733,0,0.055,22,35,770,0.5027711270179382,0.7376623376623377
900,0,0.055,58,35,2030,0.5949582378281222,0.22266009852216748
233,0,0.055,23,35,805,0.047251084656524944,0.20993788819875778
567,0,0.055,22,35,770,0.5544736801701077,0.6506493506493507
397,0,0.055,55,35,1925,0.002315069444937802,0.02025974025974026
67,0,0.055,26,35,910,0.028634619899997462,0.1054945054945055
734,0,0.055,16,35,560,0.11785825223781965,0.3142857142857143
901,0,0.055,35,35,1225,0.00010054589619472669,0.009795918367346938
234,0,0.055,45,35,1575,0.06591627200704923,0.12698412698412698
568,0,0.055,66,35,2310,0.017615275687310625,0.06147186147186147
398,0,0.055,37,35,1295,0.030434220962602527,0.07876447876447877
68,0,0.055,53,35,1855,1.915188084306906e-06,0.004851752021563342
735,0,0.055,64,35,2240,0.019304213311074188,0.06160714285714286
235,0,0.055,20,35,700,0.01381071444609866,0.03428571428571429
902,0,0.055,69,35,2415,0.0031435452357256493,0.024844720496894408
569,0,0.055,22,35,770,0.1723816423518602,0.3220779220779221
399,0,0.055,20,35,700,0.05287837827496204,0.11714285714285715
69,0,0.055,61,35,2135,0.025526609570488072,0.041686182669789226
236,0,0.055,50,35,1750,0.16753685487172854,0.16914285714285715
903,0,0.055,29,35,1015,0.13437555179311778,0.19014778325123152
736,0,0.055,53,35,1855,0.19243231987632148,0.1450134770889488
570,0,0.055,66,35,2310,0.001011506870400568,0.019913419913419914
400,0,0.055,60,35,2100,0.10037272298278421,0.10714285714285714
70,0,0.055,31,35,1085,0.09710988755039857,0.10046082949308756
237,0,0.055,58,35,2030,0.024220837270077476,0.06551724137931035
737,0,0.055,50,35,1750,0.6102309188253521,0.3325714285714286
904,0,0.055,67,35,2345,0.03387660474343471,0.060127931769722816
571,0,0.055,45,35,1575,0.021201694471837822,0.027936507936507936
401,0,0.055,38,35,1330,0.3807624953238678,0.3819548872180451
71,0,0.055,55,35,1925,0.0020875074567148766,0.03168831168831169
738,0,0.055,50,35,1750,0.03966734170228546,0.06457142857142857
238,0,0.055,41,35,1435,0.0054510824499681785,0.04390243902439024
572,0,0.055,30,35,1050,0.16438339047635248,0.23238095238095238
905,0,0.055,62,35,2170,9.862735591017434e-06,0.010599078341013824
402,0,0.055,34,35,1190,0.0028451603432545574,0.03277310924369748
72,0,0.055,37,35,1295,0.2995722000574107,0.26872586872586873
239,0,0.055,31,35,1085,0.14240060673215355,0.2064516129032258
739,0,0.055,65,35,2275,0.538410495047815,0.2312087912087912
573,0,0.055,59,35,2065,1.0051347910826664e-06,0.0009685230024213075
906,0,0.055,34,35,1190,0.5154719937647109,0.42100840336134454
403,0,0.055,54,35,1890,0.06785149551807701,0.13227513227513227
73,0,0.055,54,35,1890,0.01939414334435783,0.06084656084656084
740,0,0.055,17,35,595,0.2374548335265294,0.41008403361344536
240,0,0.055,57,35,1995,4.0799078394461163e-05,0.0040100250626566416
574,0,0.055,40,35,1400,0.5470236557096593,0.4
404,0,0.055,60,35,2100,0.009676152933868013,0.039047619047619046
907,0,0.055,49,35,1715,0.30177818249943406,0.15801749271137025
74,0,0.055,36,35,1260,0.5986530245992563,0.48333333333333334
241,0,0.055,39,35,1365,0.7062245281656239,0.45494505494505494
741,0,0.055,61,35,2135,9.19395800237553e-07,0.002810304449648712
908,0,0.055,27,35,945,0.12941837331497774,0.24656084656084656
575,0,0.055,63,35,2205,0.001047292434417068,0.018594104308390022
405,0,0.055,56,35,1960,0.007877474262117812,0.06683673469387755
75,0,0.055,28,35,980,0.008561883498162696,0.03469387755102041
242,0,0.055,40,35,1400,0.03135400217533361,0.09071428571428572
909,0,0.055,23,35,805,0.09684489356958098,0.23354037267080746
742,0,0.055,38,35,1330,0.4860127163963962,0.34210526315789475
576,0,0.055,28,35,980,5.461266100261491e-05,0.0010204081632653062
406,0,0.055,21,35,735,0.0018527686908466766,0.02040816326530612
76,0,0.055,33,35,1155,3.5452091692312934e-05,0.0025974025974025974
243,0,0.055,15,35,525,0.20793247588785657,0.3980952380952381
910,0,0.055,69,35,2415,1.3830778919355503e-06,0.002898550724637681
577,0,0.055,21,35,735,0.07389222967893504,0.1619047619047619
407,0,0.055,24,35,840,0.8252420340834881,0.8107142857142857
743,0,0.055,68,35,2380,0.004745387154072297,0.05504201680672269
77,0,0.055,43,35,1505,5.178512988169958e-07,0.00132890365448505
244,0,0.055,18,35,630,0.32476636162392514,0.45714285714285713
911,0,0.055,35,35,1225,0.0012044162256068679,0.018775510204081632
578,0,0.055,15,35,525,0.6779871412967443,1.2304761904761905
408,0,0.055,56,35,1960,0.21777989358395328,0.1510204081632653
245,0,0.055,23,35,805,0.16837446411101803,0.2484472049689441
78,0,0.055,61,35,2135,1.7327690828709906e-05,0.013583138173302109
744,0,0.055,67,35,2345,0.35441428775418093,0.17953091684434969
912,0,0.055,30,35,1050,0.16540954740614783,0.25523809523809526
579,0,0.055,51,35,1785,0.008963860078609212,0.04929971988795518
409,0,0.055,69,35,2415,0.12881641860385984,0.09979296066252588
745,0,0.055,26,35,910,0.25837353238097494,0.2802197802197802
246,0,0.055,65,35,2275,0.1495152277629681,0.11428571428571428
79,0,0.055,62,35,2170,0.03140676653711632,0.052995391705069124
913,0,0.055,15,35,525,0.5493550192885173,1.0457142857142858
580,0,0.055,58,35,2030,0.00029622135395544253,0.013300492610837438
410,0,0.055,17,35,595,0.02640581864710349,0.0773109243697479
247,0,0.055,36,35,1260,0.00040851950957981355,0.00873015873015873
746,0,0.055,57,35,1995,2.5432315309139755e-06,0.004511278195488722
914,0,0.055,22,35,770,0.004215591361589347,0.03896103896103896
80,0,0.055,58,35,2030,0.00027045006594978566,0.023645320197044337
411,0,0.055,21,35,735,0.02775479563701076,0.08843537414965986
581,0,0.055,40,35,1400,0.28288027057499965,0.25857142857142856
915,0,0.055,30,35,1050,0.007377237786208369,0.040952380952380955
248,0,0.055,45,35,1575,0.03550788746536327,0.10285714285714286
747,0,0.055,44,35,1540,7.173735454573516e-08,0.0006493506493506494
81,0,0.055,39,35,1365,0.03315820752820803,0.07032967032967033
412,0,0.055,52,35,1820,0.004271038282013597,0.02857142857142857
582,0,0.055,44,35,1540,0.05330658906132706,0.1279220779220779
916,0,0.055,19,35,665,0.2298926807006424,0.512781954887218
249,0,0.055,28,35,980,0.018900183082526452,0.0653061224489796
748,0,0.055,37,35,1295,0.014788966040182042,0.04942084942084942
82,0,0.055,49,35,1715,0.006426248920464998,0.044897959183673466
413,0,0.055,33,35,1155,0.05659147769424086,0.12207792207792208
917,0,0.055,21,35,735,0.0004977556097096978,0.00816326530612245
583,0,0.055,63,35,2205,8.261968651655618e-05,0.013605442176870748
83,0,0.055,36,35,1260,0.032478978309287546,0.07063492063492063
250,0,0.055,66,35,2310,7.700818546979249e-06,0.003896103896103896
918,0,0.055,15,35,525,0.6620067947353412,1.0971428571428572
749,0,0.055,43,35,1505,0.0027304196806676537,0.029900332225913623
414,0,0.055,23,35,805,0.005648470689937479,0.016149068322981366
584,0,0.055,65,35,2275,3.987100176293367e-05,0.007032967032967033
251,0,0.055,29,35,1015,0.0011920503394753292,0.009852216748768473
415,0,0.055,20,35,700,0.11070780655133172,0.2057142857142857
84,0,0.055,60,35,2100,3.0074487439724676e-06,0.0004761904761904762
750,0,0.055,30,35,1050,3.0073147224012412e-05,0.0019047619047619048
919,0,0.055,63,35,2205,0.0016796334075099277,0.020861678004535148
585,0,0.055,63,35,2205,0.002860161087103247,0.033560090702947847
416,0,0.055,36,35,1260,0.18343578681121187,0.20634920634920634
85,0,0.055,21,35,735,0.010312455456230387,0.04625850340136054
252,0,0.055,53,35,1855,0.0035283642507175834,0.028032345013477088
920,0,0.055,28,35,980,0.08788960277990693,0.17653061224489797
751,0,0.055,35,35,1225,0.16068529712959956,0.24816326530612245
586,0,0.055,51,35,1785,6.153227594009714e-05,0.0056022408963585435
417,0,0.055,35,35,1225,0.002109829384410919,0.02040816326530612
253,0,0.055,32,35,1120,0.03537705631353745,0.11339285714285714
921,0,0.055,42,35,1470,0.0024414663576498804,0.009523809523809525
752,0,0.055,29,35,1015,0.013215121410782675,0.053201970443349754
86,0,0.055,68,35,2380,0.2529030658357709,0.18487394957983194
587,0,0.055,57,35,1995,1.1930561875308864e-05,0.011027568922305764
418,0,0.055,21,35,735,0.01805433801908221,0.0761904761904762
254,0,0.055,33,35,1155,0.025017153492417597,0.1038961038961039
87,0,0.055,39,35,1365,0.00012166155648904724,0.005860805860805861
922,0,0.055,43,35,1505,0.10134213985037993,0.10033222591362126
753,0,0.055,39,35,1365,0.14122057503403063,0.12307692307692308
588,0,0.055,26,35,910,0.03743635146595324,0.12197802197802197
419,0,0.055,54,35,1890,1.1406446166179988e-07,0.0
255,0,0.055,28,35,980,0.6063720135559731,0.5714285714285714
923,0,0.055,33,35,1155,0.16577884466268378,0.18095238095238095
589,0,0.055,30,35,1050,0.04342863885477292,0.11142857142857143
88,0,0.055,56,35,1960,0.0035591294417320913,0.02806122448979592
754,0,0.055,33,35,1155,0.02446239573242254,0.07532467532467532
256,0,0.055,20,35,700,0.012280863842589333,0.04857142857142857
420,0,0.055,25,35,875,0.005406707150672683,0.02857142857142857
89,0,0.055,17,35,595,0.3201619112405767,0.5697478991596638
755,0,0.055,16,35,560,0.1561203970433654,0.3464285714285714
590,0,0.055,43,35,1505,0.10791493784511758,0.1415282392026578
421,0,0.055,48,35,1680,0.10687392149373293,0.15476190476190477
756,0,0.055,25,35,875,0.18971572971877182,0.33714285714285713
422,0,0.055,39,35,1365,0.00038995150453869634,0.011721611721611722
757,0,0.055,54,35,1890,0.0007686725969594085,0.014814814814814815
423,0,0.055,61,35,2135,0.16206831971280672,0.13302107728337237
90,0,0.055,67,35,2345,0.0012095222105193665,0.013219616204690832
257,0,0.055,33,35,1155,0.25417215051724046,0.27445887445887446
424,0,0.055,22,35,770,0.02155641176422889,0.05584415584415584
591,0,0.055,39,35,1365,0.02123395535787944,0.08131868131868132
924,0,0.055,39,35,1365,1.4555422988146629e-05,0.002197802197802198
758,0,0.055,53,35,1855,0.0025976961228219605,0.039353099730458224
91,0,0.055,42,35,1470,0.0007931000396310171,0.009523809523809525
592,0,0.055,18,35,630,0.01860985458238691,0.05714285714285714
258,0,0.055,56,35,1960,9.029526056220913e-05,0.006122448979591836
425,0,0.055,46,35,1610,0.37301539616597246,0.25403726708074537
925,0,0.055,33,35,1155,0.4406323958620108,0.4406926406926407
759,0,0.055,26,35,910,0.2370134791725914,0.3802197802197802
92,0,0.055,43,35,1505,0.02390711189949945,0.04916943521594684
593,0,0.055,35,35,1225,0.0031673639588374702,0.026122448979591838
426,0,0.055,64,35,2240,0.000515586984819201,0.009821428571428571
259,0,0.055,58,35,2030,0.020209203972037806,0.08472906403940887
926,0,0.055,62,35,2170,0.012937649062099777,0.09262672811059908
760,0,0.055,59,35,2065,0.0017003607934408006,0.018886198547215495
594,0,0.055,23,35,805,0.03676120991320624,0.09316770186335403
93,0,0.055,59,35,2065,0.0072194921689696,0.0324455205811138
260,0,0.055,33,35,1155,0.023100896680521406,0.07012987012987013
427,0,0.055,59,35,2065,2.4195149234840785e-05,0.003389830508474576
761,0,0.055,40,35,1400,0.2994542028491315,0.21642857142857144
927,0,0.055,47,35,1645,0.07789018105084852,0.11306990881458967
94,0,0.055,34,35,1190,0.017230747279952507,0.05966386554621849
595,0,0.055,65,35,2275,0.005310356853065985,0.018461538461538463
261,0,0.055,54,35,1890,0.20383761071093653,0.1291005291005291
428,0,0.055,35,35,1225,0.40633587337144783,0.3983673469387755
928,0,0.055,47,35,1645,0.006877710737313154,0.043161094224924014
762,0,0.055,51,35,1785,0.20545126543445097,0.17198879551820728
596,0,0.055,17,35,595,0.1741892801056052,0.26554621848739496
262,0,0.055,17,35,595,0.08372988442203078,0.22857142857142856
95,0,0.055,58,35,2030,0.005490409454194663,0.05270935960591133
429,0,0.055,21,35,735,0.009502076733072722,0.08027210884353742
763,0,0.055,20,35,700,0.0013364850342114363,0.011428571428571429
929,0,0.055,63,35,2205,1.6464058172531645e-05,0.0036281179138321997
597,0,0.055,47,35,1645,0.5860525306303027,0.32887537993920973
263,0,0.055,42,35,1470,0.22303852371862704,0.21972789115646257
96,0,0.055,68,35,2380,0.035614541170063456,0.07142857142857142
430,0,0.055,55,35,1925,0.0019467250102640282,0.016623376623376623
764,0,0.055,59,35,2065,0.0032825714237533967,0.029055690072639227
598,0,0.055,27,35,945,0.006972439289531565,0.020105820105820106
930,0,0.055,45,35,1575,0.0009073154409635013,0.02095238095238095
264,0,0.055,19,35,665,0.07773254890969039,0.16842105263157894
431,0,0.055,21,35,735,0.0055005511753108294,0.036734693877551024
97,0,0.055,19,35,665,0.13486426346611874,0.26917293233082706
765,0,0.055,62,35,2170,0.27051605827740977,0.16267281105990783
599,0,0.055,50,35,1750,0.01323398029422537,0.06457142857142857
265,0,0.055,22,35,770,0.004377852956821023,0.01818181818181818
931,0,0.055,63,35,2205,0.04814356266307185,0.05941043083900227
98,0,0.055,16,35,560,0.037308271927713944,0.09285714285714286
432,0,0.055,65,35,2275,0.0096475976823318,0.03296703296703297
766,0,0.055,43,35,1505,0.007183777829613186,0.027906976744186046
600,0,0.055,19,35,665,0.0010461508794142027,0.016541353383458645
266,0,0.055,60,35,2100,0.0019455788157255762,0.014285714285714285
932,0,0.055,60,35,2100,0.5,0.21857142857142858
99,0,0.055,57,35,1995,1.0752609061623777e-05,0.007017543859649123
433,0,0.055,39,35,1365,0.26736914060588823,0.17435897435897435
767,0,0.055,39,35,1365,0.028997584239879245,0.09230769230769231
601,0,0.055,25,35,875,0.022845795522761395,0.12571428571428572
933,0,0.055,21,35,735,0.005871952848898256,0.03945578231292517
267,0,0.055,26,35,910,0.6991749867407093,0.7571428571428571
100,0,0.055,53,35,1855,3.7213677913999104e-05,0.00431266846361186
434,0,0.055,52,35,1820,8.168979497837875e-05,0.016483516483516484
768,0,0.055,27,35,945,0.2830638200030441,0.3343915343915344
602,0,0.055,55,35,1925,0.14302239169905562,0.12
934,0,0.055,32,35,1120,0.43272960341456157,0.40982142857142856
268,0,0.055,20,35,700,0.199951695083528,0.3871428571428571
101,0,0.055,23,35,805,0.11018184353350241,0.231055900621118
435,0,0.055,64,35,2240,0.01359223424260069,0.06875
769,0,0.055,52,35,1820,1.5952168153731505e-06,0.0005494505494505495
603,0,0.055,22,35,770,0.028435303469853145,0.09740259740259741
935,0,0.055,26,35,910,0.0009975796300523744,0.026373626373626374
269,0,0.055,49,35,1715,0.03115422416575212,0.05947521865889213
102,0,0.055,46,35,1610,0.004412810695036213,0.0484472049689441
436,0,0.055,32,35,1120,0.03919060245522144,0.09642857142857143
770,0,0.055,42,35,1470,0.00334807011508864,0.017687074829931974
604,0,0.055,17,35,595,0.004565466737517495,0.03865546218487395
936,0,0.055,56,35,1960,0.092504564110167,0.12040816326530612
270,0,0.055,38,35,1330,0.02257347387240693,0.09323308270676692
103,0,0.055,50,35,1750,0.023151933217193155,0.09657142857142857
771,0,0.055,18,35,630,0.1332440427795834,0.28888888888888886
437,0,0.055,68,35,2380,0.037548169421026054,0.0684873949579832
605,0,0.055,48,35,1680,0.029672817069672636,0.04642857142857143
937,0,0.055,18,35,630,0.2872130634269685,0.40634920634920635
271,0,0.055,37,35,1295,0.0030526317224843142,0.016216216216216217
104,0,0.055,55,35,1925,2.370687161827761e-06,0.0025974025974025974
772,0,0.055,22,35,770,0.12977819982915917,0.24675324675324675
438,0,0.055,50,35,1750,0.02354034429360333,0.06285714285714286
938,0,0.055,27,35,945,0.0134642853300048,0.042328042328042326
606,0,0.055,46,35,1610,0.03868122940955935,0.06956521739130435
272,0,0.055,46,35,1610,0.022605380928730136,0.08260869565217391
105,0,0.055,32,35,1120,0.01248093549794907,0.04642857142857143
773,0,0.055,63,35,2205,0.031408520723102705,0.07210884353741497
439,0,0.055,42,35,1470,0.02666035421213413,0.05782312925170068
607,0,0.055,44,35,1540,0.24036210283993314,0.19415584415584416
939,0,0.055,57,35,1995,0.27637135239905625,0.16040100250626566
106,0,0.055,18,35,630,0.44524579320245317,0.7746031746031746
273,0,0.055,28,35,980,0.0928642216247107,0.20612244897959184
774,0,0.055,18,35,630,0.10347653003515889,0.2396825396825397
940,0,0.055,32,35,1120,0.03238871446056126,0.08839285714285715
440,0,0.055,34,35,1190,0.0036294689749504826,0.04789915966386555
608,0,0.055,62,35,2170,0.0044526438771563814,0.02488479262672811
107,0,0.055,34,35,1190,0.009873131006022941,0.05546218487394958
775,0,0.055,42,35,1470,0.1656775224312565,0.15918367346938775
274,0,0.055,60,35,2100,0.1176639121811896,0.14095238095238094
609,0,0.055,19,35,665,0.2845618255226513,0.3609022556390977
941,0,0.055,34,35,1190,0.018142102840691544,0.05126050420168067
441,0,0.055,26,35,910,0.0018376367396226536,0.01098901098901099
108,0,0.055,25,35,875,0.34892845488919144,0.3462857142857143
776,0,0.055,49,35,1715,0.002044661175816946,0.046064139941690965
275,0,0.055,63,35,2205,0.0034005980082288407,0.024036281179138322
610,0,0.055,20,35,700,0.022956006589401355,0.11285714285714285
442,0,0.055,40,35,1400,0.0033210661974931387,0.029285714285714286
109,0,0.055,47,35,1645,6.260902297860007e-06,0.0012158054711246201
942,0,0.055,66,35,2310,1.0827302194339093e-07,0.005194805194805195
777,0,0.055,57,35,1995,4.590183314263643e-05,0.004511278195488722
611,0,0.055,43,35,1505,0.007424866989166803,0.046511627906976744
276,0,0.055,61,35,2135,0.21474183472012154,0.11850117096018735
110,0,0.055,50,35,1750,0.00040347779882514407,0.009142857142857144
443,0,0.055,59,35,2065,0.0003460352158098297,0.009685230024213076
943,0,0.055,19,35,665,0.026869924943208622,0.10075187969924812
778,0,0.055,23,35,805,0.057128748191897886,0.14161490683229813
612,0,0.055,21,35,735,0.005223985241451551,0.027210884353741496
277,0,0.055,52,35,1820,0.017819986742925502,0.06318681318681318
444,0,0.055,36,35,1260,0.0045079991428593124,0.05
111,0,0.055,48,35,1680,0.00027148514042402535,0.015476190476190477
779,0,0.055,33,35,1155,0.000174557089433573,0.006926406926406926
944,0,0.055,42,35,1470,4.144926475194661e-05,0.004761904761904762
613,0,0.055,29,35,1015,0.19883192045897163,0.29458128078817736
278,0,0.055,28,35,980,0.06756134207176973,0.1489795918367347
445,0,0.055,22,35,770,0.07503277706768245,0.18831168831168832
112,0,0.055,55,35,1925,0.00021030954146577166,0.01090909090909091
780,0,0.055,21,35,735,0.00296205841898471,0.027210884353741496
945,0,0.055,50,35,1750,0.04001376476717531,0.08285714285714285
614,0,0.055,42,35,1470,0.01906902551446692,0.05646258503401361
279,0,0.055,45,35,1575,0.014676549710720993,0.04825396825396826
446,0,0.055,38,35,1330,0.15258993725205705,0.23609022556390977
113,0,0.055,25,35,875,0.07330128551634923,0.13485714285714287
781,0,0.055,22,35,770,0.0736844953715556,0.24545454545454545
615,0,0.055,27,35,945,0.18654265531055497,0.1671957671957672
946,0,0.055,67,35,2345,0.036202565810419585,0.06311300639658848
280,0,0.055,34,35,1190,0.12816304138133955,0.23781512605042016
782,0,0.055,20,35,700,0.8799781440092274,1.21
447,0,0.055,39,35,1365,0.002633009330477691,0.012454212454212455
114,0,0.055,42,35,1470,0.2903741481789809,0.21224489795918366
947,0,0.055,42,35,1470,0.0005249801117211972,0.014285714285714285
616,0,0.055,52,35,1820,0.07908525756311557,0.06868131868131869
281,0,0.055,52,35,1820,0.21416263214455583,0.14395604395604394
115,0,0.055,18,35,630,0.09085615028711641,0.17142857142857143
783,0,0.055,15,35,525,0.02295257839531647,0.0761904761904762
448,0,0.055,65,35,2275,0.029642711753774528,0.06681318681318682
948,0,0.055,58,35,2030,0.014659708484352088,0.0561576354679803
617,0,0.055,49,35,1715,0.04723028531484992,0.0793002915451895
282,0,0.055,65,35,2275,0.004268204516726061,0.04263736263736264
449,0,0.055,27,35,945,0.47035880574133,0.4962962962962963
784,0,0.055,58,35,2030,0.6435155281145849,0.2995073891625616
116,0,0.055,69,35,2415,0.017649406004984228,0.060041407867494824
283,0,0.055,17,35,595,0.06208472215020528,0.2218487394957983
949,0,0.055,63,35,2205,0.009146978319686016,0.039909297052154194
618,0,0.055,41,35,1435,0.0008692890036874244,0.022996515679442508
117,0,0.055,42,35,1470,7.026183759134404e-05,0.003401360544217687
450,0,0.055,64,35,2240,4.683014674017973e-08,0.0008928571428571428
785,0,0.055,52,35,1820,0.002589233603976715,0.013736263736263736
950,0,0.055,25,35,875,0.5773157001083691,0.7142857142857143
118,0,0.055,19,35,665,0.07092318560026467,0.14586466165413534
619,0,0.055,32,35,1120,0.04215530642276882,0.1625
284,0,0.055,66,35,2310,0.001442045523027894,0.024675324675324677
451,0,0.055,50,35,1750,0.00030284452491813346,0.006857142857142857
786,0,0.055,24,35,840,0.0029076602735326348,0.03571428571428571
119,0,0.055,16,35,560,0.27617543400588507,0.65
951,0,0.055,58,35,2030,9.872045557108536e-06,0.0009852216748768472
620,0,0.055,35,35,1225,0.1847891346094993,0.20979591836734693
787,0,0.055,27,35,945,0.0844065794740429,0.12169312169312169
285,0,0.055,42,35,1470,0.013411233185618907,0.04625850340136054
452,0,0.055,53,35,1855,0.16290584954834925,0.14339622641509434
952,0,0.055,38,35,1330,0.01233719851387107,0.08796992481203007
286,0,0.055,69,35,2415,0.002826847431696876,0.022774327122153208
453,0,0.055,67,35,2345,0.00378741920108939,0.02771855010660981
953,0,0.055,47,35,1645,0.00491761832450068,0.04133738601823708
120,0,0.055,48,35,1680,0.0019415250598213995,0.04583333333333333
287,0,0.055,26,35,910,0.06881507784889282,0.11318681318681319
788,0,0.055,26,35,910,0.5748782041541545,0.5494505494505495
954,0,0.055,17,35,595,0.4381863362172396,0.692436974789916
621,0,0.055,25,35,875,0.012689405397614125,0.07657142857142857
454,0,0.055,67,35,2345,0.04542646267244294,0.08187633262260129
121,0,0.055,15,35,525,0.0006691379779253791,0.009523809523809525
288,0,0.055,33,35,1155,0.0006006401109473059,0.01038961038961039
955,0,0.055,25,35,875,0.4475195539357707,0.488
455,0,0.055,15,35,525,0.93888019628349,1.76
789,0,0.055,18,35,630,0.013081069593757278,0.06825396825396825
622,0,0.055,53,35,1855,0.17167932583680956,0.14824797843665768
122,0,0.055,61,35,2135,3.529798986751427e-06,0.001873536299765808
289,0,0.055,67,35,2345,0.0017292021004151163,0.029850746268656716
956,0,0.055,62,35,2170,0.004394688954396619,0.03317972350230415
456,0,0.055,43,35,1505,0.04960803148197256,0.09169435215946845
623,0,0.055,26,35,910,0.035302746198930056,0.12967032967032968
790,0,0.055,41,35,1435,0.005448910225476515,0.025087108013937282
123,0,0.055,27,35,945,0.01281410610543679,0.06878306878306878
290,0,0.055,26,35,910,2.9010440997880018e-06,0.0
957,0,0.055,27,35,945,0.015374487903389694,0.050793650793650794
457,0,0.055,49,35,1715,0.015720942524381762,0.046064139941690965
624,0,0.055,64,35,2240,0.008743281182119516,0.04107142857142857
791,0,0.055,52,35,1820,0.007039312506662519,0.03076923076923077
124,0,0.055,50,35,1750,0.16607689532810194,0.14342857142857143
291,0,0.055,45,35,1575,0.0010957344577283462,0.015873015873015872
958,0,0.055,17,35,595,0.5469344132430212,0.7798319327731092
458,0,0.055,39,35,1365,0.19625377748162992,0.23516483516483516
625,0,0.055,23,35,805,0.11603204200679396,0.24596273291925466
292,0,0.055,31,35,1085,0.0266172867116435,0.12534562211981568
792,0,0.055,64,35,2240,1.012367795059636e-06,0.0026785714285714286
125,0,0.055,59,35,2065,0.00015571360687948057,0.015980629539951573
959,0,0.055,55,35,1925,2.062534827655131e-05,0.0036363636363636364
459,0,0.055,30,35,1050,0.00014491552162690415,0.007619047619047619
626,0,0.055,20,35,700,0.13801110076106332,0.3057142857142857
793,0,0.055,18,35,630,0.6361882566923578,0.9666666666666667
126,0,0.055,32,35,1120,0.2816415892809735,0.29642857142857143
293,0,0.055,50,35,1750,0.011604584012441155,0.10971428571428571
960,0,0.055,62,35,2170,0.344051549730736,0.23410138248847925
627,0,0.055,18,35,630,0.07848537238244913,0.20952380952380953
460,0,0.055,54,35,1890,0.01712010621867822,0.06031746031746032
794,0,0.055,17,35,595,0.6298083346280512,0.9915966386554622
294,0,0.055,15,35,525,0.2418741371585441,0.46095238095238095
961,0,0.055,20,35,700,0.3707323063164881,0.6342857142857142
127,0,0.055,51,35,1785,0.002316434034196884,0.018487394957983194
628,0,0.055,32,35,1120,0.20494029563843735,0.3053571428571429
461,0,0.055,22,35,770,0.03424046248269779,0.12857142857142856
795,0,0.055,37,35,1295,0.5142325837748593,0.3776061776061776
295,0,0.055,67,35,2345,0.0005552859388244511,0.01833688699360341
128,0,0.055,33,35,1155,0.0023871256753017676,0.019913419913419914
962,0,0.055,63,35,2205,0.0036682473566744273,0.018594104308390022
462,0,0.055,16,35,560,0.11501164094374988,0.31785714285714284
629,0,0.055,48,35,1680,0.009891173496408117,0.05178571428571429
796,0,0.055,30,35,1050,0.17479969529066725,0.2057142857142857
296,0,0.055,61,35,2135,3.723877915458804e-05,0.007494145199063232
963,0,0.055,25,35,875,0.1064077636635728,0.192
129,0,0.055,19,35,665,0.4076894753556544,0.5473684210526316
463,0,0.055,26,35,910,0.009306425977930058,0.03736263736263736
797,0,0.055,15,35,525,0.08129630809139832,0.17333333333333334
630,0,0.055,50,35,1750,0.08613418525938077,0.12857142857142856
130,0,0.055,59,35,2065,0.1646757481465556,0.15157384987893463
964,0,0.055,56,35,1960,1.2593853744280242e-07,0.0
297,0,0.055,51,35,1785,0.12520639772208042,0.15126050420168066
464,0,0.055,52,35,1820,0.06434248552366284,0.10934065934065934
798,0,0.055,65,35,2275,8.745394033723568e-05,0.024175824175824177
631,0,0.055,69,35,2415,0.03371525426305944,0.07287784679089027
965,0,0.055,16,35,560,0.06058710016984775,0.19464285714285715
131,0,0.055,42,35,1470,0.0014374515411006152,0.022448979591836733
298,0,0.055,36,35,1260,0.08778403730541695,0.16428571428571428
465,0,0.055,36,35,1260,0.12377026597254953,0.15714285714285714
632,0,0.055,20,35,700,0.0070476393449297,0.04428571428571428
799,0,0.055,40,35,1400,0.0019526765960129488,0.03142857142857143
299,0,0.055,18,35,630,0.04402179436294406,0.12380952380952381
132,0,0.055,37,35,1295,0.00011518766840636694,0.011583011583011582
966,0,0.055,58,35,2030,0.01961453806094707,0.07389162561576355
466,0,0.055,25,35,875,0.0020516231249394705,0.03428571428571429
633,0,0.055,49,35,1715,0.0038719760774047576,0.05481049562682216
800,0,0.055,49,35,1715,0.026051427104727673,0.0641399416909621
133,0,0.055,20,35,700,0.00469445828893279,0.04428571428571428
467,0,0.055,36,35,1260,0.38409196683735136,0.34206349206349207
967,0,0.055,56,35,1960,2.1600958765387164e-05,0.004081632653061225
300,0,0.055,68,35,2380,0.04846470512864798,0.08235294117647059
634,0,0.055,30,35,1050,0.09647789424682979,0.1619047619047619
801,0,0.055,31,35,1085,0.040195174743002667,0.06451612903225806
468,0,0.055,21,35,735,0.2417637409055049,0.38231292517006804
134,0,0.055,45,35,1575,0.0048951882308069985,0.020317460317460317
301,0,0.055,19,35,665,0.01883502091899773,0.07669172932330827
968,0,0.055,59,35,2065,1.2731428796603235e-07,0.0
635,0,0.055,64,35,2240,0.00018565434738349694,0.029910714285714287
802,0,0.055,67,35,2345,0.013374790775783709,0.05031982942430704
135,0,0.055,18,35,630,0.2444938268864436,0.4888888888888889
469,0,0.055,61,35,2135,0.04615702232768526,0.07306791569086651
302,0,0.055,37,35,1295,0.00947451118869613,0.051737451737451735
636,0,0.055,20,35,700,0.5651656711316365,0.8371428571428572
969,0,0.055,57,35,1995,0.09965066438136538,0.08822055137844612
470,0,0.055,15,35,525,0.5494013866078351,0.9619047619047619
803,0,0.055,69,35,2415,0.0029490976241414264,0.01987577639751553
136,0,0.055,36,35,1260,0.01031462099613483,0.05793650793650794
637,0,0.055,52,35,1820,0.00048573857749243553,0.022527472527472527
303,0,0.055,58,35,2030,0.006108779457994234,0.039901477832512314
970,0,0.055,59,35,2065,0.009358383287176912,0.027602905569007265
471,0,0.055,59,35,2065,0.019807664098721714,0.0784503631961259
804,0,0.055,48,35,1680,1.7029644335950397e-06,0.0005952380952380953
137,0,0.055,42,35,1470,0.08322950929537837,0.12108843537414966
638,0,0.055,46,35,1610,0.4569659164836447,0.2372670807453416
304,0,0.055,35,35,1225,0.015020303297528624,0.03836734693877551
971,0,0.055,33,35,1155,0.015343218602618534,0.06060606060606061
472,0,0.055,24,35,840,0.002595823636868771,0.011904761904761904
805,0,0.055,53,35,1855,0.0033238408187580867,0.03827493261455526
138,0,0.055,65,35,2275,0.1568640043906352,0.15428571428571428
639,0,0.055,53,35,1855,0.00013527458448263574,0.005929919137466307
305,0,0.055,27,35,945,0.06675085931427836,0.13015873015873017
972,0,0.055,31,35,1085,0.22122566666786875,0.2064516129032258
473,0,0.055,15,35,525,0.1471082119574611,0.37333333333333335
139,0,0.055,16,35,560,0.6602526567182545,0.9803571428571428
806,0,0.055,35,35,1225,0.17499716963236528,0.20081632653061224
640,0,0.055,30,35,1050,0.059113847757835875,0.07333333333333333
306,0,0.055,38,35,1330,0.00134686713821061,0.012781954887218045
973,0,0.055,30,35,1050,0.005851930380969568,0.035238095238095235
474,0,0.055,67,35,2345,0.00211841928898247,0.014072494669509595
140,0,0.055,51,35,1785,0.0022592589928049304,0.03417366946778711
641,0,0.055,54,35,1890,5.822893750062845e-05,0.010582010582010581
307,0,0.055,16,35,560,0.05480962737741299,0.14464285714285716
807,0,0.055,20,35,700,0.21426515674950797,0.43857142857142856
974,0,0.055,32,35,1120,0.007670834892362356,0.05267857142857143
475,0,0.055,40,35,1400,0.04009061233967232,0.08928571428571429
141,0,0.055,55,35,1925,0.020214412180088376,0.06337662337662338
975,0,0.055,16,35,560,0.012355059329935178,0.07142857142857142
308,0,0.055,26,35,910,0.0011827596924262455,0.024175824175824177
642,0,0.055,50,35,1750,0.04010052436714099,0.11028571428571429
808,0,0.055,51,35,1785,0.0013612814876829771,0.01568627450980392
476,0,0.055,36,35,1260,0.017816180124101463,0.07698412698412699
142,0,0.055,19,35,665,0.004463553405130439,0.03007518796992481
477,0,0.055,26,35,910,0.002360270931436571,0.038461538461538464
309,0,0.055,37,35,1295,0.16456454944537852,0.17683397683397684
976,0,0.055,59,35,2065,0.11041715612040903,0.12300242130750605
643,0,0.055,41,35,1435,3.638605288949179e-05,0.0027874564459930314
809,0,0.055,58,35,2030,0.15458098476417703,0.1605911330049261
310,0,0.055,18,35,630,0.12459218864720101,0.3
143,0,0.055,29,35,1015,0.17571809626110313,0.21674876847290642
478,0,0.055,27,35,945,0.0026005395080595105,0.027513227513227514
977,0,0.055,39,35,1365,0.001164460797915797,0.01684981684981685
810,0,0.055,64,35,2240,0.0033908433260949004,0.028125
644,0,0.055,59,35,2065,0.0012918256251441896,0.013559322033898305
311,0,0.055,33,35,1155,0.0631445295880316,0.12727272727272726
479,0,0.055,21,35,735,0.3059484417100704,0.4095238095238095
144,0,0.055,28,35,980,0.3751595872787974,0.45918367346938777
978,0,0.055,22,35,770,0.26578971236350823,0.4012987012987013
811,0,0.055,32,35,1120,0.2659669629149601,0.30892857142857144
645,0,0.055,59,35,2065,0.10114874763793147,0.1152542372881356
312,0,0.055,37,35,1295,0.07948741256597697,0.10347490347490347
480,0,0.055,49,35,1715,0.12121418831847258,0.16559766763848396
145,0,0.055,25,35,875,0.22867311434101995,0.21828571428571428
979,0,0.055,61,35,2135,0.013174771829240754,0.06276346604215456
646,0,0.055,37,35,1295,0.01127128786004992,0.05945945945945946
481,0,0.055,22,35,770,0.27131754537874264,0.4103896103896104
812,0,0.055,68,35,2380,0.4729378101257479,0.18319327731092436
313,0,0.055,52,35,1820,0.03647719247320695,0.09945054945054944
146,0,0.055,61,35,2135,3.943544786246882e-05,0.008899297423887589
980,0,0.055,39,35,1365,0.00012447635232081284,0.009523809523809525
647,0,0.055,15,35,525,0.05849679659843007,0.21523809523809523
147,0,0.055,15,35,525,8.839595880257032e-05,0.0019047619047619048
314,0,0.055,17,35,595,0.2738978555176489,0.4991596638655462
482,0,0.055,51,35,1785,0.1661927600219908,0.16246498599439776
813,0,0.055,46,35,1610,0.27115038880801146,0.2186335403726708
648,0,0.055,46,35,1610,0.0018239986854137623,0.019254658385093167
981,0,0.055,36,35,1260,0.6272461128772189,0.40714285714285714
148,0,0.055,51,35,1785,0.21846531040718797,0.15126050420168066
483,0,0.055,21,35,735,0.027875363364852686,0.09251700680272108
315,0,0.055,38,35,1330,0.06774391818660737,0.1037593984962406
814,0,0.055,26,35,910,0.0001357509229280092,0.005494505494505495
649,0,0.055,50,35,1750,0.038064109179389696,0.084
149,0,0.055,19,35,665,0.021144289747977614,0.061654135338345864
982,0,0.055,24,35,840,0.3805618103542939,0.42857142857142855
316,0,0.055,36,35,1260,0.03561656409681029,0.046825396825396826
815,0,0.055,49,35,1715,0.0005297412716336519,0.024489795918367346
650,0,0.055,18,35,630,0.02547926990770247,0.05555555555555555
983,0,0.055,65,35,2275,0.0025877394373703144,0.02857142857142857
150,0,0.055,35,35,1225,0.04896212791914657,0.08244897959183674
816,0,0.055,69,35,2415,0.007662809307615599,0.05507246376811594
484,0,0.055,24,35,840,0.7314991758008302,0.8511904761904762
817,0,0.055,34,35,1190,0.07123694403111794,0.1403361344537815
151,0,0.055,56,35,1960,0.012781194742975881,0.05102040816326531
485,0,0.055,60,35,2100,0.0028625419431012496,0.02761904761904762
486,0,0.055,15,35,525,0.011592636636650059,0.04380952380952381
152,0,0.055,28,35,980,0.05972567905070315,0.19387755102040816
153,0,0.055,43,35,1505,0.12452242732779883,0.15946843853820597
487,0,0.055,64,35,2240,1.9241855593816577e-11,0.0
317,0,0.055,35,35,1225,0.009865235223172088,0.015510204081632653
818,0,0.055,23,35,805,0.19516891928744312,0.35403726708074534
154,0,0.055,26,35,910,0.0029638575639513824,0.024175824175824177
984,0,0.055,31,35,1085,0.6284724582093033,0.576036866359447
488,0,0.055,41,35,1435,0.08740234248438544,0.15958188153310104
651,0,0.055,66,35,2310,0.0011171015730182384,0.025108225108225107
318,0,0.055,24,35,840,0.011766485609180059,0.03571428571428571
819,0,0.055,43,35,1505,0.10121792340598068,0.12890365448504984
155,0,0.055,46,35,1610,0.0008352607175012527,0.009316770186335404
489,0,0.055,44,35,1540,2.068911087091415e-06,0.0006493506493506494
985,0,0.055,53,35,1855,1.7818920471200722e-07,0.001078167115902965
652,0,0.055,31,35,1085,0.20157142429574265,0.24792626728110598
319,0,0.055,59,35,2065,0.00563051538070702,0.030508474576271188
820,0,0.055,32,35,1120,0.0011634680705684625,0.010714285714285714
156,0,0.055,45,35,1575,2.8518371786989575e-05,0.0031746031746031746
490,0,0.055,60,35,2100,0.004454791024447297,0.0419047619047619
986,0,0.055,37,35,1295,0.10994994865403002,0.16756756756756758
653,0,0.055,43,35,1505,4.8576068463340835e-05,0.0053156146179402
320,0,0.055,21,35,735,0.6153546966740312,0.7646258503401361
821,0,0.055,20,35,700,0.05402551599537227,0.17
157,0,0.055,20,35,700,0.024479272629502464,0.09857142857142857
491,0,0.055,44,35,1540,0.025301877194034646,0.08701298701298701
987,0,0.055,66,35,2310,0.0015961236305048854,0.0354978354978355
654,0,0.055,62,35,2170,0.05943122977760857,0.09861751152073733
321,0,0.055,45,35,1575,4.49996168993622e-06,0.0012698412698412698
822,0,0.055,53,35,1855,0.0018893630530440791,0.016172506738544475
492,0,0.055,55,35,1925,0.05753070831400752,0.09298701298701299
158,0,0.055,68,35,2380,1.2596956126435095e-06,0.0012605042016806723
988,0,0.055,25,35,875,0.0821569927408784,0.24342857142857144
655,0,0.055,66,35,2310,1.3074499009735616e-05,0.0025974025974025974
322,0,0.055,52,35,1820,0.02584037915636871,0.06923076923076923
823,0,0.055,56,35,1960,0.0015945123226850878,0.034183673469387756
493,0,0.055,27,35,945,0.2164354239589057,0.39470899470899473
159,0,0.055,36,35,1260,0.001776628273733771,0.01904761904761905
989,0,0.055,38,35,1330,0.000650425651138959,0.021052631578947368
656,0,0.055,66,35,2310,0.03521659757939854,0.05281385281385281
323,0,0.055,44,35,1540,0.01934660539831233,0.06428571428571428
160,0,0.055,17,35,595,4.6723332941577994e-05,0.0016806722689075631
824,0,0.055,66,35,2310,0.014739966078481754,0.048051948051948054
494,0,0.055,66,35,2310,0.0015459753241079859,0.011688311688311689
990,0,0.055,69,35,2415,0.071760928062062,0.06997929606625258
324,0,0.055,51,35,1785,0.023829486387261914,0.05546218487394958
657,0,0.055,56,35,1960,0.0005309710276881068,0.017857142857142856
825,0,0.055,34,35,1190,0.09967985705702576,0.1689075630252101
161,0,0.055,33,35,1155,0.02868990202045942,0.046753246753246755
495,0,0.055,32,35,1120,0.09721481554508121,0.12321428571428572
991,0,0.055,25,35,875,0.04752263939828711,0.10057142857142858
325,0,0.055,18,35,630,0.057403090779189585,0.1873015873015873
658,0,0.055,60,35,2100,0.0031601580809098046,0.02
826,0,0.055,38,35,1330,0.042999160079591266,0.11052631578947368
162,0,0.055,44,35,1540,1.897343644838088e-05,0.005194805194805195
496,0,0.055,53,35,1855,0.003446409035829207,0.025336927223719677
326,0,0.055,21,35,735,0.4459723212403047,0.6190476190476191
992,0,0.055,46,35,1610,0.23539820646988052,0.22236024844720498
659,0,0.055,60,35,2100,0.23555806982183475,0.14285714285714285
827,0,0.055,53,35,1855,0.009536890900573232,0.04851752021563342
327,0,0.055,16,35,560,0.32478641518440327,0.7017857142857142
497,0,0.055,26,35,910,0.016152294413837632,0.038461538461538464
163,0,0.055,52,35,1820,0.001627884487092722,0.04285714285714286
993,0,0.055,59,35,2065,0.03541101960070437,0.07312348668280871
660,0,0.055,35,35,1225,0.00035752198927137973,0.009795918367346938
828,0,0.055,16,35,560,0.04879330651781588,0.13392857142857142
328,0,0.055,61,35,2135,0.0038631359806270103,0.02576112412177986
498,0,0.055,49,35,1715,0.02165296508010092,0.0880466472303207
164,0,0.055,55,35,1925,0.005934442439542756,0.0374025974025974
994,0,0.055,42,35,1470,0.0021382132396278344,0.021768707482993196
661,0,0.055,46,35,1610,0.05159137413642723,0.1
829,0,0.055,30,35,1050,0.00044461731994893206,0.010476190476190476
329,0,0.055,43,35,1505,0.0011193446910186789,0.012624584717607974
995,0,0.055,36,35,1260,0.19081895596953508,0.2706349206349206
499,0,0.055,65,35,2275,0.0003646322640508533,0.014065934065934066
165,0,0.055,67,35,2345,0.006701809979678608,0.058422174840085286
662,0,0.055,24,35,840,0.008221167390669679,0.08333333333333333
830,0,0.055,62,35,2170,0.1433683906477446,0.12811059907834102
330,0,0.055,23,35,805,0.0001408017736187686,0.0
996,0,0.055,49,35,1715,0.0011574085638131229,0.01749271137026239
166,0,0.055,15,35,525,0.33395024308690324,0.7028571428571428
500,0,0.055,56,35,1960,3.004399485834411e-08,0.0020408163265306124
663,0,0.055,43,35,1505,0.08762139743234032,0.14352159468438538
831,0,0.055,64,35,2240,0.001044057065100435,0.021875
331,0,0.055,33,35,1155,0.0034833746754799138,0.025974025974025976
997,0,0.055,26,35,910,0.29849508145932435,0.3131868131868132
664,0,0.055,56,35,1960,0.4294169017052078,0.23061224489795917
832,0,0.055,56,35,1960,0.019843160644141624,0.05969387755102041
332,0,0.055,41,35,1435,0.017448930251887734,0.07456445993031359
665,0,0.055,20,35,700,0.00017754211954750418,0.005714285714285714
998,0,0.055,48,35,1680,0.4584342239511233,0.3279761904761905
333,0,0.055,26,35,910,0.010998763877102915,0.04065934065934066
833,0,0.055,57,35,1995,0.0004146072467426262,0.011027568922305764
666,0,0.055,26,35,910,0.0018056419608628888,0.01868131868131868
999,0,0.055,49,35,1715,1.4533989125729813e-05,0.004081632653061225
667,0,0.055,27,35,945,0.01783971811769775,0.07936507936507936
