"","x","a","z1","z2","y","stra"
"1",0,0,0.592287150211632,1,1,6
"2",0,0,0.00150527153164148,0,0,1
"3",0,0,0.43365528807044,0,0,1
"4",0,0,0.730303068179637,1,1,6
"5",0,0,0.943221819121391,1,1,6
"6",0,1,0.664484219392762,1,1,8
"7",0,0,0.78979534865357,1,0,2
"8",0,0,0.505584791768342,0,0,1
"9",0,0,0.391669819364324,0,0,1
"10",0,0,0.369833924574777,1,0,2
"11",1,0,0.00078502856194973,0,0,1
"12",0,0,0.925728052388877,0,0,1
"13",0,0,0.544398596743122,0,0,1
"14",0,0,0.0312315782066435,1,0,2
"15",0,0,0.579758405685425,1,1,6
"16",0,0,0.432020980399102,1,1,6
"17",1,0,0.40664411848411,0,1,5
"18",0,0,0.592288256855682,0,0,1
"19",0,1,0.856435092398897,1,1,8
"20",0,0,0.259611258748919,1,0,2
"21",0,1,0.392512591555715,1,0,4
"22",0,1,0.905905655119568,0,0,3
"23",1,1,0.126647386932746,1,1,8
"24",0,1,0.737946683773771,1,0,4
"25",0,1,0.805053670890629,0,1,7
"26",0,0,0.0601494126021862,0,0,1
"27",0,0,0.305343905230984,1,0,2
"28",0,0,0.737678410019726,1,0,2
"29",0,0,0.20680731581524,1,0,2
"30",0,1,0.433341141557321,0,0,3
"31",0,0,0.644295166013762,1,0,2
"32",0,0,0.219165333546698,0,0,1
"33",0,0,0.698361342540011,1,0,2
"34",0,0,0.257999441586435,1,0,2
"35",0,0,0.504361441591755,0,1,5
"36",0,0,0.592500698054209,0,0,1
"37",0,0,0.584946499206126,1,0,2
"38",0,0,0.362421266036108,0,0,1
"39",1,1,0.511432796949521,1,1,8
"40",1,1,0.695267723174766,1,0,4
"41",0,0,0.158533672336489,1,0,2
"42",0,0,0.574519820977002,0,0,1
"43",1,1,0.12139420164749,0,0,3
"44",0,1,0.0861287189181894,1,0,4
"45",0,1,0.420254113851115,1,1,8
"46",0,0,0.694180517224595,0,0,1
"47",0,0,0.733596827602014,1,1,6
"48",1,1,0.485447183484212,0,1,7
"49",0,0,0.899483627872542,1,0,2
"50",0,0,0.923511394765228,1,0,2
"51",0,0,0.227154449792579,1,1,6
"52",0,1,0.581800900166854,0,0,3
"53",1,1,0.755776807200164,0,0,3
"54",0,0,0.283198531484231,0,0,1
"55",0,1,0.554872908629477,1,0,4
"56",0,0,0.128317218739539,1,0,2
"57",0,0,0.0870836088433862,1,1,6
"58",0,0,0.0442546093836427,1,0,2
"59",0,0,0.518186801113188,0,0,1
"60",0,1,0.341354279080406,1,1,8
"61",1,1,0.162261697929353,1,1,8
"62",0,1,0.485842637950554,0,0,3
"63",0,0,0.883045578608289,0,0,1
"64",0,0,0.99238682934083,1,1,6
"65",0,0,0.107791426591575,1,0,2
"66",0,0,0.692761488026008,1,0,2
"67",0,0,0.00398572767153382,1,1,6
"68",0,0,0.719097955618054,0,0,1
"69",1,1,0.98714776802808,0,1,7
"70",0,0,0.3039082842879,0,0,1
"71",1,1,0.265237476909533,1,1,8
"72",0,0,0.488706299569458,1,0,2
"73",0,1,0.754277867963538,1,0,4
"74",0,0,0.710354532813653,1,0,2
"75",0,0,0.433926757192239,0,0,1
"76",0,0,0.834206247702241,1,0,2
"77",0,0,0.858392422785982,1,0,2
"78",0,1,0.725472570164129,1,1,8
"79",1,0,0.699002427048981,0,1,5
"80",0,0,0.791510875802487,1,1,6
"81",1,1,0.809897064929828,0,0,3
"82",1,0,0.108470977516845,1,1,6
"83",0,0,0.791860696859658,1,1,6
"84",0,0,0.00827323598787189,1,1,6
"85",0,0,0.665199528913945,0,0,1
"86",0,0,0.471296366071329,1,1,6
"87",0,0,0.648843582486734,0,1,5
"88",0,0,0.146474482491612,0,0,1
"89",1,1,0.0984501701314002,1,1,8
"90",0,0,0.758849449222907,1,0,2
"91",0,0,0.875057139899582,1,0,2
"92",0,0,0.149276551092044,1,0,2
"93",0,1,0.895521629136056,0,0,3
"94",0,0,0.590130371740088,0,0,1
"95",1,1,0.254448708845302,1,0,4
"96",0,0,0.791286170715466,0,0,1
"97",0,1,0.393879821989685,0,0,3
"98",0,0,0.928267406532541,1,0,2
"99",0,0,0.304262368474156,0,0,1
"100",0,1,0.435213948367164,1,1,8
"101",0,0,0.215443309862167,1,0,2
"102",0,0,0.864094930235296,1,1,6
"103",0,1,0.346129709621891,1,1,8
"104",0,1,0.00601554987952113,1,0,4
"105",0,0,0.306039929389954,1,0,2
"106",1,1,0.690139545127749,0,1,7
"107",0,0,0.796554804779589,0,1,5
"108",0,0,0.16594098880887,0,0,1
"109",0,0,0.856883284868672,1,1,6
"110",0,0,0.108609601622447,1,0,2
"111",0,0,0.796122862026095,0,0,1
"112",0,0,0.320209436584264,1,1,6
"113",0,0,0.931748541304842,1,1,6
"114",0,1,0.840002472279593,0,0,3
"115",1,1,0.205397511599585,0,1,7
"116",0,0,0.45175563567318,1,0,2
"117",0,1,0.975449385587126,0,0,3
"118",0,0,0.669223239179701,1,1,6
"119",0,0,0.461422581225634,0,0,1
"120",0,0,0.994805987924337,1,1,6
"121",0,0,0.842644882155582,0,0,1
"122",0,0,0.984065005090088,0,1,5
"123",1,1,0.160989456111565,0,0,3
"124",1,1,0.221358947921544,1,0,4
"125",0,0,0.246554550714791,1,1,6
"126",0,0,0.894264781381935,1,0,2
"127",0,0,0.437332983594388,1,0,2
"128",0,0,0.111669063800946,1,1,6
"129",0,0,0.118249479448423,0,0,1
"130",0,0,0.41479275515303,0,0,1
"131",0,0,0.388134187320247,1,0,2
"132",0,0,0.949053943622857,0,1,5
"133",0,0,0.780547504778951,0,0,1
"134",0,0,0.806617704918608,1,0,2
"135",0,0,0.949747161474079,1,0,2
"136",0,0,0.0591494617983699,1,0,2
"137",0,0,0.848528404254466,0,0,1
"138",0,0,0.610160881653428,0,1,5
"139",0,0,0.715838833712041,0,0,1
"140",0,0,0.994055188493803,0,0,1
"141",0,0,0.51320894761011,1,1,6
"142",0,0,0.212444367818534,0,0,1
"143",0,0,0.602863799082115,1,1,6
"144",0,1,0.463665422517806,0,0,3
"145",0,0,0.714830074226484,0,0,1
"146",0,0,0.00950371637009084,1,1,6
"147",0,0,0.175493501126766,1,1,6
"148",0,0,0.558527935761958,1,1,6
"149",0,1,0.926832305733114,1,1,8
"150",0,0,0.684681287501007,1,0,2
"151",0,1,0.519502286566421,0,0,3
"152",0,0,0.553401427809149,1,0,2
"153",0,0,0.722640401450917,0,0,1
"154",0,1,0.658862588694319,1,1,8
"155",0,0,0.620419381186366,1,1,6
"156",1,0,0.329769225791097,0,0,1
"157",0,1,0.251120652072132,0,1,7
"158",0,0,0.341965969419107,0,0,1
"159",1,1,0.915601334767416,0,1,7
"160",1,0,0.940709720598534,1,1,6
"161",1,1,0.378718428080902,1,1,8
"162",0,0,0.778367269784212,1,0,2
"163",0,0,0.75622541969642,1,0,2
"164",1,1,0.47137010213919,0,0,3
"165",0,0,0.540330639574677,1,0,2
"166",0,1,0.436094379983842,0,0,3
"167",1,1,0.424585696775466,0,1,7
"168",0,1,0.175089071737602,1,0,4
"169",0,0,0.279673941899091,1,0,2
"170",0,0,0.844165999908,1,1,6
"171",0,0,0.31586423330009,1,0,2
"172",0,0,0.070980847813189,1,0,2
"173",0,0,0.0496251049917191,1,0,2
"174",0,0,0.10199156915769,0,0,1
"175",0,0,0.676480626687407,0,1,5
"176",1,1,0.991769627202302,1,1,8
"177",0,1,0.439758934313431,0,0,3
"178",0,0,0.889353342121467,1,1,6
"179",0,0,0.121130042942241,0,0,1
"180",0,0,0.708308044355363,0,1,5
"181",0,0,0.93919421127066,1,1,6
"182",0,0,0.0465734163299203,0,0,1
"183",0,0,0.0917236136738211,0,0,1
"184",0,0,0.164597486145794,1,1,6
"185",0,0,0.607302711810917,0,0,1
"186",0,0,0.617590219248086,1,0,2
"187",1,0,0.969872030662373,1,0,2
"188",1,1,0.819730788934976,0,0,3
"189",1,1,0.585328425979242,1,0,4
"190",0,0,0.634967355756089,0,0,1
"191",0,0,0.408197139622644,1,0,2
"192",0,0,0.722128418274224,0,1,5
"193",1,1,0.356775818625465,1,1,8
"194",0,0,0.692374265985563,1,0,2
"195",0,0,0.17760368110612,0,0,1
"196",0,1,0.841575210914016,1,0,4
"197",0,1,0.478414785349742,0,0,3
"198",1,1,0.509123309049755,1,1,8
"199",0,0,0.51003527152352,0,0,1
"200",0,0,0.978852973086759,1,1,6
"201",0,0,0.78545788070187,1,1,6
"202",0,0,0.642696414142847,1,0,2
"203",0,0,0.890805515926331,0,0,1
"204",0,0,0.320460090879351,1,0,2
"205",0,1,0.52644698927179,0,0,3
"206",0,0,0.0211838895920664,0,0,1
"207",0,0,0.899026102619246,0,1,5
"208",0,0,0.99482243321836,1,0,2
"209",0,0,0.0482203965075314,1,0,2
"210",0,1,0.740453334059566,1,0,4
"211",0,0,0.786181170726195,1,1,6
"212",1,1,0.727488165488467,0,1,7
"213",1,1,0.52812097617425,0,1,7
"214",0,1,0.404316739412025,1,0,4
"215",0,0,0.448756597004831,1,1,6
"216",1,0,0.439232225995511,1,1,6
"217",0,0,0.656928439391777,0,0,1
"218",0,1,0.07741565303877,0,0,3
"219",0,0,0.888989172643051,1,0,2
"220",0,0,0.55863681435585,0,0,1
"221",0,0,0.697861985070631,0,1,5
"222",1,1,0.0611193035729229,0,1,7
"223",1,1,0.508963455678895,1,1,8
"224",0,0,0.760227654827759,1,0,2
"225",0,0,0.608396836090833,1,0,2
"226",0,0,0.151953664142638,1,0,2
"227",0,0,0.328134411480278,1,0,2
"228",0,1,0.702846370870247,1,1,8
"229",0,0,0.177391194971278,1,0,2
"230",0,0,0.203248171135783,0,1,5
"231",0,0,0.84730642545037,1,0,2
"232",1,0,0.268539097858593,0,1,5
"233",0,0,0.636216992512345,0,0,1
"234",0,0,0.0235442719422281,1,0,2
"235",0,0,0.443205651594326,0,0,1
"236",0,0,0.339500440750271,1,1,6
"237",0,0,0.787976767634973,1,0,2
"238",0,0,0.279303876217455,0,0,1
"239",0,0,0.365830312948674,0,1,5
"240",0,1,0.239483413053676,1,0,4
"241",0,0,0.494316049851477,0,1,5
"242",0,0,0.873584436019883,1,0,2
"243",1,1,0.731230512494221,1,1,8
"244",0,0,0.161925573833287,1,1,6
"245",1,1,0.536185388453305,1,1,8
"246",0,1,0.286002235487103,0,0,3
"247",0,0,0.789151415228844,0,0,1
"248",1,1,0.387114045675844,1,1,8
"249",0,1,0.183257380034775,1,0,4
"250",0,0,0.118448890512809,0,0,1
"251",0,1,0.393061647657305,1,0,4
"252",0,1,0.595294299302623,1,0,4
"253",0,0,0.57632626616396,1,0,2
"254",0,0,0.00048566865734756,0,0,1
"255",0,0,0.449144004844129,0,0,1
"256",0,1,0.618680468760431,1,0,4
"257",0,0,0.144150901352987,0,0,1
"258",0,1,0.378293176181614,1,0,4
"259",1,1,0.0242081617470831,1,1,8
"260",0,0,0.747853327542543,1,0,2
"261",0,0,0.418131538201123,1,1,6
"262",0,0,0.00781136401928961,0,0,1
"263",0,0,0.429424513364211,1,1,6
"264",0,0,0.257179609965533,0,0,1
"265",0,1,0.0488051031716168,0,0,3
"266",0,0,0.715257534524426,0,0,1
"267",0,0,0.309603754198179,1,1,6
"268",0,0,0.75006387475878,0,1,5
"269",0,0,0.444143960718066,0,0,1
"270",0,0,0.167808362049982,0,0,1
"271",1,1,0.500321699306369,0,0,3
"272",0,0,0.759500003419816,0,0,1
"273",1,1,0.50173912383616,1,1,8
"274",0,0,0.117105281446129,1,0,2
"275",0,0,0.95304742269218,1,0,2
"276",0,0,0.472488279221579,1,1,6
"277",0,0,0.377859064610675,1,0,2
"278",0,1,0.737645295448601,0,0,3
"279",0,0,0.828679725760594,1,0,2
"280",0,1,0.306911363266408,0,0,3
"281",0,0,0.876729269511998,1,1,6
"282",1,1,0.557457333663478,1,1,8
"283",0,0,0.374378034379333,0,0,1
"284",1,1,0.649668577359989,0,0,3
"285",0,1,0.712412934983149,1,1,8
"286",1,1,0.0209056430030614,0,0,3
"287",1,1,0.140019408194348,1,1,8
"288",0,0,0.855018411995843,1,1,6
"289",0,0,0.648424504557624,0,0,1
"290",0,0,0.346240555867553,0,0,1
"291",0,1,0.744148776400834,0,0,3
"292",0,1,0.520020202966407,0,0,3
"293",0,0,0.204387886216864,0,1,5
"294",0,0,0.775507832877338,1,0,2
"295",0,0,0.037872709101066,1,0,2
"296",0,0,0.807096390752122,1,1,6
"297",0,0,0.01692611631006,0,0,1
"298",0,0,0.791631266940385,1,1,6
"299",0,0,0.582752621499822,1,1,6
"300",1,1,0.942549330415204,1,1,8
"301",0,0,0.793871907750145,1,1,6
"302",0,0,0.709206610452384,1,1,6
"303",1,0,0.126651484519243,1,1,6
"304",0,1,0.0488669530022889,0,0,3
"305",0,0,0.574015527730808,0,0,1
"306",0,0,0.81059570517391,1,1,6
"307",0,0,0.618641226319596,1,0,2
"308",0,0,0.366161906160414,1,0,2
"309",0,1,0.976225331425667,1,0,4
"310",0,0,0.971970024751499,0,0,1
"311",1,0,0.707624552072957,1,1,6
"312",0,0,0.6590828478802,0,0,1
"313",0,0,0.520588456653059,0,0,1
"314",0,0,0.762400605948642,1,1,6
"315",0,0,0.352954881964251,0,0,1
"316",0,1,0.675266462145373,1,0,4
"317",0,0,0.958547158399597,1,1,6
"318",0,0,0.0879868497140706,0,1,5
"319",0,0,0.862083315849304,1,0,2
"320",0,0,0.321463759057224,1,0,2
"321",0,0,0.707103801425546,0,0,1
"322",0,1,0.696520355297253,1,0,4
"323",0,0,0.626027651131153,1,0,2
"324",0,0,0.145733522018418,1,0,2
"325",1,1,0.505294396076351,0,0,3
"326",0,0,0.147134307539091,0,0,1
"327",0,0,0.93602535338141,0,0,1
"328",0,0,0.00482728146016598,0,0,1
"329",0,0,0.663197384914383,0,0,1
"330",0,0,0.493691954063252,1,1,6
"331",0,1,0.519183231750503,0,0,3
"332",0,0,0.825591058004647,0,1,5
"333",0,0,0.450258959084749,1,0,2
"334",0,0,0.582570231053978,1,1,6
"335",0,0,0.943591407965869,0,0,1
"336",0,1,0.189465570729226,1,0,4
"337",0,0,0.261480863206089,0,0,1
"338",0,0,0.806730458047241,1,1,6
"339",0,1,0.0685528262984008,1,0,4
"340",0,0,0.91282299021259,0,1,5
"341",0,0,0.439587849890813,1,0,2
"342",0,0,0.387024251744151,1,1,6
"343",1,1,0.113898800918832,0,0,3
"344",0,0,0.838084692601115,1,0,2
"345",0,0,0.263710668077692,1,0,2
"346",1,0,0.550522138364613,0,0,1
"347",0,1,0.843565705232322,1,0,4
"348",0,0,0.4105815209914,1,0,2
"349",1,1,0.775918341707438,0,1,7
"350",1,1,0.55334784835577,1,1,8
"351",0,0,0.029552926775068,0,0,1
"352",0,0,0.896056327736005,1,0,2
"353",0,0,0.50402043457143,1,1,6
"354",0,1,0.855931211030111,0,0,3
"355",0,0,0.838736953213811,0,0,1
"356",0,1,0.779324838425964,1,0,4
"357",0,0,0.992053175577894,1,0,2
"358",1,1,0.326507896184921,1,1,8
"359",0,0,0.396601817337796,1,0,2
"360",0,0,0.263109086081386,1,0,2
"361",0,0,0.899501671781763,1,1,6
"362",1,1,0.252021582564339,0,1,7
"363",0,0,0.910726841539145,1,1,6
"364",0,1,0.323722731787711,1,0,4
"365",1,1,0.38822650606744,0,0,3
"366",1,1,0.57789596891962,1,1,8
"367",1,1,0.338909259531647,1,0,4
"368",0,1,0.149370762752369,1,0,4
"369",0,0,0.626705463742837,1,0,2
"370",0,0,0.0154831958934665,1,1,6
"371",0,0,0.877081462647766,0,1,5
"372",0,0,0.877687745960429,0,0,1
"373",0,1,0.407352183479816,1,1,8
"374",0,0,0.305619008373469,1,1,6
"375",0,0,0.0838469115551561,0,0,1
"376",0,0,0.990597449941561,1,0,2
"377",0,0,0.590511557413265,0,0,1
"378",0,0,0.449115450726822,1,0,2
"379",0,0,0.890624311054125,0,0,1
"380",0,0,0.468254918931052,1,0,2
"381",1,0,0.573587460210547,1,1,6
"382",0,0,0.0180218885652721,0,0,1
"383",0,1,0.910119171719998,0,1,7
"384",0,0,0.965986057184637,0,0,1
"385",0,1,0.352334020659328,1,1,8
"386",0,0,0.638960939832032,1,1,6
"387",0,0,0.302662286208943,0,1,5
"388",0,0,0.956159338355064,0,0,1
"389",0,0,0.210088956868276,1,0,2
"390",0,0,0.891038573347032,1,0,2
"391",0,0,0.313614568905905,1,0,2
"392",0,0,0.89109144336544,0,1,5
"393",0,0,0.581821851665154,1,0,2
"394",0,0,0.714290618896484,1,0,2
"395",0,0,0.289780288701877,0,0,1
"396",0,0,0.290165100712329,0,0,1
"397",0,0,0.40293195284903,1,1,6
"398",0,1,0.390391066903248,0,0,3
"399",0,1,0.70510354405269,0,0,3
"400",0,0,0.665094729978591,1,0,2
"401",0,0,0.215766906738281,0,1,5
"402",0,0,0.639598810346797,0,0,1
"403",0,0,0.35082601569593,1,0,2
"404",0,0,0.269113502465189,1,0,2
"405",0,0,0.407693257089704,0,0,1
"406",0,0,0.330678504891694,0,0,1
"407",0,0,0.412670018617064,1,1,6
"408",0,0,0.926253762096167,1,1,6
"409",1,1,0.858678561868146,1,1,8
"410",0,0,0.882819878403097,0,1,5
"411",0,0,0.407823528628796,1,0,2
"412",0,0,0.845301306806505,0,0,1
"413",0,0,0.382321757031605,1,0,2
"414",0,0,0.372347876429558,1,0,2
"415",0,0,0.691728817066178,0,0,1
"416",0,0,0.200981401605532,1,1,6
"417",0,0,0.0994370435364544,1,0,2
"418",1,1,0.764094861922786,1,1,8
"419",1,1,0.617815318284556,0,1,7
"420",0,0,0.0978038460016251,1,1,6
"421",0,1,0.0870707938447595,1,0,4
"422",0,0,0.468661559047177,0,1,5
"423",0,0,0.514361280947924,1,1,6
"424",0,1,0.782776744570583,1,1,8
"425",1,0,0.960419277427718,0,0,1
"426",0,1,0.789583393372595,1,0,4
"427",0,0,0.984035308472812,1,1,6
"428",0,0,0.402868514880538,1,1,6
"429",0,0,0.740069956053048,1,0,2
"430",0,0,0.675259532174096,1,1,6
"431",0,0,0.146417505573481,1,0,2
"432",0,0,0.195714083500206,1,0,2
"433",0,0,0.995751515729353,1,1,6
"434",0,0,0.41981217241846,1,0,2
"435",0,0,0.832776249852031,0,0,1
"436",1,1,0.758295396342874,1,1,8
"437",0,0,0.121876940829679,1,0,2
"438",1,1,0.658761752070859,1,0,4
"439",1,1,0.840394207509235,1,1,8
"440",0,1,0.837508047930896,1,1,8
"441",1,1,0.21674224967137,1,1,8
"442",0,1,0.388918249169365,0,0,3
"443",0,0,0.105703514069319,0,0,1
"444",0,0,0.586170966504142,1,1,6
"445",0,0,0.747824531747028,1,1,6
"446",0,0,0.392620545811951,0,0,1
"447",0,1,0.607516412157565,0,0,3
"448",0,1,0.723535126307979,0,1,7
"449",0,0,0.00655824784189463,0,1,5
"450",0,0,0.700545592000708,0,0,1
"451",0,0,0.565839873393998,1,0,2
"452",0,1,0.680281802779064,1,0,4
"453",0,0,0.0330812779720873,1,0,2
"454",0,0,0.615046389400959,1,0,2
"455",0,0,0.57445293222554,1,0,2
"456",0,0,0.308237847872078,0,0,1
"457",0,0,0.18721199221909,1,0,2
"458",0,0,0.113626503618434,0,0,1
"459",0,1,0.878059254959226,1,1,8
"460",0,0,0.474697700003162,1,0,2
"461",0,0,0.743541232543066,1,0,2
"462",1,1,0.254686850821599,0,0,3
"463",0,1,0.664585912367329,1,1,8
"464",0,1,0.480182148749009,0,0,3
"465",0,0,0.938215216388926,1,1,6
"466",0,0,0.592632134677842,0,0,1
"467",0,1,0.199471200583503,1,1,8
"468",1,1,0.0757116831373423,1,0,4
"469",0,0,0.643877112306654,1,0,2
"470",0,1,0.639227448264137,0,0,3
"471",0,0,0.185317754512653,1,0,2
"472",0,1,0.478920401306823,1,0,4
"473",0,0,0.0576749425381422,1,0,2
"474",0,0,0.51800665166229,1,1,6
"475",0,0,0.537432181881741,0,1,5
"476",0,0,0.896121028577909,1,1,6
"477",0,0,0.134113108739257,1,0,2
"478",1,1,0.604361132020131,0,1,7
"479",0,0,0.246879472862929,0,0,1
"480",0,1,0.0303069457877427,1,1,8
"481",0,0,0.37974543380551,1,0,2
"482",1,0,0.92783996486105,1,1,6
"483",0,0,0.885381002677605,1,1,6
"484",1,0,0.200308004161343,1,1,6
"485",0,1,0.391555251087993,1,0,4
"486",1,1,0.0416527050547302,0,0,3
"487",0,0,0.374225100735202,1,1,6
"488",0,0,0.570240707136691,0,1,5
"489",0,0,0.0354032129980624,1,0,2
"490",0,0,0.853729864349589,1,0,2
"491",1,1,0.323840109165758,1,1,8
"492",0,0,0.833011899841949,0,0,1
"493",0,0,0.924436414381489,1,1,6
"494",1,1,0.328843965195119,1,1,8
"495",0,0,0.588736583245918,0,1,5
"496",0,0,0.915530712343752,1,1,6
"497",1,0,0.549435041844845,0,1,5
"498",0,0,0.633946798043326,1,1,6
"499",0,0,0.845910765230656,0,0,1
"500",0,0,0.825578161049634,1,0,2
"501",1,1,0.914238918572664,1,1,8
"502",1,1,0.482398220570758,1,1,8
"503",1,0,0.173258007969707,0,1,5
"504",0,0,0.322271913057193,1,0,2
"505",1,0,0.921667163260281,1,0,2
"506",0,0,0.473487718962133,1,0,2
"507",0,0,0.60013238969259,0,0,1
"508",0,0,0.287273233057931,1,0,2
"509",1,0,0.0696223038248718,1,1,6
"510",0,0,0.175191489513963,1,0,2
"511",0,0,0.270949887810275,1,0,2
"512",0,0,0.227001967839897,0,0,1
"513",0,0,0.651967549230903,1,0,2
"514",0,0,0.276823266642168,1,0,2
"515",1,0,0.254311063094065,0,0,1
"516",0,1,0.749954675091431,1,1,8
"517",0,0,0.321436672238633,1,0,2
"518",0,1,0.280608965316787,1,0,4
"519",0,0,0.835987030761316,0,1,5
"520",0,0,0.127165441401303,0,1,5
"521",0,0,0.182310275733471,0,0,1
"522",0,0,0.0428357678465545,0,0,1
"523",0,0,0.393643258139491,1,0,2
"524",0,0,0.139821825781837,0,0,1
"525",0,1,0.964288439135998,1,0,4
"526",0,1,0.340766855981201,0,1,7
"527",0,1,0.24604188115336,0,0,3
"528",0,0,0.944198230514303,1,0,2
"529",0,0,0.142336663557217,0,0,1
"530",0,0,0.0606215863954276,1,0,2
"531",0,0,0.648506251629442,0,1,5
"532",0,0,0.811778319999576,0,0,1
"533",0,0,0.0708853739779443,0,0,1
"534",0,0,0.800767104141414,0,0,1
"535",1,1,0.880708620883524,1,1,8
"536",1,1,0.356591100338846,1,1,8
"537",0,0,0.104593211319298,1,1,6
"538",0,0,0.0270120908971876,1,1,6
"539",0,0,0.229067142587155,1,0,2
"540",0,0,0.185740971006453,1,0,2
"541",0,0,0.931942576775327,0,0,1
"542",0,1,0.382307494990528,1,0,4
"543",0,0,0.326355194905773,0,0,1
"544",0,1,0.435482779284939,0,0,3
"545",0,0,0.538954002084211,0,1,5
"546",0,0,0.417375542456284,0,0,1
"547",0,0,0.102073620073497,0,0,1
"548",0,0,0.437719107139856,0,0,1
"549",0,1,0.992556524928659,0,0,3
"550",0,0,0.233148740138859,1,0,2
"551",0,0,0.457485567079857,1,1,6
"552",0,0,0.0204033681657165,1,0,2
"553",0,0,0.47525858390145,0,0,1
"554",0,0,0.555974135641009,1,0,2
"555",1,1,0.382138169603422,0,0,3
"556",0,0,0.649041861528531,0,0,1
"557",0,0,0.840820312267169,0,1,5
"558",0,0,0.0185673090163618,1,1,6
"559",1,1,0.738744735019282,1,1,8
"560",0,0,0.592303933575749,1,1,6
"561",1,1,0.237988640088588,1,1,8
"562",0,0,0.293507801136002,1,1,6
"563",1,1,0.100582933286205,1,1,8
"564",0,0,0.122580798808485,1,1,6
"565",0,0,0.359280657256022,0,0,1
"566",1,1,0.553875510580838,1,1,8
"567",0,0,0.312293018214405,0,0,1
"568",0,0,0.0715982427354902,0,0,1
"569",0,0,0.542555398307741,1,1,6
"570",0,0,0.0815083647612482,1,1,6
"571",0,0,0.160772059811279,1,1,6
"572",0,0,0.908711806638166,1,0,2
"573",0,0,0.322421979624778,0,0,1
"574",0,1,0.847974521573633,1,0,4
"575",0,0,0.819599563023075,0,0,1
"576",0,0,0.531102693174034,1,0,2
"577",0,0,0.515489856479689,0,0,1
"578",0,0,0.172010289272293,1,0,2
"579",0,1,0.570089944405481,1,0,4
"580",0,0,0.884334694826975,0,0,1
"581",0,0,0.0727441376075149,0,0,1
"582",0,0,0.0711019176524132,0,0,1
"583",0,0,0.0344105525873601,1,1,6
"584",0,1,0.381327000446618,1,0,4
"585",0,0,0.574030373478308,1,0,2
"586",0,0,0.23738204035908,1,0,2
"587",0,0,0.182104857871309,1,1,6
"588",0,0,0.569481684360653,0,0,1
"589",0,0,0.907267245929688,1,1,6
"590",0,0,0.937120035756379,0,1,5
"591",0,1,0.797080216929317,0,1,7
"592",0,0,0.488844133913517,1,1,6
"593",0,0,0.225283645326272,1,0,2
"594",1,1,0.836578031303361,1,1,8
"595",0,0,0.339292294345796,0,0,1
"596",0,0,0.693178580142558,0,0,1
"597",0,0,0.407269448973238,1,0,2
"598",0,0,0.00732632866129279,1,0,2
"599",0,1,0.216738128801808,1,0,4
"600",1,1,0.622579003684223,0,0,3
"601",0,0,0.833062613150105,1,0,2
"602",0,0,0.578978313598782,0,0,1
"603",0,1,0.478977094404399,1,0,4
"604",0,0,0.520950192585588,0,1,5
"605",0,0,0.326756290858611,0,0,1
"606",0,0,0.00817266292870045,1,0,2
"607",0,0,0.342934745363891,1,1,6
"608",1,1,0.263344885548577,1,1,8
"609",0,0,0.0991999078541994,1,1,6
"610",0,0,0.351392132230103,1,0,2
"611",0,0,0.775686697103083,1,0,2
"612",0,1,0.258835502900183,1,1,8
"613",0,0,0.746413758955896,0,0,1
"614",0,0,0.362299783388153,0,0,1
"615",0,0,0.232708175899461,0,0,1
"616",0,0,0.000345461070537567,1,0,2
"617",0,0,0.517820160835981,1,0,2
"618",0,0,0.820558126084507,0,0,1
"619",0,0,0.521152368746698,1,0,2
"620",0,0,0.501423120731488,1,1,6
"621",1,1,0.378294717520475,1,1,8
"622",0,0,0.376535170013085,1,0,2
"623",0,0,0.281020432012156,0,0,1
"624",1,0,0.0209411943797022,1,1,6
"625",0,0,0.308520519174635,0,0,1
"626",0,0,0.438230441184714,0,0,1
"627",0,0,0.970126018626615,0,0,1
"628",0,0,0.00547530525363982,1,1,6
"629",1,0,0.217481346800923,0,1,5
"630",0,0,0.519391954876482,0,0,1
"631",0,0,0.971798216924071,1,1,6
"632",0,0,0.925771574256942,1,1,6
"633",0,1,0.345523047493771,0,0,3
"634",1,1,0.607662887079641,1,0,4
"635",0,0,0.194419469451532,1,0,2
"636",0,0,0.689611356006935,1,0,2
"637",0,0,0.50502410903573,0,0,1
"638",1,1,0.853956452803686,1,0,4
"639",0,0,0.338716452242807,1,0,2
"640",0,1,0.220626744208857,0,0,3
"641",0,0,0.428397046402097,1,0,2
"642",0,0,0.0443676689174026,1,0,2
"643",0,1,0.71697262278758,0,1,7
"644",0,0,0.484402395086363,1,0,2
"645",0,0,0.175303789786994,1,1,6
"646",0,0,0.823467833688483,0,1,5
"647",0,0,0.377364638494328,1,0,2
"648",0,0,0.00501103070564568,1,0,2
"649",0,1,0.939099648268893,0,0,3
"650",0,0,0.241183656034991,0,0,1
"651",0,0,0.0332574504427612,1,0,2
"652",0,0,0.913843884831294,0,1,5
"653",0,0,0.475626943167299,1,0,2
"654",0,1,0.0329765994101763,1,1,8
"655",0,0,0.460570527240634,0,0,1
"656",0,0,0.108879594830796,0,0,1
"657",0,0,0.780012634582818,1,1,6
"658",0,0,0.832636389648542,0,0,1
"659",0,0,0.483015075093135,1,0,2
"660",0,0,0.575252590002492,0,0,1
"661",1,1,0.521638375939801,1,0,4
"662",0,0,0.642786487238482,1,0,2
"663",0,1,0.660291252890602,0,1,7
"664",0,0,0.699965045787394,0,0,1
"665",0,0,0.597505946177989,1,1,6
"666",0,0,0.247095942730084,0,0,1
"667",0,0,0.408201285637915,1,0,2
"668",0,0,0.562340877717361,1,1,6
"669",0,0,0.600253415526822,1,0,2
"670",0,1,0.208145984914154,0,0,3
"671",0,0,0.268341179005802,1,1,6
"672",0,1,0.0088229610119015,0,0,3
"673",0,0,0.123745182529092,1,1,6
"674",0,1,0.314510731957853,0,0,3
"675",0,0,0.738796349149197,1,1,6
"676",1,0,0.146616897778586,1,1,6
"677",0,1,0.31624031974934,1,0,4
"678",0,0,0.797276075230911,1,1,6
"679",0,0,0.234235122799873,0,0,1
"680",0,0,0.955367419403046,1,1,6
"681",0,0,0.122835416579619,1,0,2
"682",0,0,0.866298405686393,0,0,1
"683",0,0,0.104545857291669,0,0,1
"684",0,0,0.385611050063744,1,0,2
"685",0,1,0.744462575763464,0,1,7
"686",0,0,0.0865139677189291,0,0,1
"687",0,0,0.238115540705621,1,0,2
"688",0,1,0.882423864444718,0,0,3
"689",0,0,0.0278760432265699,1,0,2
"690",0,0,0.720450336113572,0,0,1
"691",0,0,0.28996321815066,1,0,2
"692",0,0,0.512729402631521,1,0,2
"693",0,0,0.54027567175217,1,0,2
"694",0,0,0.913788667181507,1,0,2
"695",1,1,0.192812322638929,1,0,4
"696",0,0,0.241958341561258,1,0,2
"697",0,0,0.204782144865021,1,0,2
"698",1,1,0.0668876897543669,1,0,4
"699",0,0,0.475215468322858,0,0,1
"700",0,0,0.830113683827221,1,1,6
"701",0,0,0.60332427569665,1,1,6
"702",0,0,0.604856258491054,1,0,2
"703",0,0,0.0953558636829257,1,0,2
"704",0,0,0.518153231823817,1,1,6
"705",0,0,0.181035667657852,0,0,1
"706",0,0,0.845509486971423,1,0,2
"707",0,0,0.870342123089358,1,0,2
"708",0,0,0.750297096790746,1,1,6
"709",1,1,0.340187774505466,1,1,8
"710",0,0,0.923868202604353,0,0,1
"711",0,0,0.305505845695734,0,0,1
"712",0,0,0.898458600975573,1,1,6
"713",0,0,0.878029628423974,1,1,6
"714",0,0,0.263703335076571,0,0,1
"715",0,0,0.938803930068389,0,0,1
"716",0,0,0.833504185080528,0,0,1
"717",0,0,0.378436011495069,1,1,6
"718",0,0,0.602158222813159,1,1,6
"719",0,0,0.225038975244388,0,0,1
"720",0,0,0.11004294315353,0,0,1
"721",0,0,0.0251183649525046,1,1,6
"722",1,1,0.918416468426585,1,0,4
"723",1,1,0.796488952822983,1,1,8
"724",0,0,0.614865780808032,0,0,1
"725",1,0,0.16818538447842,1,1,6
"726",0,0,0.196537030627951,0,0,1
"727",0,0,0.927745996741578,0,1,5
"728",0,0,0.654214964946732,0,1,5
"729",0,0,0.808041083626449,0,0,1
"730",0,1,0.0326240642461926,1,0,4
"731",0,0,0.269094499060884,1,0,2
"732",0,0,0.287652423605323,0,0,1
"733",0,0,0.775367617839947,1,0,2
"734",0,1,0.672280175844207,1,1,8
"735",0,0,0.343244524439797,1,0,2
"736",0,0,0.701246568467468,0,0,1
"737",0,1,0.540098446654156,1,1,8
"738",0,0,0.935301922261715,1,0,2
"739",0,1,0.307776209898293,0,1,7
"740",0,0,0.0056498481426388,1,0,2
"741",0,0,0.76853642705828,1,1,6
"742",0,0,0.335086627863348,0,0,1
"743",1,0,0.395701829809695,1,1,6
"744",0,0,0.569590522674844,1,1,6
"745",1,1,0.584922093199566,1,1,8
"746",0,0,0.408670739503577,1,0,2
"747",0,0,0.514760846970603,1,1,6
"748",0,0,0.851359214400873,0,0,1
"749",0,0,0.180498879402876,1,0,2
"750",0,0,0.259451603982598,1,1,6
"751",0,0,0.154372107470408,1,1,6
"752",0,0,0.524318266659975,1,0,2
"753",0,0,0.156696107471362,1,1,6
"754",1,1,0.53330215648748,1,1,8
"755",0,0,0.412644725991413,0,0,1
"756",0,0,0.475961739197373,0,0,1
"757",0,0,0.295139270834625,0,0,1
"758",0,1,0.676859669620171,1,0,4
"759",0,1,0.24582530464977,0,1,7
"760",0,0,0.523955433862284,1,0,2
"761",0,0,0.542609964031726,1,0,2
"762",0,1,0.776699280831963,0,0,3
"763",0,1,0.996723054442555,0,0,3
"764",0,0,0.518353071296588,0,0,1
"765",0,0,0.940611370839179,0,0,1
"766",1,0,0.563465140061453,0,1,5
"767",1,0,0.0730797229334712,0,0,1
"768",1,1,0.699216612381861,0,0,3
"769",0,0,0.698412976693362,0,0,1
"770",0,0,0.289843786973506,1,1,6
"771",0,0,0.205643021967262,1,0,2
"772",0,1,0.664131330093369,0,0,3
"773",0,0,0.0396617096848786,0,0,1
"774",0,0,0.390094147296622,1,0,2
"775",0,0,0.189385298406705,0,0,1
"776",0,0,0.878361557843164,1,1,6
"777",0,1,0.436564995441586,0,0,3
"778",0,0,0.745225011603907,1,1,6
"779",0,1,0.22559966146946,1,0,4
"780",0,0,0.251048916485161,0,0,1
"781",0,1,0.721060459734872,0,1,7
"782",0,0,0.382336524082348,1,1,6
"783",0,1,0.835000050254166,1,1,8
"784",0,1,0.392641045153141,0,0,3
"785",0,0,0.521342748077586,1,0,2
"786",0,0,0.637631065445021,1,0,2
"787",1,1,0.886838672216982,0,0,3
"788",0,0,0.558688346063718,1,1,6
"789",0,0,0.319616319611669,0,0,1
"790",0,0,0.248904166510329,1,0,2
"791",1,1,0.176297969883308,1,1,8
"792",0,0,0.45598109299317,1,0,2
"793",0,0,0.0910949762910604,0,0,1
"794",0,0,0.602547268848866,0,0,1
"795",0,1,0.990402079885826,1,0,4
"796",0,0,0.735933329444379,1,0,2
"797",0,0,0.874231457011774,0,1,5
"798",0,0,0.0135412150993943,1,0,2
"799",0,1,0.80528463399969,1,0,4
"800",0,1,0.763410821557045,1,1,8
"801",0,0,0.184692774433643,1,0,2
"802",0,1,0.352644657948986,1,0,4
"803",1,1,0.719426544383168,1,1,8
"804",0,0,0.403773002093658,1,0,2
"805",0,0,0.627348690293729,1,0,2
"806",1,0,0.654564970172942,1,0,2
"807",0,1,0.831894403789192,1,1,8
"808",0,0,0.698008437175304,1,1,6
"809",0,0,0.920530489645898,1,0,2
"810",0,0,0.504654466873035,0,0,1
"811",0,0,0.083853674121201,0,0,1
"812",1,1,0.51177404099144,1,1,8
"813",0,0,0.0356515403836966,1,0,2
"814",0,0,0.970489112427458,1,0,2
"815",0,0,0.26146185817197,0,1,5
"816",0,1,0.362477405462414,1,0,4
"817",0,1,0.74070115131326,0,0,3
"818",0,0,0.0722631595563143,0,0,1
"819",0,1,0.442026289179921,1,0,4
"820",0,0,0.370660611661151,1,1,6
"821",0,0,0.4586539757438,1,1,6
"822",0,0,0.249518526019529,0,0,1
"823",0,0,0.687475820304826,0,0,1
"824",0,0,0.689772075274959,0,0,1
"825",0,0,0.25650588539429,1,0,2
"826",0,0,0.671792417764664,1,1,6
"827",0,0,0.423700272338465,0,0,1
"828",0,0,0.585520234424621,1,0,2
"829",0,0,0.568304498679936,0,0,1
"830",0,1,0.824499369831756,0,0,3
"831",0,0,0.9292148926761,1,1,6
"832",0,0,0.158401526277885,0,0,1
"833",1,1,0.62258338346146,1,1,8
"834",1,1,0.228129427414387,1,1,8
"835",1,0,0.70701771392487,1,0,2
"836",0,0,0.27483224705793,1,1,6
"837",1,0,0.929769238922745,1,0,2
"838",0,0,0.025137796998024,1,0,2
"839",0,0,0.670811916235834,1,0,2
"840",0,0,0.556688061915338,0,0,1
"841",1,1,0.980624332791194,1,1,8
"842",0,0,0.369310023030266,0,0,1
"843",0,0,0.457757357042283,0,0,1
"844",0,0,0.656832929467782,1,0,2
"845",1,1,0.660846456652507,0,0,3
"846",0,1,0.0668198415078223,1,0,4
"847",0,0,0.611560206627473,1,0,2
"848",0,1,0.529684380860999,1,0,4
"849",0,1,0.115119116846472,1,0,4
"850",1,1,0.963556637987494,1,1,8
"851",0,0,0.746076841838658,0,0,1
"852",0,0,0.0651755870785564,0,0,1
"853",0,1,0.4725700924173,0,0,3
"854",0,1,0.682089512003586,1,0,4
"855",0,1,0.906633129576221,1,0,4
"856",0,0,0.0628393313381821,0,1,5
"857",1,0,0.491048736032099,1,0,2
"858",0,1,0.360172060085461,1,1,8
"859",0,0,0.904723506886512,0,0,1
"860",1,1,0.15433457121253,1,1,8
"861",0,1,0.534134733723477,1,0,4
"862",0,0,0.460046115331352,1,0,2
"863",0,0,0.623617095407099,0,0,1
"864",0,0,0.790803243406117,1,0,2
"865",0,0,0.826630520168692,0,0,1
"866",0,0,0.290038597071543,1,0,2
"867",0,1,0.134537163423374,1,0,4
"868",0,0,0.847719939425588,1,1,6
"869",0,0,0.909646070795134,1,0,2
"870",0,0,0.848614367423579,1,0,2
"871",0,0,0.789741562446579,0,0,1
"872",1,1,0.569017428904772,1,1,8
"873",0,0,0.857576901558787,0,1,5
"874",0,1,0.47433922952041,1,1,8
"875",0,0,0.760395980672911,0,1,5
"876",1,1,0.362674612784758,1,1,8
"877",0,0,0.933729287236929,0,0,1
"878",0,0,0.443871873896569,0,0,1
"879",0,0,0.368770461762324,1,0,2
"880",0,1,0.749416068661958,1,1,8
"881",0,0,0.0474728727713227,0,0,1
"882",0,0,0.783590908860788,1,1,6
"883",0,0,0.167808217694983,1,0,2
"884",0,1,0.227113883709535,0,0,3
"885",1,1,0.939523900160566,0,1,7
"886",0,1,0.140692132292315,0,0,3
"887",0,1,0.414049686398357,1,1,8
"888",0,0,0.0781570656690747,0,0,1
"889",0,1,0.537726239301264,1,1,8
"890",0,0,0.718186299083754,1,1,6
"891",0,0,0.365451853722334,0,0,1
"892",0,1,0.0740804041270167,1,1,8
"893",0,0,0.571630182443187,0,0,1
"894",0,1,0.722655747784302,1,0,4
"895",0,0,0.817195396171883,1,0,2
"896",0,0,0.578283477108926,1,0,2
"897",0,1,0.682507120305672,0,0,3
"898",0,1,0.412204765249044,0,0,3
"899",0,1,0.787064439849928,0,0,3
"900",0,0,0.651122801937163,1,0,2
"901",0,0,0.839805381838232,1,1,6
"902",0,0,0.211328790523112,0,0,1
"903",1,1,0.487641082610935,1,1,8
"904",0,0,0.89403790445067,0,0,1
"905",0,0,0.799837248399854,1,0,2
"906",0,0,0.0741480984725058,1,0,2
"907",0,0,0.227189355762675,1,1,6
"908",0,0,0.917719493387267,1,0,2
"909",0,0,0.159071412635967,1,0,2
"910",0,0,0.93040391872637,1,0,2
"911",0,1,0.452556290896609,1,0,4
"912",1,0,0.578222356270999,0,0,1
"913",0,0,0.155432739527896,1,1,6
"914",0,0,0.257159688742831,0,0,1
"915",0,0,0.419640608830377,1,1,6
"916",0,0,0.0423821529839188,1,0,2
"917",0,1,0.102295730262995,1,0,4
"918",0,0,0.0861519721802324,1,1,6
"919",0,0,0.254082235507667,0,1,5
"920",0,1,0.0327932487707585,1,1,8
"921",0,0,0.883788544684649,1,0,2
"922",0,0,0.128787112422287,1,0,2
"923",0,0,0.00431931670755148,1,0,2
"924",0,1,0.777651429641992,1,0,4
"925",0,0,0.626580873504281,1,0,2
"926",0,0,0.36623912747018,1,0,2
"927",0,0,0.619021612219512,1,1,6
"928",1,1,0.620119168423116,1,1,8
"929",0,0,0.844553740229458,1,0,2
"930",0,0,0.515374391106889,1,0,2
"931",0,1,0.496364688733593,0,0,3
"932",0,0,0.44853101647459,0,0,1
"933",0,1,0.640921936836094,1,0,4
"934",1,1,0.0227470588870347,1,0,4
"935",0,0,0.223601836478338,0,0,1
"936",0,0,0.666248870547861,0,0,1
"937",0,1,0.612800539005548,1,0,4
"938",1,0,0.77433639485389,0,0,1
"939",0,0,0.953022853471339,1,1,6
"940",0,0,0.0871667207684368,1,1,6
"941",0,0,0.619699057424441,1,1,6
"942",0,0,0.822284950641915,1,1,6
"943",0,0,0.00402505300007761,0,0,1
"944",0,0,0.414129731943831,1,1,6
"945",0,1,0.0573819743003696,1,0,4
"946",0,0,0.475434699095786,1,0,2
"947",1,1,0.480497075710446,1,1,8
"948",0,0,0.157960298703983,0,0,1
"949",1,1,0.179298549192026,1,1,8
"950",0,1,0.409915105905384,1,0,4
"951",0,0,0.79575767996721,0,0,1
"952",0,0,0.757825292181224,1,0,2
"953",0,1,0.233831680845469,1,1,8
"954",1,0,0.983099919045344,1,1,6
"955",0,1,0.88246207148768,0,1,7
"956",0,0,0.532862521708012,0,0,1
"957",0,0,0.596560649806634,1,0,2
"958",1,1,0.582336940569803,1,0,4
"959",0,0,0.115735303377733,1,0,2
"960",0,0,0.133063268382102,1,1,6
"961",0,0,0.796897663734853,1,0,2
"962",0,0,0.160261677810922,1,0,2
"963",0,0,0.851404484827071,1,1,6
"964",1,1,0.164742536842823,0,0,3
"965",0,0,0.825644238619134,1,1,6
"966",0,0,0.0925879408605397,1,0,2
"967",0,0,0.369445289485157,0,0,1
"968",0,0,0.384895619470626,0,0,1
"969",0,0,0.303850517142564,0,0,1
"970",0,0,0.545605248538777,1,1,6
"971",0,0,0.876973502803594,1,1,6
"972",0,0,0.976580633083358,0,0,1
"973",0,1,0.558759191306308,1,0,4
"974",0,1,0.814257062738761,1,1,8
"975",0,0,0.56475920160301,1,1,6
"976",0,0,0.766979653853923,1,0,2
"977",0,1,0.784814862301573,0,0,3
"978",1,1,0.544653719523922,1,1,8
"979",0,0,0.871821895008907,1,1,6
"980",0,0,0.876614445354789,0,0,1
"981",0,0,0.696469750488177,0,1,5
"982",0,0,0.0471382464747876,1,0,2
"983",0,0,0.174659409560263,1,0,2
"984",0,0,0.3567236403469,1,0,2
"985",0,0,0.763422532007098,0,0,1
"986",0,0,0.468094596406445,0,0,1
"987",0,0,0.460776897612959,0,0,1
"988",0,0,0.104268778348342,0,0,1
"989",1,1,0.220578205538914,0,0,3
"990",0,0,0.637322248192504,0,0,1
"991",0,1,0.112861627014354,1,0,4
"992",0,0,0.550489969085902,1,1,6
"993",0,1,0.0330824861302972,1,1,8
"994",0,0,0.573731652228162,0,0,1
"995",0,1,0.883209435036406,0,0,3
"996",0,1,0.90965790185146,0,0,3
"997",0,0,0.881287096068263,0,1,5
"998",0,0,0.329155737301335,1,1,6
"999",0,0,0.293918671552092,1,0,2
"1000",0,0,0.377095560543239,0,0,1
