trial_id,sim_cordel_id,sim_topic_id,sim_rater_id,cordel_id,topic_id,rater_id,intrusion
0,0,0,0,4,2,208,1
0,0,7,0,4,11,208,1
0,0,9,0,1,37,208,1
0,0,12,0,2,1,208,1
0,0,14,0,4,17,208,1
0,0,25,0,2,5,208,1
0,0,27,0,5,2,208,0
0,0,29,0,2,23,208,1
0,0,33,0,1,36,208,1
0,0,35,0,1,38,208,1
0,0,38,0,2,16,208,0
0,0,43,0,0,44,208,1
0,0,44,0,3,6,208,1
0,0,45,0,1,49,208,1
0,0,48,0,5,4,208,0
0,0,49,0,5,8,208,1
0,1,53,0,1,1,208,1
0,1,54,0,3,12,208,1
0,1,57,0,1,13,208,1
0,1,59,0,4,34,208,1
0,1,62,0,4,19,208,1
0,1,63,0,0,8,208,1
0,1,64,0,1,11,208,1
0,1,65,0,5,38,208,0
0,1,66,0,0,40,208,1
0,1,72,0,4,15,208,1
0,1,73,0,2,2,208,1
0,1,76,0,0,22,208,1
0,1,80,0,3,4,208,1
0,1,81,0,1,22,208,0
0,1,84,0,2,45,208,0
0,1,86,0,2,13,208,1
0,1,87,0,3,19,208,1
0,1,88,0,3,39,208,0
0,1,91,0,5,43,208,0
0,1,92,0,0,7,208,1
0,1,93,0,5,31,208,0
0,1,98,0,1,36,208,1
0,0,3,1,5,5,174,0
0,0,4,1,5,17,174,1
0,0,10,1,5,13,174,1
0,0,15,1,1,24,174,1
0,0,20,1,0,39,174,1
0,0,22,1,4,2,174,1
0,0,24,1,4,41,174,1
0,0,31,1,2,13,174,1
0,0,32,1,0,11,174,1
0,0,34,1,5,4,174,1
0,0,39,1,0,47,174,1
0,0,41,1,4,0,174,0
0,0,44,1,3,6,174,1
0,0,49,1,5,8,174,1
0,1,50,1,3,29,174,1
0,1,53,1,1,1,174,0
0,1,54,1,3,12,174,1
0,1,57,1,1,13,174,1
0,1,58,1,1,32,174,1
0,1,60,1,1,22,174,1
0,1,61,1,4,21,174,1
0,1,62,1,4,19,174,1
0,1,67,1,3,48,174,1
0,1,68,1,0,38,174,0
0,1,70,1,1,17,174,0
0,1,71,1,4,2,174,1
0,1,72,1,4,15,174,1
0,1,73,1,2,2,174,1
0,1,74,1,4,4,174,1
0,1,75,1,3,3,174,0
0,1,81,1,1,22,174,1
0,1,87,1,3,19,174,1
0,1,88,1,3,39,174,1
0,1,90,1,1,7,174,1
0,1,91,1,5,43,174,1
0,1,94,1,5,33,174,1
0,1,95,1,0,39,174,0
0,1,97,1,0,42,174,0
0,0,0,2,4,2,226,0
0,0,2,2,0,3,226,1
0,0,12,2,2,1,226,1
0,0,13,2,0,49,226,0
0,0,14,2,4,17,226,1
0,0,15,2,1,24,226,1
0,0,17,2,5,18,226,1
0,0,21,2,5,30,226,1
0,0,24,2,4,41,226,1
0,0,25,2,2,5,226,0
0,0,28,2,2,48,226,1
0,0,32,2,0,11,226,0
0,0,33,2,1,36,226,1
0,0,44,2,3,6,226,1
0,0,48,2,5,4,226,0
0,1,50,2,3,29,226,1
0,1,52,2,2,36,226,1
0,1,53,2,1,1,226,1
0,1,55,2,4,16,226,1
0,1,57,2,1,13,226,1
0,1,59,2,4,34,226,0
0,1,60,2,1,22,226,1
0,1,61,2,4,21,226,1
0,1,65,2,5,38,226,0
0,1,66,2,0,40,226,1
0,1,68,2,0,38,226,1
0,1,69,2,3,16,226,1
0,1,73,2,2,2,226,0
0,1,76,2,0,22,226,1
0,1,79,2,1,46,226,1
0,1,82,2,2,27,226,1
0,1,86,2,2,13,226,0
0,1,87,2,3,19,226,1
0,1,89,2,5,31,226,0
0,1,92,2,0,7,226,1
0,1,94,2,5,33,226,0
0,1,97,2,0,42,226,0
0,1,98,2,1,36,226,1
0,0,0,3,4,2,319,0
0,0,2,3,0,3,319,1
0,0,3,3,5,5,319,1
0,0,5,3,5,36,319,0
0,0,6,3,3,2,319,1
0,0,12,3,2,1,319,1
0,0,14,3,4,17,319,0
0,0,15,3,1,24,319,1
0,0,19,3,1,17,319,1
0,0,20,3,0,39,319,1
0,0,21,3,5,30,319,0
0,0,22,3,4,2,319,0
0,0,23,3,0,6,319,1
0,0,24,3,4,41,319,1
0,0,25,3,2,5,319,0
0,0,27,3,5,2,319,1
0,0,43,3,0,44,319,0
0,0,44,3,3,6,319,1
0,0,46,3,2,11,319,1
0,0,47,3,3,27,319,1
0,0,48,3,5,4,319,0
0,0,49,3,5,8,319,1
0,1,54,3,3,12,319,1
0,1,56,3,2,25,319,0
0,1,58,3,1,32,319,1
0,1,59,3,4,34,319,0
0,1,60,3,1,22,319,1
0,1,62,3,4,19,319,1
0,1,65,3,5,38,319,0
0,1,69,3,3,16,319,1
0,1,73,3,2,2,319,1
0,1,75,3,3,3,319,1
0,1,84,3,2,45,319,1
0,1,89,3,5,31,319,1
0,1,90,3,1,7,319,1
0,1,94,3,5,33,319,0
0,1,96,3,1,46,319,0
0,1,97,3,0,42,319,1
0,0,1,4,2,33,214,1
0,0,3,4,5,5,214,0
0,0,7,4,4,11,214,1
0,0,9,4,1,37,214,1
0,0,11,4,0,41,214,0
0,0,12,4,2,1,214,1
0,0,14,4,4,17,214,0
0,0,15,4,1,24,214,1
0,0,25,4,2,5,214,1
0,0,26,4,0,22,214,1
0,0,27,4,5,2,214,0
0,0,29,4,2,23,214,1
0,0,32,4,0,11,214,1
0,0,33,4,1,36,214,1
0,0,34,4,5,4,214,1
0,0,37,4,1,8,214,1
0,0,40,4,3,38,214,0
0,0,41,4,4,0,214,0
0,0,42,4,5,7,214,1
0,0,43,4,0,44,214,0
0,0,46,4,2,11,214,1
0,0,47,4,3,27,214,1
0,1,50,4,3,29,214,1
0,1,51,4,5,41,214,1
0,1,57,4,1,13,214,1
0,1,60,4,1,22,214,1
0,1,68,4,0,38,214,1
0,1,69,4,3,16,214,1
0,1,71,4,4,2,214,0
0,1,72,4,4,15,214,1
0,1,74,4,4,4,214,1
0,1,81,4,1,22,214,1
0,1,82,4,2,27,214,1
0,1,83,4,3,39,214,1
0,1,86,4,2,13,214,1
0,1,90,4,1,7,214,0
0,1,92,4,0,7,214,1
0,1,99,4,5,20,214,0
0,0,2,5,0,3,120,1
0,0,6,5,3,2,120,0
0,0,7,5,4,11,120,1
0,0,9,5,1,37,120,1
0,0,13,5,0,49,120,1
0,0,14,5,4,17,120,1
0,0,15,5,1,24,120,1
0,0,16,5,1,16,120,0
0,0,17,5,5,18,120,1
0,0,22,5,4,2,120,1
0,0,23,5,0,6,120,0
0,0,25,5,2,5,120,0
0,0,26,5,0,22,120,1
0,0,28,5,2,48,120,1
0,0,29,5,2,23,120,1
0,0,31,5,2,13,120,1
0,0,32,5,0,11,120,1
0,0,33,5,1,36,120,1
0,0,38,5,2,16,120,0
0,0,40,5,3,38,120,0
0,0,42,5,5,7,120,1
0,0,43,5,0,44,120,1
0,1,51,5,5,41,120,0
0,1,52,5,2,36,120,1
0,1,54,5,3,12,120,1
0,1,55,5,4,16,120,0
0,1,59,5,4,34,120,1
0,1,61,5,4,21,120,1
0,1,62,5,4,19,120,0
0,1,64,5,1,11,120,1
0,1,69,5,3,16,120,1
0,1,71,5,4,2,120,1
0,1,72,5,4,15,120,1
0,1,75,5,3,3,120,0
0,1,79,5,1,46,120,1
0,1,83,5,3,39,120,1
0,1,84,5,2,45,120,1
0,1,91,5,5,43,120,1
0,0,8,6,4,30,188,0
0,0,9,6,1,37,188,1
0,0,11,6,0,41,188,0
0,0,13,6,0,49,188,1
0,0,14,6,4,17,188,0
0,0,17,6,5,18,188,1
0,0,18,6,4,40,188,1
0,0,19,6,1,17,188,1
0,0,20,6,0,39,188,0
0,0,24,6,4,41,188,1
0,0,28,6,2,48,188,1
0,0,32,6,0,11,188,1
0,0,33,6,1,36,188,1
0,0,41,6,4,0,188,0
0,0,42,6,5,7,188,1
0,0,45,6,1,49,188,0
0,0,48,6,5,4,188,0
0,1,53,6,1,1,188,1
0,1,57,6,1,13,188,1
0,1,60,6,1,22,188,0
0,1,61,6,4,21,188,1
0,1,62,6,4,19,188,0
0,1,64,6,1,11,188,0
0,1,65,6,5,38,188,1
0,1,66,6,0,40,188,1
0,1,67,6,3,48,188,1
0,1,72,6,4,15,188,1
0,1,73,6,2,2,188,1
0,1,74,6,4,4,188,0
0,1,75,6,3,3,188,1
0,1,76,6,0,22,188,1
0,1,77,6,4,1,188,1
0,1,80,6,3,4,188,0
0,1,86,6,2,13,188,0
0,1,90,6,1,7,188,0
0,1,91,6,5,43,188,0
0,1,92,6,0,7,188,1
0,1,96,6,1,46,188,1
0,0,0,7,4,2,242,1
0,0,2,7,0,3,242,1
0,0,6,7,3,2,242,0
0,0,7,7,4,11,242,1
0,0,9,7,1,37,242,1
0,0,17,7,5,18,242,1
0,0,24,7,4,41,242,1
0,0,27,7,5,2,242,1
0,0,29,7,2,23,242,1
0,0,35,7,1,38,242,1
0,0,37,7,1,8,242,1
0,0,38,7,2,16,242,0
0,0,39,7,0,47,242,1
0,0,41,7,4,0,242,0
0,0,42,7,5,7,242,1
0,0,43,7,0,44,242,1
0,0,44,7,3,6,242,1
0,0,46,7,2,11,242,1
0,1,50,7,3,29,242,1
0,1,51,7,5,41,242,0
0,1,52,7,2,36,242,1
0,1,56,7,2,25,242,0
0,1,59,7,4,34,242,1
0,1,64,7,1,11,242,1
0,1,65,7,5,38,242,0
0,1,66,7,0,40,242,1
0,1,67,7,3,48,242,1
0,1,68,7,0,38,242,1
0,1,69,7,3,16,242,1
0,1,72,7,4,15,242,1
0,1,74,7,4,4,242,0
0,1,80,7,3,4,242,1
0,1,83,7,3,39,242,1
0,1,85,7,5,12,242,1
0,1,87,7,3,19,242,1
0,1,88,7,3,39,242,1
0,1,95,7,0,39,242,0
0,1,97,7,0,42,242,0
0,0,0,8,4,2,215,1
0,0,5,8,5,36,215,1
0,0,13,8,0,49,215,1
0,0,14,8,4,17,215,1
0,0,17,8,5,18,215,1
0,0,18,8,4,40,215,1
0,0,21,8,5,30,215,1
0,0,22,8,4,2,215,0
0,0,24,8,4,41,215,1
0,0,25,8,2,5,215,1
0,0,27,8,5,2,215,1
0,0,28,8,2,48,215,1
0,0,29,8,2,23,215,1
0,0,30,8,5,26,215,1
0,0,33,8,1,36,215,1
0,0,39,8,0,47,215,1
0,0,40,8,3,38,215,0
0,0,42,8,5,7,215,1
0,0,46,8,2,11,215,1
0,0,47,8,3,27,215,1
0,1,50,8,3,29,215,1
0,1,52,8,2,36,215,1
0,1,56,8,2,25,215,1
0,1,58,8,1,32,215,1
0,1,61,8,4,21,215,1
0,1,63,8,0,8,215,1
0,1,66,8,0,40,215,1
0,1,67,8,3,48,215,1
0,1,73,8,2,2,215,1
0,1,75,8,3,3,215,0
0,1,79,8,1,46,215,1
0,1,81,8,1,22,215,1
0,1,83,8,3,39,215,0
0,1,87,8,3,19,215,1
0,1,89,8,5,31,215,1
0,1,95,8,0,39,215,1
0,1,97,8,0,42,215,1
0,1,98,8,1,36,215,1
0,0,2,9,0,3,285,1
0,0,3,9,5,5,285,1
0,0,6,9,3,2,285,1
0,0,8,9,4,30,285,1
0,0,9,9,1,37,285,1
0,0,11,9,0,41,285,1
0,0,12,9,2,1,285,1
0,0,13,9,0,49,285,1
0,0,14,9,4,17,285,1
0,0,20,9,0,39,285,1
0,0,21,9,5,30,285,1
0,0,22,9,4,2,285,0
0,0,24,9,4,41,285,1
0,0,25,9,2,5,285,1
0,0,30,9,5,26,285,1
0,0,31,9,2,13,285,1
0,0,36,9,5,28,285,0
0,0,37,9,1,8,285,1
0,0,41,9,4,0,285,0
0,0,43,9,0,44,285,0
0,0,45,9,1,49,285,1
0,0,46,9,2,11,285,1
0,0,47,9,3,27,285,1
0,0,48,9,5,4,285,1
0,0,49,9,5,8,285,0
0,1,56,9,2,25,285,1
0,1,57,9,1,13,285,1
0,1,59,9,4,34,285,1
0,1,62,9,4,19,285,1
0,1,67,9,3,48,285,0
0,1,72,9,4,15,285,1
0,1,74,9,4,4,285,0
0,1,79,9,1,46,285,1
0,1,88,9,3,39,285,1
0,1,91,9,5,43,285,1
0,1,94,9,5,33,285,0
0,1,97,9,0,42,285,1
0,1,98,9,1,36,285,1
0,0,1,10,2,33,154,0
0,0,2,10,0,3,154,1
0,0,3,10,5,5,154,1
0,0,4,10,5,17,154,0
0,0,6,10,3,2,154,0
0,0,7,10,4,11,154,1
0,0,13,10,0,49,154,1
0,0,14,10,4,17,154,0
0,0,20,10,0,39,154,0
0,0,22,10,4,2,154,1
0,0,26,10,0,22,154,0
0,0,27,10,5,2,154,0
0,0,31,10,2,13,154,1
0,0,32,10,0,11,154,0
0,0,33,10,1,36,154,1
0,0,40,10,3,38,154,0
0,1,51,10,5,41,154,0
0,1,52,10,2,36,154,1
0,1,54,10,3,12,154,1
0,1,56,10,2,25,154,1
0,1,57,10,1,13,154,1
0,1,59,10,4,34,154,1
0,1,60,10,1,22,154,1
0,1,64,10,1,11,154,1
0,1,66,10,0,40,154,1
0,1,69,10,3,16,154,1
0,1,70,10,1,17,154,0
0,1,71,10,4,2,154,1
0,1,75,10,3,3,154,0
0,1,77,10,4,1,154,1
0,1,79,10,1,46,154,1
0,1,83,10,3,39,154,1
0,1,86,10,2,13,154,1
0,1,88,10,3,39,154,0
0,1,90,10,1,7,154,0
0,1,92,10,0,7,154,0
0,1,93,10,5,31,154,1
0,1,96,10,1,46,154,1
0,0,0,11,4,2,110,0
0,0,1,11,2,33,110,1
0,0,3,11,5,5,110,1
0,0,7,11,4,11,110,0
0,0,13,11,0,49,110,1
0,0,16,11,1,16,110,1
0,0,17,11,5,18,110,1
0,0,19,11,1,17,110,0
0,0,23,11,0,6,110,1
0,0,26,11,0,22,110,1
0,0,31,11,2,13,110,1
0,0,32,11,0,11,110,0
0,0,35,11,1,38,110,1
0,0,36,11,5,28,110,0
0,0,40,11,3,38,110,0
0,0,41,11,4,0,110,0
0,0,44,11,3,6,110,1
0,0,47,11,3,27,110,1
0,0,48,11,5,4,110,0
0,1,52,11,2,36,110,1
0,1,53,11,1,1,110,1
0,1,55,11,4,16,110,0
0,1,57,11,1,13,110,1
0,1,58,11,1,32,110,1
0,1,63,11,0,8,110,0
0,1,64,11,1,11,110,1
0,1,65,11,5,38,110,0
0,1,66,11,0,40,110,1
0,1,67,11,3,48,110,0
0,1,74,11,4,4,110,1
0,1,79,11,1,46,110,1
0,1,80,11,3,4,110,0
0,1,84,11,2,45,110,0
0,1,85,11,5,12,110,1
0,1,87,11,3,19,110,0
0,1,93,11,5,31,110,0
0,1,95,11,0,39,110,0
0,1,99,11,5,20,110,1
0,0,0,12,4,2,60,1
0,0,1,12,2,33,60,1
0,0,7,12,4,11,60,1
0,0,11,12,0,41,60,0
0,0,14,12,4,17,60,1
0,0,17,12,5,18,60,1
0,0,19,12,1,17,60,1
0,0,21,12,5,30,60,0
0,0,23,12,0,6,60,1
0,0,25,12,2,5,60,1
0,0,26,12,0,22,60,1
0,0,27,12,5,2,60,1
0,0,28,12,2,48,60,1
0,0,30,12,5,26,60,0
0,0,35,12,1,38,60,1
0,0,36,12,5,28,60,1
0,0,40,12,3,38,60,0
0,0,45,12,1,49,60,0
0,0,47,12,3,27,60,1
0,1,50,12,3,29,60,1
0,1,51,12,5,41,60,0
0,1,58,12,1,32,60,1
0,1,62,12,4,19,60,1
0,1,63,12,0,8,60,0
0,1,65,12,5,38,60,0
0,1,67,12,3,48,60,0
0,1,76,12,0,22,60,1
0,1,77,12,4,1,60,1
0,1,80,12,3,4,60,0
0,1,81,12,1,22,60,1
0,1,82,12,2,27,60,0
0,1,83,12,3,39,60,1
0,1,88,12,3,39,60,1
0,1,91,12,5,43,60,1
0,1,93,12,5,31,60,0
0,1,94,12,5,33,60,0
0,1,96,12,1,46,60,1
0,1,99,12,5,20,60,1
0,0,1,13,2,33,166,0
0,0,4,13,5,17,166,0
0,0,8,13,4,30,166,1
0,0,9,13,1,37,166,1
0,0,10,13,5,13,166,1
0,0,13,13,0,49,166,0
0,0,15,13,1,24,166,1
0,0,17,13,5,18,166,1
0,0,18,13,4,40,166,1
0,0,20,13,0,39,166,1
0,0,22,13,4,2,166,0
0,0,24,13,4,41,166,1
0,0,27,13,5,2,166,0
0,0,29,13,2,23,166,1
0,0,34,13,5,4,166,1
0,0,35,13,1,38,166,1
0,0,36,13,5,28,166,0
0,0,44,13,3,6,166,1
0,0,45,13,1,49,166,0
0,0,48,13,5,4,166,1
0,0,49,13,5,8,166,0
0,1,52,13,2,36,166,1
0,1,56,13,2,25,166,1
0,1,58,13,1,32,166,1
0,1,59,13,4,34,166,1
0,1,65,13,5,38,166,0
0,1,69,13,3,16,166,1
0,1,71,13,4,2,166,0
0,1,72,13,4,15,166,1
0,1,73,13,2,2,166,1
0,1,77,13,4,1,166,0
0,1,79,13,1,46,166,1
0,1,81,13,1,22,166,1
0,1,85,13,5,12,166,1
0,1,87,13,3,19,166,1
0,1,88,13,3,39,166,0
0,1,94,13,5,33,166,0
0,1,98,13,1,36,166,1
0,0,6,14,3,2,215,1
0,0,9,14,1,37,215,1
0,0,11,14,0,41,215,1
0,0,13,14,0,49,215,1
0,0,16,14,1,16,215,1
0,0,17,14,5,18,215,1
0,0,19,14,1,17,215,1
0,0,23,14,0,6,215,1
0,0,25,14,2,5,215,1
0,0,32,14,0,11,215,0
0,0,33,14,1,36,215,1
0,0,35,14,1,38,215,1
0,0,37,14,1,8,215,1
0,0,38,14,2,16,215,0
0,0,44,14,3,6,215,1
0,0,45,14,1,49,215,0
0,0,46,14,2,11,215,1
0,1,50,14,3,29,215,1
0,1,51,14,5,41,215,1
0,1,53,14,1,1,215,1
0,1,58,14,1,32,215,0
0,1,59,14,4,34,215,0
0,1,62,14,4,19,215,1
0,1,63,14,0,8,215,1
0,1,64,14,1,11,215,1
0,1,65,14,5,38,215,0
0,1,67,14,3,48,215,1
0,1,69,14,3,16,215,1
0,1,74,14,4,4,215,1
0,1,77,14,4,1,215,1
0,1,82,14,2,27,215,1
0,1,83,14,3,39,215,1
0,1,84,14,2,45,215,1
0,1,87,14,3,19,215,1
0,1,91,14,5,43,215,1
0,1,93,14,5,31,215,0
0,1,96,14,1,46,215,1
0,1,98,14,1,36,215,1
0,0,0,15,4,2,116,0
0,0,1,15,2,33,116,1
0,0,3,15,5,5,116,0
0,0,4,15,5,17,116,0
0,0,6,15,3,2,116,1
0,0,9,15,1,37,116,1
0,0,13,15,0,49,116,1
0,0,15,15,1,24,116,1
0,0,17,15,5,18,116,1
0,0,18,15,4,40,116,1
0,0,19,15,1,17,116,1
0,0,22,15,4,2,116,0
0,0,24,15,4,41,116,1
0,0,25,15,2,5,116,0
0,0,35,15,1,38,116,1
0,0,37,15,1,8,116,1
0,0,41,15,4,0,116,1
0,0,43,15,0,44,116,1
0,0,44,15,3,6,116,1
0,0,48,15,5,4,116,1
0,0,49,15,5,8,116,1
0,1,55,15,4,16,116,0
0,1,60,15,1,22,116,1
0,1,62,15,4,19,116,1
0,1,63,15,0,8,116,0
0,1,73,15,2,2,116,0
0,1,80,15,3,4,116,0
0,1,82,15,2,27,116,1
0,1,83,15,3,39,116,0
0,1,84,15,2,45,116,1
0,1,86,15,2,13,116,1
0,1,87,15,3,19,116,1
0,1,88,15,3,39,116,1
0,1,89,15,5,31,116,1
0,1,92,15,0,7,116,1
0,1,96,15,1,46,116,1
0,1,98,15,1,36,116,1
0,1,99,15,5,20,116,1
0,0,0,16,4,2,304,0
0,0,1,16,2,33,304,1
0,0,5,16,5,36,304,0
0,0,9,16,1,37,304,1
0,0,10,16,5,13,304,1
0,0,11,16,0,41,304,1
0,0,14,16,4,17,304,0
0,0,15,16,1,24,304,1
0,0,19,16,1,17,304,1
0,0,23,16,0,6,304,0
0,0,31,16,2,13,304,1
0,0,33,16,1,36,304,1
0,0,34,16,5,4,304,1
0,0,35,16,1,38,304,1
0,0,37,16,1,8,304,1
0,0,41,16,4,0,304,0
0,0,44,16,3,6,304,1
0,0,47,16,3,27,304,1
0,1,52,16,2,36,304,1
0,1,54,16,3,12,304,0
0,1,55,16,4,16,304,0
0,1,58,16,1,32,304,1
0,1,60,16,1,22,304,1
0,1,63,16,0,8,304,1
0,1,64,16,1,11,304,1
0,1,66,16,0,40,304,1
0,1,67,16,3,48,304,0
0,1,69,16,3,16,304,1
0,1,78,16,1,25,304,1
0,1,83,16,3,39,304,1
0,1,85,16,5,12,304,1
0,1,86,16,2,13,304,1
0,1,89,16,5,31,304,0
0,1,90,16,1,7,304,1
0,1,93,16,5,31,304,0
0,1,94,16,5,33,304,0
0,1,97,16,0,42,304,0
0,1,99,16,5,20,304,1
0,0,3,17,5,5,209,1
0,0,5,17,5,36,209,1
0,0,8,17,4,30,209,0
0,0,9,17,1,37,209,1
0,0,19,17,1,17,209,0
0,0,21,17,5,30,209,1
0,0,24,17,4,41,209,1
0,0,26,17,0,22,209,1
0,0,32,17,0,11,209,0
0,0,33,17,1,36,209,1
0,0,36,17,5,28,209,1
0,0,38,17,2,16,209,0
0,0,39,17,0,47,209,1
0,0,40,17,3,38,209,0
0,0,41,17,4,0,209,0
0,0,42,17,5,7,209,1
0,0,47,17,3,27,209,1
0,0,48,17,5,4,209,1
0,1,52,17,2,36,209,1
0,1,57,17,1,13,209,1
0,1,58,17,1,32,209,1
0,1,60,17,1,22,209,1
0,1,61,17,4,21,209,1
0,1,63,17,0,8,209,1
0,1,66,17,0,40,209,1
0,1,69,17,3,16,209,1
0,1,70,17,1,17,209,1
0,1,72,17,4,15,209,1
0,1,77,17,4,1,209,1
0,1,82,17,2,27,209,1
0,1,83,17,3,39,209,1
0,1,85,17,5,12,209,1
0,1,86,17,2,13,209,1
0,1,88,17,3,39,209,1
0,1,94,17,5,33,209,1
0,1,95,17,0,39,209,1
0,1,98,17,1,36,209,1
0,1,99,17,5,20,209,1
0,0,0,18,4,2,112,0
0,0,2,18,0,3,112,1
0,0,4,18,5,17,112,0
0,0,7,18,4,11,112,1
0,0,13,18,0,49,112,1
0,0,14,18,4,17,112,1
0,0,16,18,1,16,112,0
0,0,17,18,5,18,112,1
0,0,21,18,5,30,112,0
0,0,22,18,4,2,112,0
0,0,27,18,5,2,112,0
0,0,29,18,2,23,112,0
0,0,32,18,0,11,112,0
0,0,34,18,5,4,112,0
0,0,37,18,1,8,112,0
0,0,40,18,3,38,112,0
0,0,41,18,4,0,112,0
0,0,44,18,3,6,112,1
0,1,55,18,4,16,112,0
0,1,56,18,2,25,112,1
0,1,57,18,1,13,112,1
0,1,62,18,4,19,112,1
0,1,64,18,1,11,112,0
0,1,71,18,4,2,112,0
0,1,74,18,4,4,112,0
0,1,75,18,3,3,112,0
0,1,78,18,1,25,112,0
0,1,79,18,1,46,112,1
0,1,81,18,1,22,112,1
0,1,82,18,2,27,112,0
0,1,84,18,2,45,112,0
0,1,85,18,5,12,112,1
0,1,86,18,2,13,112,1
0,1,89,18,5,31,112,0
0,1,90,18,1,7,112,0
0,1,91,18,5,43,112,0
0,1,93,18,5,31,112,0
0,1,98,18,1,36,112,1
0,0,1,19,2,33,155,0
0,0,6,19,3,2,155,0
0,0,7,19,4,11,155,1
0,0,9,19,1,37,155,1
0,0,12,19,2,1,155,0
0,0,16,19,1,16,155,1
0,0,17,19,5,18,155,1
0,0,19,19,1,17,155,0
0,0,20,19,0,39,155,0
0,0,21,19,5,30,155,0
0,0,27,19,5,2,155,1
0,0,28,19,2,48,155,1
0,0,30,19,5,26,155,0
0,0,31,19,2,13,155,1
0,0,32,19,0,11,155,1
0,0,34,19,5,4,155,1
0,0,35,19,1,38,155,1
0,0,40,19,3,38,155,1
0,0,41,19,4,0,155,1
0,0,42,19,5,7,155,1
0,0,44,19,3,6,155,1
0,1,57,19,1,13,155,1
0,1,58,19,1,32,155,1
0,1,61,19,4,21,155,1
0,1,62,19,4,19,155,1
0,1,63,19,0,8,155,0
0,1,66,19,0,40,155,1
0,1,72,19,4,15,155,1
0,1,73,19,2,2,155,1
0,1,75,19,3,3,155,1
0,1,80,19,3,4,155,1
0,1,83,19,3,39,155,1
0,1,84,19,2,45,155,0
0,1,88,19,3,39,155,1
0,1,91,19,5,43,155,0
0,1,92,19,0,7,155,1
0,1,94,19,5,33,155,0
0,1,97,19,0,42,155,1
0,0,3,20,5,5,268,1
0,0,4,20,5,17,268,1
0,0,5,20,5,36,268,1
0,0,6,20,3,2,268,1
0,0,10,20,5,13,268,1
0,0,11,20,0,41,268,1
0,0,15,20,1,24,268,1
0,0,16,20,1,16,268,1
0,0,23,20,0,6,268,0
0,0,24,20,4,41,268,1
0,0,27,20,5,2,268,1
0,0,28,20,2,48,268,1
0,0,30,20,5,26,268,0
0,0,37,20,1,8,268,1
0,0,42,20,5,7,268,1
0,0,44,20,3,6,268,1
0,0,45,20,1,49,268,0
0,1,50,20,3,29,268,1
0,1,51,20,5,41,268,0
0,1,52,20,2,36,268,1
0,1,56,20,2,25,268,1
0,1,57,20,1,13,268,1
0,1,58,20,1,32,268,1
0,1,59,20,4,34,268,1
0,1,60,20,1,22,268,1
0,1,66,20,0,40,268,1
0,1,67,20,3,48,268,0
0,1,70,20,1,17,268,0
0,1,71,20,4,2,268,0
0,1,72,20,4,15,268,1
0,1,73,20,2,2,268,1
0,1,77,20,4,1,268,1
0,1,84,20,2,45,268,1
0,1,86,20,2,13,268,0
0,1,87,20,3,19,268,1
0,1,88,20,3,39,268,1
0,1,91,20,5,43,268,1
0,1,95,20,0,39,268,1
0,0,0,21,4,2,289,0
0,0,6,21,3,2,289,0
0,0,7,21,4,11,289,1
0,0,9,21,1,37,289,1
0,0,16,21,1,16,289,0
0,0,17,21,5,18,289,1
0,0,18,21,4,40,289,0
0,0,21,21,5,30,289,0
0,0,22,21,4,2,289,1
0,0,26,21,0,22,289,1
0,0,29,21,2,23,289,1
0,0,31,21,2,13,289,1
0,0,32,21,0,11,289,0
0,0,34,21,5,4,289,0
0,0,36,21,5,28,289,1
0,0,37,21,1,8,289,1
0,0,39,21,0,47,289,1
0,0,40,21,3,38,289,1
0,1,50,21,3,29,289,1
0,1,54,21,3,12,289,1
0,1,55,21,4,16,289,1
0,1,59,21,4,34,289,1
0,1,60,21,1,22,289,1
0,1,61,21,4,21,289,1
0,1,64,21,1,11,289,1
0,1,66,21,0,40,289,1
0,1,70,21,1,17,289,0
0,1,74,21,4,4,289,0
0,1,76,21,0,22,289,1
0,1,77,21,4,1,289,1
0,1,78,21,1,25,289,0
0,1,80,21,3,4,289,1
0,1,87,21,3,19,289,0
0,1,88,21,3,39,289,0
0,1,89,21,5,31,289,0
0,1,90,21,1,7,289,0
0,1,95,21,0,39,289,1
0,1,96,21,1,46,289,0
0,0,1,22,2,33,309,1
0,0,3,22,5,5,309,0
0,0,6,22,3,2,309,1
0,0,8,22,4,30,309,0
0,0,9,22,1,37,309,1
0,0,10,22,5,13,309,0
0,0,13,22,0,49,309,0
0,0,15,22,1,24,309,0
0,0,16,22,1,16,309,0
0,0,17,22,5,18,309,1
0,0,21,22,5,30,309,0
0,0,22,22,4,2,309,0
0,0,23,22,0,6,309,1
0,0,26,22,0,22,309,0
0,0,29,22,2,23,309,1
0,0,36,22,5,28,309,0
0,0,38,22,2,16,309,1
0,0,39,22,0,47,309,0
0,0,40,22,3,38,309,1
0,0,44,22,3,6,309,1
0,0,49,22,5,8,309,1
0,1,50,22,3,29,309,1
0,1,52,22,2,36,309,1
0,1,55,22,4,16,309,0
0,1,59,22,4,34,309,0
0,1,62,22,4,19,309,1
0,1,68,22,0,38,309,1
0,1,70,22,1,17,309,1
0,1,72,22,4,15,309,1
0,1,75,22,3,3,309,0
0,1,76,22,0,22,309,0
0,1,77,22,4,1,309,1
0,1,82,22,2,27,309,1
0,1,90,22,1,7,309,1
0,1,93,22,5,31,309,0
0,1,94,22,5,33,309,1
0,1,96,22,1,46,309,1
0,1,97,22,0,42,309,0
0,0,2,23,0,3,239,1
0,0,4,23,5,17,239,0
0,0,6,23,3,2,239,1
0,0,10,23,5,13,239,1
0,0,12,23,2,1,239,1
0,0,15,23,1,24,239,1
0,0,17,23,5,18,239,1
0,0,18,23,4,40,239,0
0,0,19,23,1,17,239,1
0,0,23,23,0,6,239,1
0,0,24,23,4,41,239,1
0,0,25,23,2,5,239,1
0,0,31,23,2,13,239,1
0,0,37,23,1,8,239,1
0,0,42,23,5,7,239,1
0,0,45,23,1,49,239,1
0,0,46,23,2,11,239,1
0,0,49,23,5,8,239,1
0,1,50,23,3,29,239,1
0,1,51,23,5,41,239,0
0,1,53,23,1,1,239,1
0,1,56,23,2,25,239,0
0,1,57,23,1,13,239,1
0,1,71,23,4,2,239,0
0,1,72,23,4,15,239,1
0,1,73,23,2,2,239,0
0,1,74,23,4,4,239,0
0,1,75,23,3,3,239,1
0,1,76,23,0,22,239,1
0,1,77,23,4,1,239,1
0,1,79,23,1,46,239,1
0,1,80,23,3,4,239,1
0,1,83,23,3,39,239,0
0,1,86,23,2,13,239,1
0,1,90,23,1,7,239,1
0,1,96,23,1,46,239,1
0,1,97,23,0,42,239,0
0,1,98,23,1,36,239,1
0,0,0,24,4,2,267,1
0,0,4,24,5,17,267,1
0,0,5,24,5,36,267,0
0,0,8,24,4,30,267,1
0,0,13,24,0,49,267,1
0,0,14,24,4,17,267,0
0,0,17,24,5,18,267,1
0,0,24,24,4,41,267,0
0,0,25,24,2,5,267,1
0,0,28,24,2,48,267,1
0,0,29,24,2,23,267,1
0,0,31,24,2,13,267,1
0,0,32,24,0,11,267,0
0,0,35,24,1,38,267,1
0,0,41,24,4,0,267,1
0,0,46,24,2,11,267,1
0,0,48,24,5,4,267,1
0,1,50,24,3,29,267,1
0,1,51,24,5,41,267,0
0,1,52,24,2,36,267,1
0,1,55,24,4,16,267,1
0,1,56,24,2,25,267,1
0,1,59,24,4,34,267,1
0,1,61,24,4,21,267,1
0,1,67,24,3,48,267,0
0,1,71,24,4,2,267,0
0,1,74,24,4,4,267,1
0,1,76,24,0,22,267,0
0,1,81,24,1,22,267,1
0,1,83,24,3,39,267,0
0,1,85,24,5,12,267,1
0,1,86,24,2,13,267,0
0,1,88,24,3,39,267,0
0,1,89,24,5,31,267,0
0,1,90,24,1,7,267,1
0,1,91,24,5,43,267,0
0,1,93,24,5,31,267,0
0,1,94,24,5,33,267,0
0,0,1,25,2,33,71,0
0,0,2,25,0,3,71,1
0,0,8,25,4,30,71,1
0,0,11,25,0,41,71,1
0,0,14,25,4,17,71,0
0,0,15,25,1,24,71,1
0,0,26,25,0,22,71,1
0,0,28,25,2,48,71,0
0,0,32,25,0,11,71,1
0,0,34,25,5,4,71,0
0,0,39,25,0,47,71,1
0,0,42,25,5,7,71,1
0,0,43,25,0,44,71,0
0,0,48,25,5,4,71,1
0,1,51,25,5,41,71,0
0,1,52,25,2,36,71,1
0,1,54,25,3,12,71,1
0,1,55,25,4,16,71,1
0,1,56,25,2,25,71,1
0,1,57,25,1,13,71,1
0,1,63,25,0,8,71,1
0,1,64,25,1,11,71,1
0,1,65,25,5,38,71,0
0,1,66,25,0,40,71,1
0,1,68,25,0,38,71,0
0,1,70,25,1,17,71,1
0,1,71,25,4,2,71,0
0,1,72,25,4,15,71,1
0,1,74,25,4,4,71,0
0,1,76,25,0,22,71,0
0,1,77,25,4,1,71,1
0,1,78,25,1,25,71,0
0,1,80,25,3,4,71,0
0,1,81,25,1,22,71,1
0,1,85,25,5,12,71,1
0,1,95,25,0,39,71,1
0,1,97,25,0,42,71,0
0,1,98,25,1,36,71,0
0,0,4,26,5,17,88,0
0,0,6,26,3,2,88,0
0,0,7,26,4,11,88,1
0,0,9,26,1,37,88,1
0,0,13,26,0,49,88,1
0,0,18,26,4,40,88,1
0,0,22,26,4,2,88,1
0,0,23,26,0,6,88,1
0,0,27,26,5,2,88,1
0,0,30,26,5,26,88,0
0,0,36,26,5,28,88,0
0,0,38,26,2,16,88,0
0,0,41,26,4,0,88,0
0,0,46,26,2,11,88,1
0,0,47,26,3,27,88,1
0,1,50,26,3,29,88,1
0,1,51,26,5,41,88,1
0,1,53,26,1,1,88,1
0,1,54,26,3,12,88,1
0,1,55,26,4,16,88,1
0,1,56,26,2,25,88,1
0,1,57,26,1,13,88,1
0,1,58,26,1,32,88,1
0,1,62,26,4,19,88,1
0,1,66,26,0,40,88,1
0,1,67,26,3,48,88,0
0,1,69,26,3,16,88,1
0,1,70,26,1,17,88,1
0,1,71,26,4,2,88,1
0,1,79,26,1,46,88,1
0,1,80,26,3,4,88,1
0,1,83,26,3,39,88,1
0,1,84,26,2,45,88,1
0,1,85,26,5,12,88,1
0,1,86,26,2,13,88,1
0,1,88,26,3,39,88,0
0,1,95,26,0,39,88,1
0,1,98,26,1,36,88,1
0,0,4,27,5,17,194,0
0,0,5,27,5,36,194,0
0,0,9,27,1,37,194,1
0,0,14,27,4,17,194,1
0,0,20,27,0,39,194,0
0,0,22,27,4,2,194,1
0,0,25,27,2,5,194,0
0,0,26,27,0,22,194,1
0,0,28,27,2,48,194,1
0,0,33,27,1,36,194,1
0,0,34,27,5,4,194,1
0,0,37,27,1,8,194,0
0,0,38,27,2,16,194,0
0,0,40,27,3,38,194,0
0,0,41,27,4,0,194,0
0,0,42,27,5,7,194,1
0,0,43,27,0,44,194,1
0,0,45,27,1,49,194,0
0,0,46,27,2,11,194,1
0,0,49,27,5,8,194,0
0,1,51,27,5,41,194,0
0,1,54,27,3,12,194,1
0,1,55,27,4,16,194,1
0,1,56,27,2,25,194,1
0,1,59,27,4,34,194,1
0,1,63,27,0,8,194,0
0,1,64,27,1,11,194,1
0,1,66,27,0,40,194,1
0,1,68,27,0,38,194,1
0,1,69,27,3,16,194,1
0,1,72,27,4,15,194,1
0,1,75,27,3,3,194,0
0,1,83,27,3,39,194,1
0,1,88,27,3,39,194,0
0,1,90,27,1,7,194,0
0,1,94,27,5,33,194,0
0,1,97,27,0,42,194,0
0,1,99,27,5,20,194,0
0,0,0,28,4,2,298,0
0,0,1,28,2,33,298,0
0,0,2,28,0,3,298,1
0,0,3,28,5,5,298,0
0,0,7,28,4,11,298,1
0,0,10,28,5,13,298,1
0,0,12,28,2,1,298,0
0,0,13,28,0,49,298,1
0,0,14,28,4,17,298,1
0,0,16,28,1,16,298,0
0,0,20,28,0,39,298,1
0,0,29,28,2,23,298,1
0,0,30,28,5,26,298,1
0,0,33,28,1,36,298,1
0,0,42,28,5,7,298,1
0,0,44,28,3,6,298,1
0,0,45,28,1,49,298,1
0,0,46,28,2,11,298,1
0,0,48,28,5,4,298,1
0,1,50,28,3,29,298,1
0,1,58,28,1,32,298,1
0,1,63,28,0,8,298,0
0,1,68,28,0,38,298,1
0,1,69,28,3,16,298,1
0,1,70,28,1,17,298,1
0,1,73,28,2,2,298,1
0,1,76,28,0,22,298,1
0,1,80,28,3,4,298,1
0,1,83,28,3,39,298,0
0,1,84,28,2,45,298,1
0,1,88,28,3,39,298,1
0,1,90,28,1,7,298,1
0,1,92,28,0,7,298,1
0,1,93,28,5,31,298,1
0,1,94,28,5,33,298,0
0,1,95,28,0,39,298,1
0,1,98,28,1,36,298,1
0,1,99,28,5,20,298,1
0,0,0,29,4,2,77,0
0,0,5,29,5,36,77,0
0,0,8,29,4,30,77,1
0,0,13,29,0,49,77,0
0,0,15,29,1,24,77,1
0,0,16,29,1,16,77,1
0,0,18,29,4,40,77,1
0,0,22,29,4,2,77,1
0,0,23,29,0,6,77,1
0,0,29,29,2,23,77,0
0,0,30,29,5,26,77,0
0,0,33,29,1,36,77,1
0,0,35,29,1,38,77,1
0,0,37,29,1,8,77,1
0,0,40,29,3,38,77,0
0,0,43,29,0,44,77,1
0,0,44,29,3,6,77,1
0,1,51,29,5,41,77,1
0,1,53,29,1,1,77,1
0,1,54,29,3,12,77,1
0,1,56,29,2,25,77,1
0,1,58,29,1,32,77,1
0,1,65,29,5,38,77,0
0,1,68,29,0,38,77,1
0,1,71,29,4,2,77,0
0,1,72,29,4,15,77,1
0,1,78,29,1,25,77,1
0,1,80,29,3,4,77,0
0,1,84,29,2,45,77,0
0,1,85,29,5,12,77,1
0,1,88,29,3,39,77,0
0,1,89,29,5,31,77,1
0,1,91,29,5,43,77,0
0,1,92,29,0,7,77,1
0,1,94,29,5,33,77,0
0,1,96,29,1,46,77,1
0,1,98,29,1,36,77,1
0,1,99,29,5,20,77,1
0,0,6,30,3,2,26,1
0,0,8,30,4,30,26,1
0,0,9,30,1,37,26,1
0,0,12,30,2,1,26,1
0,0,16,30,1,16,26,0
0,0,17,30,5,18,26,1
0,0,19,30,1,17,26,1
0,0,20,30,0,39,26,0
0,0,22,30,4,2,26,1
0,0,23,30,0,6,26,1
0,0,30,30,5,26,26,0
0,0,31,30,2,13,26,1
0,0,33,30,1,36,26,1
0,0,34,30,5,4,26,1
0,0,35,30,1,38,26,0
0,0,40,30,3,38,26,1
0,0,43,30,0,44,26,1
0,0,46,30,2,11,26,1
0,0,47,30,3,27,26,1
0,0,49,30,5,8,26,1
0,1,51,30,5,41,26,1
0,1,53,30,1,1,26,1
0,1,58,30,1,32,26,0
0,1,59,30,4,34,26,1
0,1,60,30,1,22,26,1
0,1,61,30,4,21,26,0
0,1,62,30,4,19,26,1
0,1,67,30,3,48,26,0
0,1,68,30,0,38,26,1
0,1,74,30,4,4,26,0
0,1,84,30,2,45,26,1
0,1,85,30,5,12,26,1
0,1,88,30,3,39,26,1
0,1,90,30,1,7,26,0
0,1,94,30,5,33,26,0
0,1,96,30,1,46,26,1
0,1,97,30,0,42,26,1
0,1,99,30,5,20,26,1
0,0,2,31,0,3,276,1
0,0,5,31,5,36,276,0
0,0,11,31,0,41,276,1
0,0,13,31,0,49,276,1
0,0,14,31,4,17,276,0
0,0,18,31,4,40,276,1
0,0,20,31,0,39,276,1
0,0,21,31,5,30,276,0
0,0,23,31,0,6,276,1
0,0,25,31,2,5,276,0
0,0,27,31,5,2,276,1
0,0,30,31,5,26,276,1
0,0,31,31,2,13,276,1
0,0,36,31,5,28,276,0
0,0,42,31,5,7,276,1
0,0,43,31,0,44,276,1
0,1,50,31,3,29,276,1
0,1,52,31,2,36,276,1
0,1,54,31,3,12,276,1
0,1,56,31,2,25,276,1
0,1,57,31,1,13,276,1
0,1,59,31,4,34,276,1
0,1,61,31,4,21,276,1
0,1,66,31,0,40,276,1
0,1,74,31,4,4,276,0
0,1,76,31,0,22,276,1
0,1,77,31,4,1,276,1
0,1,78,31,1,25,276,0
0,1,79,31,1,46,276,1
0,1,80,31,3,4,276,1
0,1,81,31,1,22,276,1
0,1,85,31,5,12,276,1
0,1,87,31,3,19,276,1
0,1,92,31,0,7,276,1
0,1,93,31,5,31,276,1
0,1,95,31,0,39,276,1
0,1,96,31,1,46,276,1
0,1,98,31,1,36,276,1
0,0,0,32,4,2,289,0
0,0,1,32,2,33,289,1
0,0,3,32,5,5,289,0
0,0,6,32,3,2,289,0
0,0,8,32,4,30,289,0
0,0,12,32,2,1,289,0
0,0,15,32,1,24,289,1
0,0,16,32,1,16,289,1
0,0,17,32,5,18,289,1
0,0,19,32,1,17,289,0
0,0,22,32,4,2,289,0
0,0,25,32,2,5,289,0
0,0,26,32,0,22,289,0
0,0,27,32,5,2,289,1
0,0,28,32,2,48,289,1
0,0,29,32,2,23,289,1
0,0,30,32,5,26,289,0
0,0,34,32,5,4,289,1
0,0,35,32,1,38,289,1
0,0,45,32,1,49,289,1
0,0,47,32,3,27,289,1
0,0,48,32,5,4,289,1
0,0,49,32,5,8,289,0
0,1,50,32,3,29,289,1
0,1,51,32,5,41,289,1
0,1,52,32,2,36,289,1
0,1,55,32,4,16,289,1
0,1,59,32,4,34,289,1
0,1,61,32,4,21,289,1
0,1,70,32,1,17,289,1
0,1,72,32,4,15,289,1
0,1,79,32,1,46,289,1
0,1,80,32,3,4,289,1
0,1,81,32,1,22,289,1
0,1,82,32,2,27,289,1
0,1,91,32,5,43,289,0
0,1,92,32,0,7,289,0
0,1,96,32,1,46,289,1
0,0,0,33,4,2,118,1
0,0,1,33,2,33,118,1
0,0,4,33,5,17,118,1
0,0,10,33,5,13,118,1
0,0,11,33,0,41,118,0
0,0,14,33,4,17,118,1
0,0,15,33,1,24,118,0
0,0,16,33,1,16,118,0
0,0,23,33,0,6,118,1
0,0,25,33,2,5,118,0
0,0,28,33,2,48,118,1
0,0,29,33,2,23,118,1
0,0,30,33,5,26,118,1
0,0,34,33,5,4,118,1
0,0,36,33,5,28,118,0
0,0,42,33,5,7,118,1
0,0,43,33,0,44,118,0
0,0,44,33,3,6,118,1
0,0,47,33,3,27,118,1
0,1,52,33,2,36,118,1
0,1,53,33,1,1,118,1
0,1,58,33,1,32,118,1
0,1,59,33,4,34,118,1
0,1,66,33,0,40,118,1
0,1,67,33,3,48,118,0
0,1,69,33,3,16,118,1
0,1,74,33,4,4,118,0
0,1,77,33,4,1,118,1
0,1,78,33,1,25,118,0
0,1,84,33,2,45,118,1
0,1,85,33,5,12,118,1
0,1,87,33,3,19,118,0
0,1,88,33,3,39,118,0
0,1,89,33,5,31,118,0
0,1,90,33,1,7,118,0
0,1,93,33,5,31,118,0
0,1,98,33,1,36,118,0
0,1,99,33,5,20,118,1
0,0,2,34,0,3,60,1
0,0,3,34,5,5,60,1
0,0,7,34,4,11,60,1
0,0,15,34,1,24,60,1
0,0,16,34,1,16,60,0
0,0,17,34,5,18,60,1
0,0,20,34,0,39,60,1
0,0,21,34,5,30,60,1
0,0,23,34,0,6,60,1
0,0,25,34,2,5,60,0
0,0,28,34,2,48,60,0
0,0,35,34,1,38,60,1
0,0,36,34,5,28,60,1
0,0,39,34,0,47,60,1
0,0,42,34,5,7,60,1
0,0,43,34,0,44,60,0
0,0,44,34,3,6,60,1
0,0,46,34,2,11,60,1
0,0,48,34,5,4,60,1
0,1,53,34,1,1,60,1
0,1,54,34,3,12,60,1
0,1,55,34,4,16,60,0
0,1,61,34,4,21,60,1
0,1,69,34,3,16,60,1
0,1,74,34,4,4,60,0
0,1,75,34,3,3,60,1
0,1,76,34,0,22,60,1
0,1,77,34,4,1,60,1
0,1,79,34,1,46,60,1
0,1,81,34,1,22,60,1
0,1,86,34,2,13,60,1
0,1,88,34,3,39,60,1
0,1,90,34,1,7,60,0
0,1,91,34,5,43,60,1
0,1,92,34,0,7,60,1
0,1,93,34,5,31,60,0
0,1,95,34,0,39,60,1
0,1,97,34,0,42,60,0
0,0,0,35,4,2,7,0
0,0,1,35,2,33,7,1
0,0,3,35,5,5,7,0
0,0,4,35,5,17,7,0
0,0,6,35,3,2,7,1
0,0,8,35,4,30,7,0
0,0,9,35,1,37,7,1
0,0,11,35,0,41,7,0
0,0,13,35,0,49,7,0
0,0,14,35,4,17,7,1
0,0,15,35,1,24,7,1
0,0,21,35,5,30,7,1
0,0,23,35,0,6,7,1
0,0,24,35,4,41,7,1
0,0,25,35,2,5,7,1
0,0,31,35,2,13,7,1
0,0,32,35,0,11,7,0
0,0,37,35,1,8,7,1
0,0,38,35,2,16,7,0
0,0,42,35,5,7,7,1
0,0,49,35,5,8,7,1
0,1,56,35,2,25,7,1
0,1,57,35,1,13,7,1
0,1,61,35,4,21,7,1
0,1,64,35,1,11,7,1
0,1,66,35,0,40,7,1
0,1,67,35,3,48,7,0
0,1,68,35,0,38,7,0
0,1,70,35,1,17,7,0
0,1,72,35,4,15,7,1
0,1,74,35,4,4,7,1
0,1,75,35,3,3,7,1
0,1,78,35,1,25,7,1
0,1,80,35,3,4,7,1
0,1,83,35,3,39,7,1
0,1,88,35,3,39,7,1
0,1,91,35,5,43,7,1
0,1,93,35,5,31,7,0
0,0,0,36,4,2,69,1
0,0,3,36,5,5,69,1
0,0,7,36,4,11,69,1
0,0,8,36,4,30,69,1
0,0,9,36,1,37,69,1
0,0,12,36,2,1,69,1
0,0,16,36,1,16,69,1
0,0,17,36,5,18,69,1
0,0,19,36,1,17,69,1
0,0,21,36,5,30,69,1
0,0,24,36,4,41,69,1
0,0,25,36,2,5,69,1
0,0,28,36,2,48,69,1
0,0,31,36,2,13,69,1
0,0,33,36,1,36,69,1
0,0,35,36,1,38,69,1
0,0,36,36,5,28,69,0
0,0,39,36,0,47,69,1
0,0,40,36,3,38,69,0
0,0,44,36,3,6,69,1
0,0,47,36,3,27,69,1
0,0,48,36,5,4,69,1
0,1,50,36,3,29,69,1
0,1,57,36,1,13,69,1
0,1,59,36,4,34,69,0
0,1,60,36,1,22,69,1
0,1,64,36,1,11,69,1
0,1,67,36,3,48,69,1
0,1,69,36,3,16,69,1
0,1,78,36,1,25,69,1
0,1,79,36,1,46,69,1
0,1,81,36,1,22,69,1
0,1,83,36,3,39,69,1
0,1,86,36,2,13,69,1
0,1,87,36,3,19,69,1
0,1,89,36,5,31,69,1
0,1,97,36,0,42,69,1
0,1,99,36,5,20,69,1
0,0,1,37,2,33,242,0
0,0,3,37,5,5,242,0
0,0,5,37,5,36,242,0
0,0,12,37,2,1,242,0
0,0,17,37,5,18,242,1
0,0,18,37,4,40,242,1
0,0,19,37,1,17,242,1
0,0,22,37,4,2,242,1
0,0,25,37,2,5,242,1
0,0,26,37,0,22,242,0
0,0,28,37,2,48,242,1
0,0,30,37,5,26,242,1
0,0,35,37,1,38,242,1
0,0,41,37,4,0,242,1
0,0,42,37,5,7,242,1
0,0,49,37,5,8,242,1
0,1,50,37,3,29,242,1
0,1,51,37,5,41,242,0
0,1,52,37,2,36,242,1
0,1,54,37,3,12,242,1
0,1,56,37,2,25,242,0
0,1,58,37,1,32,242,1
0,1,60,37,1,22,242,1
0,1,65,37,5,38,242,1
0,1,66,37,0,40,242,1
0,1,68,37,0,38,242,1
0,1,73,37,2,2,242,1
0,1,74,37,4,4,242,0
0,1,81,37,1,22,242,1
0,1,82,37,2,27,242,1
0,1,84,37,2,45,242,1
0,1,87,37,3,19,242,1
0,1,89,37,5,31,242,1
0,1,90,37,1,7,242,0
0,1,91,37,5,43,242,0
0,1,97,37,0,42,242,0
0,1,98,37,1,36,242,1
0,1,99,37,5,20,242,1
0,0,0,38,4,2,205,0
0,0,10,38,5,13,205,1
0,0,11,38,0,41,205,1
0,0,15,38,1,24,205,1
0,0,16,38,1,16,205,1
0,0,18,38,4,40,205,1
0,0,20,38,0,39,205,0
0,0,23,38,0,6,205,1
0,0,27,38,5,2,205,0
0,0,30,38,5,26,205,0
0,0,34,38,5,4,205,1
0,0,35,38,1,38,205,1
0,0,38,38,2,16,205,1
0,0,40,38,3,38,205,0
0,0,41,38,4,0,205,1
0,0,46,38,2,11,205,1
0,0,49,38,5,8,205,0
0,1,52,38,2,36,205,1
0,1,54,38,3,12,205,1
0,1,55,38,4,16,205,1
0,1,57,38,1,13,205,1
0,1,62,38,4,19,205,1
0,1,66,38,0,40,205,1
0,1,67,38,3,48,205,0
0,1,69,38,3,16,205,1
0,1,72,38,4,15,205,1
0,1,75,38,3,3,205,1
0,1,78,38,1,25,205,0
0,1,79,38,1,46,205,1
0,1,80,38,3,4,205,0
0,1,81,38,1,22,205,1
0,1,84,38,2,45,205,1
0,1,85,38,5,12,205,0
0,1,87,38,3,19,205,0
0,1,88,38,3,39,205,0
0,1,89,38,5,31,205,0
0,1,91,38,5,43,205,1
0,1,93,38,5,31,205,0
0,0,1,39,2,33,190,1
0,0,2,39,0,3,190,1
0,0,3,39,5,5,190,1
0,0,5,39,5,36,190,0
0,0,6,39,3,2,190,1
0,0,7,39,4,11,190,1
0,0,9,39,1,37,190,1
0,0,10,39,5,13,190,0
0,0,13,39,0,49,190,0
0,0,15,39,1,24,190,1
0,0,16,39,1,16,190,1
0,0,17,39,5,18,190,1
0,0,18,39,4,40,190,1
0,0,20,39,0,39,190,1
0,0,22,39,4,2,190,1
0,0,26,39,0,22,190,0
0,0,29,39,2,23,190,1
0,0,33,39,1,36,190,1
0,0,43,39,0,44,190,1
0,0,44,39,3,6,190,1
0,1,54,39,3,12,190,1
0,1,55,39,4,16,190,1
0,1,56,39,2,25,190,1
0,1,60,39,1,22,190,1
0,1,61,39,4,21,190,1
0,1,66,39,0,40,190,1
0,1,69,39,3,16,190,1
0,1,71,39,4,2,190,1
0,1,76,39,0,22,190,0
0,1,78,39,1,25,190,1
0,1,82,39,2,27,190,1
0,1,83,39,3,39,190,1
0,1,84,39,2,45,190,1
0,1,85,39,5,12,190,1
0,1,86,39,2,13,190,1
0,1,90,39,1,7,190,0
0,1,91,39,5,43,190,1
0,1,94,39,5,33,190,1
0,0,4,40,5,17,108,1
0,0,6,40,3,2,108,1
0,0,7,40,4,11,108,1
0,0,10,40,5,13,108,1
0,0,11,40,0,41,108,0
0,0,18,40,4,40,108,1
0,0,21,40,5,30,108,1
0,0,22,40,4,2,108,0
0,0,24,40,4,41,108,1
0,0,25,40,2,5,108,1
0,0,28,40,2,48,108,0
0,0,32,40,0,11,108,1
0,0,35,40,1,38,108,1
0,0,37,40,1,8,108,1
0,0,45,40,1,49,108,1
0,0,46,40,2,11,108,1
0,0,48,40,5,4,108,1
0,0,49,40,5,8,108,1
0,1,52,40,2,36,108,1
0,1,54,40,3,12,108,1
0,1,56,40,2,25,108,1
0,1,57,40,1,13,108,1
0,1,59,40,4,34,108,0
0,1,61,40,4,21,108,1
0,1,63,40,0,8,108,0
0,1,65,40,5,38,108,0
0,1,66,40,0,40,108,1
0,1,72,40,4,15,108,1
0,1,73,40,2,2,108,1
0,1,74,40,4,4,108,0
0,1,75,40,3,3,108,1
0,1,80,40,3,4,108,1
0,1,82,40,2,27,108,0
0,1,84,40,2,45,108,0
0,1,89,40,5,31,108,1
0,1,90,40,1,7,108,0
0,1,92,40,0,7,108,0
0,1,95,40,0,39,108,1
0,0,0,41,4,2,65,0
0,0,1,41,2,33,65,0
0,0,2,41,0,3,65,1
0,0,5,41,5,36,65,0
0,0,8,41,4,30,65,1
0,0,10,41,5,13,65,1
0,0,13,41,0,49,65,1
0,0,16,41,1,16,65,1
0,0,17,41,5,18,65,1
0,0,19,41,1,17,65,1
0,0,20,41,0,39,65,1
0,0,23,41,0,6,65,1
0,0,24,41,4,41,65,1
0,0,32,41,0,11,65,0
0,0,33,41,1,36,65,1
0,0,36,41,5,28,65,1
0,0,37,41,1,8,65,0
0,0,41,41,4,0,65,0
0,0,42,41,5,7,65,1
0,0,43,41,0,44,65,1
0,1,50,41,3,29,65,1
0,1,51,41,5,41,65,0
0,1,52,41,2,36,65,1
0,1,55,41,4,16,65,1
0,1,56,41,2,25,65,1
0,1,59,41,4,34,65,0
0,1,62,41,4,19,65,0
0,1,64,41,1,11,65,1
0,1,66,41,0,40,65,0
0,1,75,41,3,3,65,0
0,1,77,41,4,1,65,1
0,1,79,41,1,46,65,1
0,1,80,41,3,4,65,1
0,1,85,41,5,12,65,1
0,1,86,41,2,13,65,0
0,1,89,41,5,31,65,0
0,1,91,41,5,43,65,0
0,1,94,41,5,33,65,0
0,0,2,42,0,3,10,1
0,0,3,42,5,5,10,1
0,0,6,42,3,2,10,0
0,0,7,42,4,11,10,1
0,0,9,42,1,37,10,1
0,0,10,42,5,13,10,1
0,0,14,42,4,17,10,0
0,0,15,42,1,24,10,1
0,0,17,42,5,18,10,1
0,0,20,42,0,39,10,0
0,0,21,42,5,30,10,0
0,0,27,42,5,2,10,0
0,0,32,42,0,11,10,1
0,0,34,42,5,4,10,0
0,0,37,42,1,8,10,1
0,0,38,42,2,16,10,0
0,0,41,42,4,0,10,0
0,0,44,42,3,6,10,1
0,0,45,42,1,49,10,0
0,0,47,42,3,27,10,1
0,0,49,42,5,8,10,1
0,1,50,42,3,29,10,0
0,1,52,42,2,36,10,1
0,1,56,42,2,25,10,0
0,1,58,42,1,32,10,1
0,1,59,42,4,34,10,0
0,1,61,42,4,21,10,0
0,1,63,42,0,8,10,1
0,1,66,42,0,40,10,0
0,1,68,42,0,38,10,0
0,1,73,42,2,2,10,1
0,1,76,42,0,22,10,1
0,1,78,42,1,25,10,1
0,1,89,42,5,31,10,0
0,1,90,42,1,7,10,0
0,1,93,42,5,31,10,1
0,1,96,42,1,46,10,1
0,1,97,42,0,42,10,0
0,0,0,43,4,2,183,0
0,0,1,43,2,33,183,0
0,0,2,43,0,3,183,1
0,0,4,43,5,17,183,0
0,0,5,43,5,36,183,0
0,0,6,43,3,2,183,1
0,0,7,43,4,11,183,1
0,0,8,43,4,30,183,1
0,0,9,43,1,37,183,1
0,0,11,43,0,41,183,1
0,0,12,43,2,1,183,0
0,0,13,43,0,49,183,0
0,0,16,43,1,16,183,1
0,0,18,43,4,40,183,1
0,0,26,43,0,22,183,1
0,0,27,43,5,2,183,0
0,0,36,43,5,28,183,0
0,0,37,43,1,8,183,1
0,0,44,43,3,6,183,1
0,0,47,43,3,27,183,1
0,0,49,43,5,8,183,0
0,1,52,43,2,36,183,1
0,1,53,43,1,1,183,1
0,1,57,43,1,13,183,1
0,1,59,43,4,34,183,1
0,1,64,43,1,11,183,1
0,1,66,43,0,40,183,1
0,1,69,43,3,16,183,1
0,1,72,43,4,15,183,1
0,1,74,43,4,4,183,1
0,1,79,43,1,46,183,1
0,1,80,43,3,4,183,1
0,1,82,43,2,27,183,0
0,1,83,43,3,39,183,1
0,1,86,43,2,13,183,1
0,1,87,43,3,19,183,1
0,1,89,43,5,31,183,1
0,1,95,43,0,39,183,1
0,0,0,44,4,2,46,0
0,0,3,44,5,5,46,0
0,0,10,44,5,13,46,1
0,0,13,44,0,49,46,1
0,0,14,44,4,17,46,0
0,0,15,44,1,24,46,0
0,0,18,44,4,40,46,1
0,0,21,44,5,30,46,0
0,0,23,44,0,6,46,1
0,0,24,44,4,41,46,1
0,0,26,44,0,22,46,0
0,0,28,44,2,48,46,1
0,0,29,44,2,23,46,0
0,0,30,44,5,26,46,0
0,0,31,44,2,13,46,1
0,0,32,44,0,11,46,0
0,0,35,44,1,38,46,1
0,0,39,44,0,47,46,0
0,0,44,44,3,6,46,1
0,0,48,44,5,4,46,1
0,0,49,44,5,8,46,1
0,1,55,44,4,16,46,0
0,1,58,44,1,32,46,1
0,1,59,44,4,34,46,0
0,1,61,44,4,21,46,1
0,1,69,44,3,16,46,1
0,1,70,44,1,17,46,1
0,1,72,44,4,15,46,0
0,1,79,44,1,46,46,1
0,1,80,44,3,4,46,0
0,1,81,44,1,22,46,1
0,1,83,44,3,39,46,1
0,1,87,44,3,19,46,1
0,1,88,44,3,39,46,1
0,1,89,44,5,31,46,0
0,1,92,44,0,7,46,0
0,1,94,44,5,33,46,1
0,1,97,44,0,42,46,0
0,0,0,45,4,2,161,0
0,0,6,45,3,2,161,1
0,0,8,45,4,30,161,0
0,0,9,45,1,37,161,1
0,0,11,45,0,41,161,1
0,0,19,45,1,17,161,0
0,0,27,45,5,2,161,1
0,0,31,45,2,13,161,1
0,0,33,45,1,36,161,0
0,0,35,45,1,38,161,1
0,0,36,45,5,28,161,0
0,0,40,45,3,38,161,0
0,0,41,45,4,0,161,1
0,0,45,45,1,49,161,1
0,0,47,45,3,27,161,1
0,1,50,45,3,29,161,1
0,1,53,45,1,1,161,1
0,1,56,45,2,25,161,1
0,1,57,45,1,13,161,1
0,1,59,45,4,34,161,0
0,1,60,45,1,22,161,1
0,1,61,45,4,21,161,1
0,1,62,45,4,19,161,1
0,1,63,45,0,8,161,0
0,1,65,45,5,38,161,1
0,1,73,45,2,2,161,0
0,1,75,45,3,3,161,1
0,1,79,45,1,46,161,1
0,1,80,45,3,4,161,1
0,1,81,45,1,22,161,0
0,1,83,45,3,39,161,1
0,1,84,45,2,45,161,1
0,1,85,45,5,12,161,1
0,1,88,45,3,39,161,1
0,1,89,45,5,31,161,1
0,1,91,45,5,43,161,0
0,1,92,45,0,7,161,1
0,1,95,45,0,39,161,1
0,0,4,46,5,17,268,1
0,0,7,46,4,11,268,1
0,0,10,46,5,13,268,1
0,0,12,46,2,1,268,0
0,0,14,46,4,17,268,1
0,0,15,46,1,24,268,1
0,0,17,46,5,18,268,1
0,0,23,46,0,6,268,1
0,0,27,46,5,2,268,0
0,0,30,46,5,26,268,1
0,0,34,46,5,4,268,1
0,0,36,46,5,28,268,1
0,0,38,46,2,16,268,1
0,0,40,46,3,38,268,0
0,0,41,46,4,0,268,0
0,0,43,46,0,44,268,0
0,0,44,46,3,6,268,1
0,0,45,46,1,49,268,0
0,0,48,46,5,4,268,0
0,1,50,46,3,29,268,1
0,1,53,46,1,1,268,1
0,1,57,46,1,13,268,1
0,1,58,46,1,32,268,1
0,1,61,46,4,21,268,1
0,1,65,46,5,38,268,0
0,1,66,46,0,40,268,1
0,1,69,46,3,16,268,1
0,1,75,46,3,3,268,0
0,1,76,46,0,22,268,0
0,1,78,46,1,25,268,0
0,1,83,46,3,39,268,1
0,1,85,46,5,12,268,1
0,1,88,46,3,39,268,1
0,1,89,46,5,31,268,0
0,1,90,46,1,7,268,0
0,1,94,46,5,33,268,0
0,1,96,46,1,46,268,1
0,1,98,46,1,36,268,1
0,0,0,47,4,2,216,0
0,0,4,47,5,17,216,1
0,0,6,47,3,2,216,1
0,0,9,47,1,37,216,1
0,0,11,47,0,41,216,0
0,0,13,47,0,49,216,0
0,0,14,47,4,17,216,1
0,0,15,47,1,24,216,1
0,0,16,47,1,16,216,0
0,0,19,47,1,17,216,0
0,0,20,47,0,39,216,1
0,0,23,47,0,6,216,1
0,0,24,47,4,41,216,1
0,0,27,47,5,2,216,1
0,0,28,47,2,48,216,1
0,0,32,47,0,11,216,1
0,0,34,47,5,4,216,1
0,0,35,47,1,38,216,1
0,0,36,47,5,28,216,0
0,0,41,47,4,0,216,0
0,0,46,47,2,11,216,1
0,0,47,47,3,27,216,1
0,1,50,47,3,29,216,1
0,1,59,47,4,34,216,0
0,1,61,47,4,21,216,1
0,1,62,47,4,19,216,1
0,1,73,47,2,2,216,1
0,1,80,47,3,4,216,0
0,1,85,47,5,12,216,1
0,1,87,47,3,19,216,0
0,1,88,47,3,39,216,0
0,1,89,47,5,31,216,1
0,1,92,47,0,7,216,0
0,1,93,47,5,31,216,0
0,1,96,47,1,46,216,1
0,1,97,47,0,42,216,1
0,1,98,47,1,36,216,1
0,1,99,47,5,20,216,1
0,0,1,48,2,33,283,0
0,0,2,48,0,3,283,1
0,0,9,48,1,37,283,1
0,0,11,48,0,41,283,0
0,0,14,48,4,17,283,1
0,0,16,48,1,16,283,0
0,0,18,48,4,40,283,1
0,0,21,48,5,30,283,0
0,0,24,48,4,41,283,1
0,0,25,48,2,5,283,0
0,0,28,48,2,48,283,1
0,0,32,48,0,11,283,1
0,0,33,48,1,36,283,1
0,0,34,48,5,4,283,1
0,0,37,48,1,8,283,0
0,0,39,48,0,47,283,1
0,0,40,48,3,38,283,0
0,0,41,48,4,0,283,0
0,0,42,48,5,7,283,1
0,0,44,48,3,6,283,1
0,0,48,48,5,4,283,1
0,1,51,48,5,41,283,1
0,1,53,48,1,1,283,1
0,1,59,48,4,34,283,0
0,1,62,48,4,19,283,1
0,1,72,48,4,15,283,1
0,1,74,48,4,4,283,0
0,1,75,48,3,3,283,0
0,1,76,48,0,22,283,1
0,1,79,48,1,46,283,1
0,1,82,48,2,27,283,0
0,1,83,48,3,39,283,1
0,1,86,48,2,13,283,1
0,1,87,48,3,19,283,1
0,1,89,48,5,31,283,1
0,1,95,48,0,39,283,1
0,1,97,48,0,42,283,0
0,1,99,48,5,20,283,1
0,0,0,49,4,2,86,0
0,0,1,49,2,33,86,1
0,0,4,49,5,17,86,1
0,0,5,49,5,36,86,1
0,0,9,49,1,37,86,0
0,0,10,49,5,13,86,1
0,0,14,49,4,17,86,0
0,0,15,49,1,24,86,1
0,0,19,49,1,17,86,1
0,0,20,49,0,39,86,1
0,0,22,49,4,2,86,0
0,0,23,49,0,6,86,1
0,0,25,49,2,5,86,1
0,0,27,49,5,2,86,1
0,0,28,49,2,48,86,1
0,0,33,49,1,36,86,1
0,0,41,49,4,0,86,1
0,0,42,49,5,7,86,1
0,0,43,49,0,44,86,1
0,0,44,49,3,6,86,1
0,0,45,49,1,49,86,1
0,0,46,49,2,11,86,1
0,1,50,49,3,29,86,1
0,1,52,49,2,36,86,1
0,1,54,49,3,12,86,1
0,1,56,49,2,25,86,1
0,1,60,49,1,22,86,1
0,1,61,49,4,21,86,0
0,1,66,49,0,40,86,1
0,1,71,49,4,2,86,1
0,1,75,49,3,3,86,1
0,1,76,49,0,22,86,1
0,1,82,49,2,27,86,0
0,1,93,49,5,31,86,1
0,1,94,49,5,33,86,0
0,1,96,49,1,46,86,1
0,1,98,49,1,36,86,1
0,1,99,49,5,20,86,1
0,0,3,50,5,5,191,0
0,0,4,50,5,17,191,1
0,0,5,50,5,36,191,0
0,0,6,50,3,2,191,1
0,0,10,50,5,13,191,1
0,0,11,50,0,41,191,1
0,0,14,50,4,17,191,0
0,0,17,50,5,18,191,1
0,0,18,50,4,40,191,1
0,0,19,50,1,17,191,0
0,0,20,50,0,39,191,0
0,0,21,50,5,30,191,1
0,0,24,50,4,41,191,1
0,0,25,50,2,5,191,1
0,0,26,50,0,22,191,1
0,0,30,50,5,26,191,0
0,0,34,50,5,4,191,1
0,0,40,50,3,38,191,0
0,0,42,50,5,7,191,1
0,0,49,50,5,8,191,1
0,1,53,50,1,1,191,1
0,1,54,50,3,12,191,1
0,1,55,50,4,16,191,1
0,1,58,50,1,32,191,1
0,1,60,50,1,22,191,1
0,1,65,50,5,38,191,1
0,1,67,50,3,48,191,0
0,1,68,50,0,38,191,1
0,1,69,50,3,16,191,1
0,1,74,50,4,4,191,0
0,1,76,50,0,22,191,1
0,1,79,50,1,46,191,1
0,1,89,50,5,31,191,1
0,1,91,50,5,43,191,1
0,1,94,50,5,33,191,0
0,1,95,50,0,39,191,1
0,1,97,50,0,42,191,1
0,1,98,50,1,36,191,1
0,0,1,51,2,33,298,1
0,0,2,51,0,3,298,1
0,0,5,51,5,36,298,0
0,0,6,51,3,2,298,0
0,0,7,51,4,11,298,1
0,0,8,51,4,30,298,0
0,0,17,51,5,18,298,1
0,0,19,51,1,17,298,0
0,0,20,51,0,39,298,1
0,0,22,51,4,2,298,0
0,0,23,51,0,6,298,1
0,0,27,51,5,2,298,1
0,0,30,51,5,26,298,1
0,0,31,51,2,13,298,1
0,0,33,51,1,36,298,1
0,0,35,51,1,38,298,1
0,0,36,51,5,28,298,0
0,0,38,51,2,16,298,0
0,0,39,51,0,47,298,1
0,0,43,51,0,44,298,1
0,0,45,51,1,49,298,1
0,1,50,51,3,29,298,1
0,1,54,51,3,12,298,1
0,1,55,51,4,16,298,0
0,1,57,51,1,13,298,1
0,1,59,51,4,34,298,1
0,1,60,51,1,22,298,1
0,1,65,51,5,38,298,1
0,1,73,51,2,2,298,1
0,1,75,51,3,3,298,1
0,1,78,51,1,25,298,1
0,1,79,51,1,46,298,1
0,1,80,51,3,4,298,0
0,1,83,51,3,39,298,1
0,1,87,51,3,19,298,1
0,1,93,51,5,31,298,0
0,1,94,51,5,33,298,0
0,1,95,51,0,39,298,0
0,0,0,52,4,2,166,0
0,0,2,52,0,3,166,0
0,0,4,52,5,17,166,0
0,0,6,52,3,2,166,1
0,0,8,52,4,30,166,0
0,0,11,52,0,41,166,0
0,0,13,52,0,49,166,0
0,0,14,52,4,17,166,1
0,0,15,52,1,24,166,1
0,0,21,52,5,30,166,1
0,0,24,52,4,41,166,1
0,0,25,52,2,5,166,0
0,0,27,52,5,2,166,1
0,0,28,52,2,48,166,1
0,0,29,52,2,23,166,1
0,0,33,52,1,36,166,1
0,0,40,52,3,38,166,0
0,0,41,52,4,0,166,0
0,0,44,52,3,6,166,1
0,0,45,52,1,49,166,0
0,0,46,52,2,11,166,1
0,0,48,52,5,4,166,1
0,0,49,52,5,8,166,1
0,1,50,52,3,29,166,1
0,1,59,52,4,34,166,0
0,1,64,52,1,11,166,0
0,1,69,52,3,16,166,1
0,1,76,52,0,22,166,1
0,1,77,52,4,1,166,1
0,1,80,52,3,4,166,0
0,1,82,52,2,27,166,0
0,1,86,52,2,13,166,1
0,1,90,52,1,7,166,0
0,1,91,52,5,43,166,0
0,1,94,52,5,33,166,0
0,1,95,52,0,39,166,1
0,1,97,52,0,42,166,0
0,1,99,52,5,20,166,0
0,0,3,53,5,5,66,0
0,0,7,53,4,11,66,1
0,0,9,53,1,37,66,1
0,0,11,53,0,41,66,0
0,0,14,53,4,17,66,1
0,0,16,53,1,16,66,1
0,0,17,53,5,18,66,1
0,0,18,53,4,40,66,1
0,0,19,53,1,17,66,1
0,0,24,53,4,41,66,1
0,0,25,53,2,5,66,0
0,0,27,53,5,2,66,1
0,0,30,53,5,26,66,1
0,0,33,53,1,36,66,1
0,0,35,53,1,38,66,1
0,0,36,53,5,28,66,1
0,0,37,53,1,8,66,1
0,0,39,53,0,47,66,1
0,0,45,53,1,49,66,0
0,0,48,53,5,4,66,1
0,1,55,53,4,16,66,0
0,1,56,53,2,25,66,1
0,1,58,53,1,32,66,1
0,1,59,53,4,34,66,0
0,1,60,53,1,22,66,1
0,1,71,53,4,2,66,0
0,1,72,53,4,15,66,1
0,1,73,53,2,2,66,1
0,1,82,53,2,27,66,0
0,1,83,53,3,39,66,1
0,1,84,53,2,45,66,0
0,1,85,53,5,12,66,1
0,1,86,53,2,13,66,1
0,1,88,53,3,39,66,0
0,1,91,53,5,43,66,1
0,1,93,53,5,31,66,0
0,1,98,53,1,36,66,1
0,1,99,53,5,20,66,1
0,0,3,54,5,5,76,0
0,0,6,54,3,2,76,1
0,0,7,54,4,11,76,1
0,0,11,54,0,41,76,0
0,0,13,54,0,49,76,1
0,0,15,54,1,24,76,0
0,0,16,54,1,16,76,1
0,0,23,54,0,6,76,1
0,0,26,54,0,22,76,0
0,0,30,54,5,26,76,1
0,0,32,54,0,11,76,0
0,0,39,54,0,47,76,1
0,0,40,54,3,38,76,0
0,0,46,54,2,11,76,1
0,1,51,54,5,41,76,0
0,1,52,54,2,36,76,1
0,1,53,54,1,1,76,0
0,1,54,54,3,12,76,1
0,1,55,54,4,16,76,1
0,1,56,54,2,25,76,1
0,1,59,54,4,34,76,0
0,1,63,54,0,8,76,1
0,1,67,54,3,48,76,0
0,1,68,54,0,38,76,0
0,1,69,54,3,16,76,1
0,1,70,54,1,17,76,1
0,1,75,54,3,3,76,0
0,1,78,54,1,25,76,1
0,1,80,54,3,4,76,1
0,1,84,54,2,45,76,0
0,1,86,54,2,13,76,1
0,1,89,54,5,31,76,0
0,1,90,54,1,7,76,1
0,1,93,54,5,31,76,1
0,1,94,54,5,33,76,0
0,1,97,54,0,42,76,1
0,1,98,54,1,36,76,1
0,1,99,54,5,20,76,1
0,0,2,55,0,3,139,1
0,0,4,55,5,17,139,1
0,0,5,55,5,36,139,1
0,0,6,55,3,2,139,1
0,0,8,55,4,30,139,0
0,0,14,55,4,17,139,0
0,0,19,55,1,17,139,1
0,0,23,55,0,6,139,1
0,0,24,55,4,41,139,1
0,0,29,55,2,23,139,1
0,0,39,55,0,47,139,1
0,0,40,55,3,38,139,0
0,0,42,55,5,7,139,1
0,0,44,55,3,6,139,1
0,0,47,55,3,27,139,1
0,0,49,55,5,8,139,1
0,1,51,55,5,41,139,1
0,1,52,55,2,36,139,1
0,1,55,55,4,16,139,1
0,1,58,55,1,32,139,1
0,1,59,55,4,34,139,1
0,1,62,55,4,19,139,1
0,1,65,55,5,38,139,0
0,1,66,55,0,40,139,1
0,1,68,55,0,38,139,1
0,1,70,55,1,17,139,1
0,1,72,55,4,15,139,1
0,1,73,55,2,2,139,1
0,1,74,55,4,4,139,0
0,1,75,55,3,3,139,0
0,1,79,55,1,46,139,1
0,1,82,55,2,27,139,1
0,1,85,55,5,12,139,1
0,1,86,55,2,13,139,1
0,1,90,55,1,7,139,1
0,1,91,55,5,43,139,0
0,1,92,55,0,7,139,1
0,1,99,55,5,20,139,1
0,0,0,56,4,2,182,0
0,0,4,56,5,17,182,1
0,0,6,56,3,2,182,1
0,0,8,56,4,30,182,0
0,0,10,56,5,13,182,1
0,0,11,56,0,41,182,0
0,0,14,56,4,17,182,0
0,0,16,56,1,16,182,0
0,0,20,56,0,39,182,0
0,0,21,56,5,30,182,1
0,0,24,56,4,41,182,1
0,0,27,56,5,2,182,1
0,0,29,56,2,23,182,0
0,0,30,56,5,26,182,0
0,0,33,56,1,36,182,1
0,0,40,56,3,38,182,0
0,0,44,56,3,6,182,1
0,0,47,56,3,27,182,1
0,0,48,56,5,4,182,1
0,1,50,56,3,29,182,1
0,1,54,56,3,12,182,1
0,1,56,56,2,25,182,1
0,1,58,56,1,32,182,0
0,1,59,56,4,34,182,1
0,1,62,56,4,19,182,1
0,1,66,56,0,40,182,1
0,1,67,56,3,48,182,0
0,1,75,56,3,3,182,0
0,1,76,56,0,22,182,1
0,1,77,56,4,1,182,1
0,1,79,56,1,46,182,1
0,1,81,56,1,22,182,1
0,1,89,56,5,31,182,1
0,1,91,56,5,43,182,1
0,1,92,56,0,7,182,1
0,1,93,56,5,31,182,0
0,1,94,56,5,33,182,0
0,1,99,56,5,20,182,1
0,0,3,57,5,5,4,0
0,0,5,57,5,36,4,0
0,0,6,57,3,2,4,1
0,0,8,57,4,30,4,1
0,0,9,57,1,37,4,1
0,0,14,57,4,17,4,0
0,0,16,57,1,16,4,1
0,0,18,57,4,40,4,1
0,0,19,57,1,17,4,1
0,0,26,57,0,22,4,1
0,0,30,57,5,26,4,1
0,0,32,57,0,11,4,1
0,0,34,57,5,4,4,1
0,0,35,57,1,38,4,1
0,0,38,57,2,16,4,0
0,0,40,57,3,38,4,1
0,0,42,57,5,7,4,1
0,0,48,57,5,4,4,1
0,1,50,57,3,29,4,1
0,1,51,57,5,41,4,0
0,1,52,57,2,36,4,1
0,1,54,57,3,12,4,1
0,1,56,57,2,25,4,1
0,1,57,57,1,13,4,1
0,1,58,57,1,32,4,1
0,1,59,57,4,34,4,1
0,1,65,57,5,38,4,1
0,1,67,57,3,48,4,0
0,1,70,57,1,17,4,1
0,1,71,57,4,2,4,1
0,1,79,57,1,46,4,1
0,1,81,57,1,22,4,1
0,1,84,57,2,45,4,1
0,1,89,57,5,31,4,0
0,1,91,57,5,43,4,1
0,1,92,57,0,7,4,0
0,1,93,57,5,31,4,0
0,1,94,57,5,33,4,0
0,0,2,58,0,3,139,1
0,0,3,58,5,5,139,0
0,0,6,58,3,2,139,0
0,0,9,58,1,37,139,1
0,0,12,58,2,1,139,1
0,0,14,58,4,17,139,1
0,0,17,58,5,18,139,0
0,0,19,58,1,17,139,1
0,0,20,58,0,39,139,0
0,0,25,58,2,5,139,1
0,0,29,58,2,23,139,0
0,0,31,58,2,13,139,1
0,0,32,58,0,11,139,0
0,0,36,58,5,28,139,0
0,0,39,58,0,47,139,1
0,0,44,58,3,6,139,1
0,0,47,58,3,27,139,1
0,0,49,58,5,8,139,0
0,1,50,58,3,29,139,1
0,1,54,58,3,12,139,1
0,1,57,58,1,13,139,1
0,1,62,58,4,19,139,1
0,1,63,58,0,8,139,1
0,1,64,58,1,11,139,1
0,1,66,58,0,40,139,1
0,1,68,58,0,38,139,0
0,1,69,58,3,16,139,1
0,1,70,58,1,17,139,0
0,1,76,58,0,22,139,0
0,1,78,58,1,25,139,0
0,1,79,58,1,46,139,1
0,1,80,58,3,4,139,1
0,1,85,58,5,12,139,1
0,1,88,58,3,39,139,0
0,1,94,58,5,33,139,0
0,1,95,58,0,39,139,1
0,1,97,58,0,42,139,0
0,1,98,58,1,36,139,1
0,0,3,59,5,5,224,1
0,0,4,59,5,17,224,1
0,0,6,59,3,2,224,1
0,0,7,59,4,11,224,1
0,0,8,59,4,30,224,1
0,0,9,59,1,37,224,1
0,0,12,59,2,1,224,0
0,0,14,59,4,17,224,1
0,0,19,59,1,17,224,0
0,0,21,59,5,30,224,1
0,0,26,59,0,22,224,1
0,0,28,59,2,48,224,1
0,0,29,59,2,23,224,1
0,0,30,59,5,26,224,1
0,0,35,59,1,38,224,1
0,0,36,59,5,28,224,1
0,0,37,59,1,8,224,1
0,0,41,59,4,0,224,0
0,0,43,59,0,44,224,1
0,0,45,59,1,49,224,1
0,0,46,59,2,11,224,1
0,0,47,59,3,27,224,1
0,0,48,59,5,4,224,1
0,1,50,59,3,29,224,1
0,1,65,59,5,38,224,1
0,1,66,59,0,40,224,1
0,1,67,59,3,48,224,1
0,1,71,59,4,2,224,1
0,1,72,59,4,15,224,1
0,1,74,59,4,4,224,0
0,1,77,59,4,1,224,1
0,1,85,59,5,12,224,1
0,1,87,59,3,19,224,1
0,1,89,59,5,31,224,1
0,1,90,59,1,7,224,0
0,1,95,59,0,39,224,1
0,1,97,59,0,42,224,1
0,1,98,59,1,36,224,1
0,0,0,60,4,2,210,0
0,0,1,60,2,33,210,0
0,0,2,60,0,3,210,1
0,0,6,60,3,2,210,1
0,0,8,60,4,30,210,0
0,0,9,60,1,37,210,1
0,0,12,60,2,1,210,1
0,0,15,60,1,24,210,1
0,0,19,60,1,17,210,0
0,0,21,60,5,30,210,0
0,0,22,60,4,2,210,0
0,0,24,60,4,41,210,1
0,0,27,60,5,2,210,0
0,0,28,60,2,48,210,1
0,0,29,60,2,23,210,0
0,0,30,60,5,26,210,0
0,0,34,60,5,4,210,1
0,0,35,60,1,38,210,1
0,0,41,60,4,0,210,0
0,0,42,60,5,7,210,1
0,0,43,60,0,44,210,1
0,0,45,60,1,49,210,0
0,1,51,60,5,41,210,0
0,1,56,60,2,25,210,1
0,1,61,60,4,21,210,1
0,1,63,60,0,8,210,0
0,1,64,60,1,11,210,0
0,1,66,60,0,40,210,1
0,1,67,60,3,48,210,0
0,1,75,60,3,3,210,1
0,1,76,60,0,22,210,0
0,1,86,60,2,13,210,1
0,1,90,60,1,7,210,0
0,1,92,60,0,7,210,0
0,1,94,60,5,33,210,1
0,1,95,60,0,39,210,1
0,1,97,60,0,42,210,0
0,1,98,60,1,36,210,1
0,0,4,61,5,17,127,1
0,0,7,61,4,11,127,1
0,0,9,61,1,37,127,1
0,0,11,61,0,41,127,0
0,0,12,61,2,1,127,1
0,0,14,61,4,17,127,0
0,0,16,61,1,16,127,1
0,0,17,61,5,18,127,1
0,0,18,61,4,40,127,1
0,0,20,61,0,39,127,1
0,0,22,61,4,2,127,0
0,0,23,61,0,6,127,1
0,0,24,61,4,41,127,0
0,0,26,61,0,22,127,0
0,0,28,61,2,48,127,1
0,0,29,61,2,23,127,1
0,0,32,61,0,11,127,0
0,0,34,61,5,4,127,1
0,0,39,61,0,47,127,0
0,0,47,61,3,27,127,1
0,0,49,61,5,8,127,1
0,1,57,61,1,13,127,1
0,1,62,61,4,19,127,1
0,1,67,61,3,48,127,0
0,1,72,61,4,15,127,0
0,1,73,61,2,2,127,1
0,1,74,61,4,4,127,0
0,1,75,61,3,3,127,0
0,1,76,61,0,22,127,1
0,1,78,61,1,25,127,0
0,1,79,61,1,46,127,1
0,1,81,61,1,22,127,1
0,1,82,61,2,27,127,0
0,1,86,61,2,13,127,1
0,1,89,61,5,31,127,0
0,1,91,61,5,43,127,0
0,1,92,61,0,7,127,1
0,1,96,61,1,46,127,1
0,0,1,62,2,33,253,1
0,0,2,62,0,3,253,1
0,0,4,62,5,17,253,1
0,0,6,62,3,2,253,1
0,0,9,62,1,37,253,1
0,0,10,62,5,13,253,1
0,0,11,62,0,41,253,1
0,0,12,62,2,1,253,1
0,0,13,62,0,49,253,1
0,0,17,62,5,18,253,1
0,0,23,62,0,6,253,1
0,0,28,62,2,48,253,0
0,0,29,62,2,23,253,1
0,0,31,62,2,13,253,1
0,0,34,62,5,4,253,1
0,0,37,62,1,8,253,1
0,0,43,62,0,44,253,0
0,0,44,62,3,6,253,1
0,0,46,62,2,11,253,1
0,0,48,62,5,4,253,0
0,1,50,62,3,29,253,1
0,1,54,62,3,12,253,1
0,1,60,62,1,22,253,1
0,1,65,62,5,38,253,1
0,1,66,62,0,40,253,1
0,1,70,62,1,17,253,1
0,1,71,62,4,2,253,1
0,1,72,62,4,15,253,1
0,1,73,62,2,2,253,1
0,1,75,62,3,3,253,0
0,1,76,62,0,22,253,1
0,1,80,62,3,4,253,1
0,1,81,62,1,22,253,1
0,1,82,62,2,27,253,1
0,1,85,62,5,12,253,0
0,1,86,62,2,13,253,1
0,1,87,62,3,19,253,1
0,1,90,62,1,7,253,0
0,0,0,63,4,2,194,0
0,0,2,63,0,3,194,1
0,0,5,63,5,36,194,0
0,0,18,63,4,40,194,1
0,0,20,63,0,39,194,1
0,0,21,63,5,30,194,0
0,0,22,63,4,2,194,0
0,0,26,63,0,22,194,0
0,0,28,63,2,48,194,0
0,0,29,63,2,23,194,0
0,0,31,63,2,13,194,0
0,0,33,63,1,36,194,1
0,0,35,63,1,38,194,1
0,0,39,63,0,47,194,1
0,0,40,63,3,38,194,0
0,0,42,63,5,7,194,1
0,0,43,63,0,44,194,1
0,0,46,63,2,11,194,1
0,1,51,63,5,41,194,1
0,1,53,63,1,1,194,1
0,1,54,63,3,12,194,1
0,1,55,63,4,16,194,1
0,1,57,63,1,13,194,1
0,1,59,63,4,34,194,1
0,1,63,63,0,8,194,0
0,1,65,63,5,38,194,0
0,1,70,63,1,17,194,0
0,1,74,63,4,4,194,1
0,1,76,63,0,22,194,1
0,1,80,63,3,4,194,1
0,1,85,63,5,12,194,1
0,1,86,63,2,13,194,1
0,1,87,63,3,19,194,1
0,1,88,63,3,39,194,0
0,1,92,63,0,7,194,0
0,1,94,63,5,33,194,1
0,1,98,63,1,36,194,1
0,1,99,63,5,20,194,1
0,0,3,64,5,5,64,0
0,0,4,64,5,17,64,1
0,0,5,64,5,36,64,1
0,0,11,64,0,41,64,1
0,0,12,64,2,1,64,0
0,0,13,64,0,49,64,1
0,0,14,64,4,17,64,1
0,0,16,64,1,16,64,0
0,0,19,64,1,17,64,1
0,0,21,64,5,30,64,0
0,0,24,64,4,41,64,1
0,0,27,64,5,2,64,1
0,0,30,64,5,26,64,1
0,0,39,64,0,47,64,1
0,0,40,64,3,38,64,0
0,0,45,64,1,49,64,1
0,0,48,64,5,4,64,1
0,1,54,64,3,12,64,1
0,1,63,64,0,8,64,1
0,1,65,64,5,38,64,0
0,1,67,64,3,48,64,0
0,1,69,64,3,16,64,1
0,1,70,64,1,17,64,1
0,1,72,64,4,15,64,1
0,1,73,64,2,2,64,1
0,1,75,64,3,3,64,1
0,1,76,64,0,22,64,1
0,1,77,64,4,1,64,1
0,1,79,64,1,46,64,1
0,1,81,64,1,22,64,1
0,1,83,64,3,39,64,1
0,1,84,64,2,45,64,1
0,1,87,64,3,19,64,1
0,1,89,64,5,31,64,1
0,1,90,64,1,7,64,0
0,1,93,64,5,31,64,1
0,1,95,64,0,39,64,1
0,1,99,64,5,20,64,1
0,0,0,65,4,2,221,1
0,0,1,65,2,33,221,1
0,0,3,65,5,5,221,1
0,0,8,65,4,30,221,1
0,0,9,65,1,37,221,1
0,0,12,65,2,1,221,1
0,0,18,65,4,40,221,1
0,0,19,65,1,17,221,1
0,0,23,65,0,6,221,1
0,0,24,65,4,41,221,1
0,0,29,65,2,23,221,1
0,0,30,65,5,26,221,0
0,0,35,65,1,38,221,1
0,0,37,65,1,8,221,1
0,0,38,65,2,16,221,1
0,0,41,65,4,0,221,0
0,0,44,65,3,6,221,1
0,0,46,65,2,11,221,1
0,0,47,65,3,27,221,1
0,0,49,65,5,8,221,1
0,1,55,65,4,16,221,1
0,1,62,65,4,19,221,1
0,1,65,65,5,38,221,1
0,1,68,65,0,38,221,0
0,1,69,65,3,16,221,1
0,1,71,65,4,2,221,1
0,1,73,65,2,2,221,1
0,1,78,65,1,25,221,1
0,1,80,65,3,4,221,1
0,1,82,65,2,27,221,1
0,1,83,65,3,39,221,0
0,1,86,65,2,13,221,1
0,1,87,65,3,19,221,1
0,1,92,65,0,7,221,1
0,1,94,65,5,33,221,1
0,1,95,65,0,39,221,1
0,1,96,65,1,46,221,1
0,1,99,65,5,20,221,1
0,0,2,66,0,3,243,1
0,0,3,66,5,5,243,1
0,0,4,66,5,17,243,1
0,0,5,66,5,36,243,0
0,0,10,66,5,13,243,1
0,0,13,66,0,49,243,1
0,0,14,66,4,17,243,0
0,0,22,66,4,2,243,0
0,0,23,66,0,6,243,1
0,0,26,66,0,22,243,0
0,0,32,66,0,11,243,1
0,0,33,66,1,36,243,1
0,0,34,66,5,4,243,1
0,0,36,66,5,28,243,1
0,0,38,66,2,16,243,0
0,0,42,66,5,7,243,1
0,1,52,66,2,36,243,1
0,1,55,66,4,16,243,1
0,1,58,66,1,32,243,0
0,1,60,66,1,22,243,1
0,1,62,66,4,19,243,0
0,1,67,66,3,48,243,0
0,1,68,66,0,38,243,1
0,1,71,66,4,2,243,0
0,1,73,66,2,2,243,1
0,1,74,66,4,4,243,1
0,1,76,66,0,22,243,1
0,1,78,66,1,25,243,0
0,1,80,66,3,4,243,1
0,1,83,66,3,39,243,1
0,1,84,66,2,45,243,0
0,1,87,66,3,19,243,1
0,1,88,66,3,39,243,0
0,1,90,66,1,7,243,1
0,1,91,66,5,43,243,0
0,1,95,66,0,39,243,1
0,1,97,66,0,42,243,0
0,1,98,66,1,36,243,1
0,0,1,67,2,33,99,1
0,0,2,67,0,3,99,1
0,0,5,67,5,36,99,0
0,0,14,67,4,17,99,1
0,0,19,67,1,17,99,1
0,0,20,67,0,39,99,0
0,0,24,67,4,41,99,1
0,0,26,67,0,22,99,0
0,0,30,67,5,26,99,1
0,0,35,67,1,38,99,1
0,0,36,67,5,28,99,0
0,0,42,67,5,7,99,1
0,0,43,67,0,44,99,0
0,0,48,67,5,4,99,1
0,1,50,67,3,29,99,1
0,1,51,67,5,41,99,0
0,1,54,67,3,12,99,1
0,1,60,67,1,22,99,0
0,1,67,67,3,48,99,0
0,1,70,67,1,17,99,1
0,1,71,67,4,2,99,0
0,1,74,67,4,4,99,0
0,1,75,67,3,3,99,0
0,1,76,67,0,22,99,0
0,1,79,67,1,46,99,1
0,1,80,67,3,4,99,1
0,1,81,67,1,22,99,1
0,1,84,67,2,45,99,1
0,1,85,67,5,12,99,1
0,1,86,67,2,13,99,0
0,1,87,67,3,19,99,1
0,1,90,67,1,7,99,0
0,1,92,67,0,7,99,0
0,1,93,67,5,31,99,0
0,1,94,67,5,33,99,0
0,1,95,67,0,39,99,1
0,1,96,67,1,46,99,1
0,1,99,67,5,20,99,1
0,0,1,68,2,33,42,0
0,0,2,68,0,3,42,1
0,0,3,68,5,5,42,0
0,0,4,68,5,17,42,1
0,0,6,68,3,2,42,1
0,0,7,68,4,11,42,1
0,0,9,68,1,37,42,1
0,0,10,68,5,13,42,1
0,0,14,68,4,17,42,0
0,0,16,68,1,16,42,0
0,0,20,68,0,39,42,1
0,0,21,68,5,30,42,0
0,0,23,68,0,6,42,1
0,0,26,68,0,22,42,1
0,0,28,68,2,48,42,1
0,0,31,68,2,13,42,1
0,0,32,68,0,11,42,0
0,0,33,68,1,36,42,1
0,0,34,68,5,4,42,1
0,0,36,68,5,28,42,0
0,0,39,68,0,47,42,1
0,0,42,68,5,7,42,1
0,0,44,68,3,6,42,1
0,0,45,68,1,49,42,0
0,1,54,68,3,12,42,1
0,1,58,68,1,32,42,1
0,1,62,68,4,19,42,1
0,1,63,68,0,8,42,1
0,1,66,68,0,40,42,0
0,1,70,68,1,17,42,1
0,1,85,68,5,12,42,1
0,1,87,68,3,19,42,1
0,1,92,68,0,7,42,1
0,1,93,68,5,31,42,1
0,1,95,68,0,39,42,1
0,1,96,68,1,46,42,1
0,1,97,68,0,42,42,0
0,1,99,68,5,20,42,1
0,0,2,69,0,3,59,1
0,0,3,69,5,5,59,1
0,0,6,69,3,2,59,0
0,0,8,69,4,30,59,1
0,0,9,69,1,37,59,1
0,0,12,69,2,1,59,1
0,0,14,69,4,17,59,1
0,0,15,69,1,24,59,0
0,0,16,69,1,16,59,0
0,0,20,69,0,39,59,1
0,0,21,69,5,30,59,0
0,0,23,69,0,6,59,1
0,0,25,69,2,5,59,1
0,0,28,69,2,48,59,1
0,0,30,69,5,26,59,1
0,0,31,69,2,13,59,1
0,0,32,69,0,11,59,0
0,0,33,69,1,36,59,1
0,0,36,69,5,28,59,0
0,0,40,69,3,38,59,0
0,0,47,69,3,27,59,0
0,1,50,69,3,29,59,1
0,1,54,69,3,12,59,1
0,1,57,69,1,13,59,1
0,1,58,69,1,32,59,1
0,1,61,69,4,21,59,1
0,1,62,69,4,19,59,1
0,1,66,69,0,40,59,1
0,1,67,69,3,48,59,1
0,1,74,69,4,4,59,1
0,1,76,69,0,22,59,0
0,1,81,69,1,22,59,1
0,1,83,69,3,39,59,1
0,1,86,69,2,13,59,1
0,1,88,69,3,39,59,1
0,1,93,69,5,31,59,1
0,1,95,69,0,39,59,0
0,1,98,69,1,36,59,1
0,0,1,70,2,33,14,1
0,0,3,70,5,5,14,0
0,0,4,70,5,17,14,1
0,0,7,70,4,11,14,1
0,0,16,70,1,16,14,1
0,0,18,70,4,40,14,1
0,0,19,70,1,17,14,1
0,0,25,70,2,5,14,0
0,0,26,70,0,22,14,1
0,0,28,70,2,48,14,0
0,0,29,70,2,23,14,0
0,0,30,70,5,26,14,1
0,0,32,70,0,11,14,0
0,0,34,70,5,4,14,1
0,0,35,70,1,38,14,1
0,0,36,70,5,28,14,0
0,0,37,70,1,8,14,1
0,0,41,70,4,0,14,1
0,0,45,70,1,49,14,1
0,1,52,70,2,36,14,1
0,1,54,70,3,12,14,1
0,1,57,70,1,13,14,1
0,1,58,70,1,32,14,1
0,1,63,70,0,8,14,1
0,1,67,70,3,48,14,0
0,1,70,70,1,17,14,0
0,1,77,70,4,1,14,1
0,1,78,70,1,25,14,0
0,1,79,70,1,46,14,1
0,1,81,70,1,22,14,1
0,1,82,70,2,27,14,1
0,1,84,70,2,45,14,0
0,1,86,70,2,13,14,1
0,1,89,70,5,31,14,1
0,1,93,70,5,31,14,1
0,1,94,70,5,33,14,1
0,1,96,70,1,46,14,1
0,1,98,70,1,36,14,1
0,0,1,71,2,33,252,1
0,0,2,71,0,3,252,1
0,0,6,71,3,2,252,1
0,0,8,71,4,30,252,0
0,0,10,71,5,13,252,1
0,0,11,71,0,41,252,0
0,0,12,71,2,1,252,1
0,0,15,71,1,24,252,1
0,0,17,71,5,18,252,1
0,0,26,71,0,22,252,1
0,0,29,71,2,23,252,1
0,0,34,71,5,4,252,1
0,0,35,71,1,38,252,1
0,0,36,71,5,28,252,0
0,0,37,71,1,8,252,1
0,0,40,71,3,38,252,1
0,1,52,71,2,36,252,1
0,1,54,71,3,12,252,1
0,1,56,71,2,25,252,1
0,1,58,71,1,32,252,1
0,1,59,71,4,34,252,1
0,1,64,71,1,11,252,1
0,1,65,71,5,38,252,0
0,1,66,71,0,40,252,1
0,1,67,71,3,48,252,0
0,1,68,71,0,38,252,1
0,1,70,71,1,17,252,0
0,1,73,71,2,2,252,1
0,1,75,71,3,3,252,1
0,1,76,71,0,22,252,1
0,1,77,71,4,1,252,1
0,1,78,71,1,25,252,1
0,1,83,71,3,39,252,1
0,1,85,71,5,12,252,1
0,1,86,71,2,13,252,0
0,1,89,71,5,31,252,0
0,1,91,71,5,43,252,1
0,1,93,71,5,31,252,1
0,0,0,72,4,2,222,1
0,0,1,72,2,33,222,0
0,0,6,72,3,2,222,0
0,0,10,72,5,13,222,1
0,0,12,72,2,1,222,1
0,0,14,72,4,17,222,0
0,0,15,72,1,24,222,0
0,0,17,72,5,18,222,1
0,0,20,72,0,39,222,0
0,0,23,72,0,6,222,1
0,0,25,72,2,5,222,0
0,0,27,72,5,2,222,1
0,0,28,72,2,48,222,1
0,0,36,72,5,28,222,1
0,0,37,72,1,8,222,1
0,0,39,72,0,47,222,1
0,0,40,72,3,38,222,1
0,0,41,72,4,0,222,0
0,0,44,72,3,6,222,1
0,0,47,72,3,27,222,1
0,1,50,72,3,29,222,1
0,1,51,72,5,41,222,1
0,1,54,72,3,12,222,1
0,1,56,72,2,25,222,1
0,1,62,72,4,19,222,1
0,1,68,72,0,38,222,0
0,1,69,72,3,16,222,1
0,1,70,72,1,17,222,0
0,1,72,72,4,15,222,1
0,1,73,72,2,2,222,1
0,1,79,72,1,46,222,1
0,1,83,72,3,39,222,0
0,1,88,72,3,39,222,0
0,1,93,72,5,31,222,1
0,1,94,72,5,33,222,0
0,1,96,72,1,46,222,1
0,1,97,72,0,42,222,1
0,1,99,72,5,20,222,1
0,0,3,73,5,5,124,1
0,0,5,73,5,36,124,0
0,0,7,73,4,11,124,0
0,0,9,73,1,37,124,1
0,0,10,73,5,13,124,1
0,0,12,73,2,1,124,1
0,0,15,73,1,24,124,1
0,0,16,73,1,16,124,0
0,0,18,73,4,40,124,1
0,0,24,73,4,41,124,1
0,0,30,73,5,26,124,1
0,0,34,73,5,4,124,1
0,0,38,73,2,16,124,1
0,0,42,73,5,7,124,1
0,0,45,73,1,49,124,1
0,0,48,73,5,4,124,1
0,1,50,73,3,29,124,1
0,1,57,73,1,13,124,1
0,1,58,73,1,32,124,1
0,1,59,73,4,34,124,1
0,1,61,73,4,21,124,1
0,1,64,73,1,11,124,1
0,1,65,73,5,38,124,1
0,1,67,73,3,48,124,1
0,1,68,73,0,38,124,1
0,1,69,73,3,16,124,1
0,1,70,73,1,17,124,0
0,1,71,73,4,2,124,1
0,1,74,73,4,4,124,1
0,1,77,73,4,1,124,1
0,1,78,73,1,25,124,1
0,1,85,73,5,12,124,1
0,1,86,73,2,13,124,1
0,1,87,73,3,19,124,1
0,1,89,73,5,31,124,1
0,1,91,73,5,43,124,1
0,1,94,73,5,33,124,1
0,1,95,73,0,39,124,1
0,0,2,74,0,3,125,1
0,0,6,74,3,2,125,1
0,0,9,74,1,37,125,1
0,0,11,74,0,41,125,0
0,0,12,74,2,1,125,0
0,0,14,74,4,17,125,1
0,0,18,74,4,40,125,1
0,0,19,74,1,17,125,0
0,0,21,74,5,30,125,0
0,0,28,74,2,48,125,1
0,0,29,74,2,23,125,1
0,0,30,74,5,26,125,1
0,0,33,74,1,36,125,1
0,0,37,74,1,8,125,1
0,0,38,74,2,16,125,0
0,0,39,74,0,47,125,0
0,0,41,74,4,0,125,1
0,0,43,74,0,44,125,0
0,0,48,74,5,4,125,1
0,1,52,74,2,36,125,1
0,1,53,74,1,1,125,1
0,1,54,74,3,12,125,1
0,1,55,74,4,16,125,1
0,1,57,74,1,13,125,1
0,1,60,74,1,22,125,1
0,1,61,74,4,21,125,1
0,1,64,74,1,11,125,1
0,1,65,74,5,38,125,1
0,1,67,74,3,48,125,1
0,1,70,74,1,17,125,1
0,1,75,74,3,3,125,0
0,1,79,74,1,46,125,1
0,1,81,74,1,22,125,1
0,1,86,74,2,13,125,1
0,1,88,74,3,39,125,1
0,1,91,74,5,43,125,0
0,1,95,74,0,39,125,1
0,1,99,74,5,20,125,1
0,0,2,75,0,3,144,1
0,0,4,75,5,17,144,1
0,0,5,75,5,36,144,1
0,0,6,75,3,2,144,1
0,0,11,75,0,41,144,1
0,0,13,75,0,49,144,1
0,0,15,75,1,24,144,0
0,0,16,75,1,16,144,0
0,0,17,75,5,18,144,1
0,0,18,75,4,40,144,1
0,0,22,75,4,2,144,0
0,0,24,75,4,41,144,1
0,0,25,75,2,5,144,0
0,0,27,75,5,2,144,1
0,0,28,75,2,48,144,0
0,0,30,75,5,26,144,1
0,0,32,75,0,11,144,1
0,0,37,75,1,8,144,0
0,0,38,75,2,16,144,1
0,0,39,75,0,47,144,1
0,0,45,75,1,49,144,1
0,0,49,75,5,8,144,1
0,1,50,75,3,29,144,1
0,1,51,75,5,41,144,0
0,1,52,75,2,36,144,1
0,1,65,75,5,38,144,0
0,1,68,75,0,38,144,1
0,1,69,75,3,16,144,1
0,1,80,75,3,4,144,1
0,1,82,75,2,27,144,0
0,1,83,75,3,39,144,1
0,1,86,75,2,13,144,1
0,1,87,75,3,19,144,1
0,1,88,75,3,39,144,1
0,1,91,75,5,43,144,1
0,1,92,75,0,7,144,1
0,1,95,75,0,39,144,1
0,1,99,75,5,20,144,1
0,0,1,76,2,33,279,1
0,0,3,76,5,5,279,0
0,0,4,76,5,17,279,0
0,0,6,76,3,2,279,1
0,0,12,76,2,1,279,1
0,0,18,76,4,40,279,1
0,0,19,76,1,17,279,0
0,0,21,76,5,30,279,0
0,0,22,76,4,2,279,0
0,0,23,76,0,6,279,1
0,0,24,76,4,41,279,1
0,0,26,76,0,22,279,0
0,0,27,76,5,2,279,0
0,0,28,76,2,48,279,1
0,0,30,76,5,26,279,1
0,0,33,76,1,36,279,1
0,0,34,76,5,4,279,0
0,0,36,76,5,28,279,0
0,0,47,76,3,27,279,1
0,1,50,76,3,29,279,1
0,1,54,76,3,12,279,1
0,1,58,76,1,32,279,1
0,1,62,76,4,19,279,1
0,1,64,76,1,11,279,1
0,1,70,76,1,17,279,0
0,1,71,76,4,2,279,0
0,1,73,76,2,2,279,1
0,1,76,76,0,22,279,0
0,1,77,76,4,1,279,1
0,1,78,76,1,25,279,0
0,1,82,76,2,27,279,0
0,1,87,76,3,19,279,1
0,1,89,76,5,31,279,1
0,1,90,76,1,7,279,1
0,1,93,76,5,31,279,1
0,1,94,76,5,33,279,1
0,1,97,76,0,42,279,0
0,1,98,76,1,36,279,1
0,0,1,77,2,33,319,1
0,0,3,77,5,5,319,0
0,0,6,77,3,2,319,0
0,0,7,77,4,11,319,1
0,0,9,77,1,37,319,1
0,0,10,77,5,13,319,1
0,0,11,77,0,41,319,1
0,0,12,77,2,1,319,1
0,0,13,77,0,49,319,1
0,0,19,77,1,17,319,1
0,0,22,77,4,2,319,0
0,0,23,77,0,6,319,1
0,0,24,77,4,41,319,1
0,0,28,77,2,48,319,1
0,0,30,77,5,26,319,1
0,0,31,77,2,13,319,1
0,0,32,77,0,11,319,1
0,0,37,77,1,8,319,1
0,0,38,77,2,16,319,0
0,0,40,77,3,38,319,0
0,0,43,77,0,44,319,1
0,0,46,77,2,11,319,1
0,1,50,77,3,29,319,1
0,1,52,77,2,36,319,1
0,1,53,77,1,1,319,1
0,1,57,77,1,13,319,1
0,1,60,77,1,22,319,0
0,1,63,77,0,8,319,0
0,1,65,77,5,38,319,1
0,1,66,77,0,40,319,1
0,1,73,77,2,2,319,1
0,1,74,77,4,4,319,0
0,1,75,77,3,3,319,0
0,1,77,77,4,1,319,1
0,1,87,77,3,19,319,1
0,1,91,77,5,43,319,0
0,1,93,77,5,31,319,0
0,1,99,77,5,20,319,1
0,0,1,78,2,33,28,1
0,0,2,78,0,3,28,1
0,0,4,78,5,17,28,1
0,0,5,78,5,36,28,1
0,0,7,78,4,11,28,1
0,0,8,78,4,30,28,0
0,0,10,78,5,13,28,1
0,0,12,78,2,1,28,1
0,0,16,78,1,16,28,1
0,0,17,78,5,18,28,1
0,0,24,78,4,41,28,1
0,0,25,78,2,5,28,1
0,0,29,78,2,23,28,1
0,0,32,78,0,11,28,1
0,0,34,78,5,4,28,1
0,0,35,78,1,38,28,1
0,0,36,78,5,28,28,1
0,0,38,78,2,16,28,0
0,0,42,78,5,7,28,1
0,0,43,78,0,44,28,0
0,0,47,78,3,27,28,1
0,1,53,78,1,1,28,1
0,1,59,78,4,34,28,0
0,1,62,78,4,19,28,1
0,1,66,78,0,40,28,1
0,1,69,78,3,16,28,1
0,1,74,78,4,4,28,0
0,1,75,78,3,3,28,1
0,1,77,78,4,1,28,1
0,1,78,78,1,25,28,1
0,1,79,78,1,46,28,1
0,1,81,78,1,22,28,1
0,1,83,78,3,39,28,1
0,1,86,78,2,13,28,1
0,1,89,78,5,31,28,0
0,1,92,78,0,7,28,0
0,1,93,78,5,31,28,0
0,1,97,78,0,42,28,0
0,0,0,79,4,2,40,1
0,0,2,79,0,3,40,1
0,0,5,79,5,36,40,1
0,0,8,79,4,30,40,0
0,0,9,79,1,37,40,1
0,0,12,79,2,1,40,1
0,0,15,79,1,24,40,1
0,0,19,79,1,17,40,1
0,0,20,79,0,39,40,1
0,0,21,79,5,30,40,1
0,0,23,79,0,6,40,1
0,0,26,79,0,22,40,1
0,0,27,79,5,2,40,1
0,0,28,79,2,48,40,1
0,0,31,79,2,13,40,1
0,0,33,79,1,36,40,1
0,0,37,79,1,8,40,1
0,0,41,79,4,0,40,0
0,0,46,79,2,11,40,1
0,0,47,79,3,27,40,1
0,1,51,79,5,41,40,0
0,1,54,79,3,12,40,1
0,1,56,79,2,25,40,1
0,1,58,79,1,32,40,1
0,1,60,79,1,22,40,1
0,1,62,79,4,19,40,1
0,1,66,79,0,40,40,1
0,1,75,79,3,3,40,1
0,1,76,79,0,22,40,1
0,1,78,79,1,25,40,1
0,1,80,79,3,4,40,1
0,1,81,79,1,22,40,1
0,1,85,79,5,12,40,1
0,1,92,79,0,7,40,0
0,1,94,79,5,33,40,0
0,1,96,79,1,46,40,1
0,1,98,79,1,36,40,1
0,1,99,79,5,20,40,1
